Date,bpi
2012-07-04,1051.0
2012-07-05,1090.0
2012-07-06,1129.0
2012-07-07,1137.0
2012-07-08,1137.0
2012-07-09,1145.0
2012-07-10,1160.0
2012-07-11,1175.0
2012-07-12,1187.0
2012-07-13,1202.0
2012-07-14,1205.5
2012-07-15,1205.5
2012-07-16,1209.0
2012-07-17,1214.0
2012-07-18,1206.0
2012-07-19,1183.0
2012-07-20,1156.0
2012-07-21,1145.0
2012-07-22,1145.0
2012-07-23,1134.0
2012-07-24,1109.0
2012-07-25,1088.0
2012-07-26,1058.0
2012-07-27,1031.0
2012-07-28,1020.5
2012-07-29,1020.5
2012-07-30,1010.0
2012-07-31,982.0
2012-08-01,954.0
2012-08-02,931.0
2012-08-03,910.0
2012-08-04,900.0
2012-08-05,900.0
2012-08-06,890.0
2012-08-07,868.0
2012-08-08,840.0
2012-08-09,823.0
2012-08-10,814.0
2012-08-11,809.0
2012-08-12,809.0
2012-08-13,804.0
2012-08-14,803.0
2012-08-15,801.0
2012-08-16,801.0
2012-08-17,806.0
2012-08-18,812.5
2012-08-19,812.5
2012-08-20,819.0
2012-08-21,833.0
2012-08-22,843.0
2012-08-23,840.0
2012-08-24,828.0
2012-08-25,820.0
2012-08-26,820.0
2012-08-27,820.0
2012-08-28,812.0
2012-08-29,788.0
2012-08-30,758.0
2012-08-31,735.0
2012-09-01,724.5
2012-09-02,724.5
2012-09-03,714.0
2012-09-04,686.0
2012-09-05,647.0
2012-09-06,617.0
2012-09-07,599.0
2012-09-08,590.5
2012-09-09,590.5
2012-09-10,582.0
2012-09-11,566.0
2012-09-12,545.0
2012-09-13,527.0
2012-09-14,502.0
2012-09-15,492.5
2012-09-16,492.5
2012-09-17,483.0
2012-09-18,474.0
2012-09-19,468.0
2012-09-20,468.0
2012-09-21,467.0
2012-09-22,464.0
2012-09-23,464.0
2012-09-24,461.0
2012-09-25,441.0
2012-09-26,426.0
2012-09-27,418.0
2012-09-28,425.0
2012-09-29,432.0
2012-09-30,432.0
2012-10-01,439.0
2012-10-02,463.0
2012-10-03,496.0
2012-10-04,544.0
2012-10-05,598.0
2012-10-06,622.5
2012-10-07,622.5
2012-10-08,647.0
2012-10-09,712.0
2012-10-10,784.0
2012-10-11,843.0
2012-10-12,871.0
2012-10-13,878.0
2012-10-14,878.0
2012-10-15,885.0
2012-10-16,904.0
2012-10-17,904.0
2012-10-18,895.0
2012-10-19,879.0
2012-10-20,870.0
2012-10-21,870.0
2012-10-22,861.0
2012-10-23,843.0
2012-10-24,825.0
2012-10-25,811.0
2012-10-26,804.0
2012-10-27,801.5
2012-10-28,801.5
2012-10-29,799.0
2012-10-30,792.0
2012-10-31,782.0
2012-11-01,770.0
2012-11-02,766.0
2012-11-03,761.5
2012-11-04,761.5
2012-11-05,757.0
2012-11-06,747.0
2012-11-07,737.0
2012-11-08,726.0
2012-11-09,722.0
2012-11-10,721.0
2012-11-11,721.0
2012-11-12,720.0
2012-11-13,732.0
2012-11-14,774.0
2012-11-15,846.0
2012-11-16,886.0
2012-11-17,894.0
2012-11-18,894.0
2012-11-19,902.0
2012-11-20,933.0
2012-11-21,963.0
2012-11-22,991.0
2012-11-23,1013.0
2012-11-24,1017.0
2012-11-25,1017.0
2012-11-26,1021.0
2012-11-27,1023.0
2012-11-28,1009.0
2012-11-29,994.0
2012-11-30,980.0
2012-12-01,976.5
2012-12-02,976.5
2012-12-03,973.0
2012-12-04,962.0
2012-12-05,949.0
2012-12-06,940.0
2012-12-07,936.0
2012-12-08,932.0
2012-12-09,932.0
2012-12-10,928.0
2012-12-11,914.0
2012-12-12,894.0
2012-12-13,871.0
2012-12-14,839.0
2012-12-15,827.0
2012-12-16,827.0
2012-12-17,815.0
2012-12-18,793.0
2012-12-19,765.0
2012-12-20,734.0
2012-12-21,710.0
2012-12-22,704.5
2012-12-23,704.5
2012-12-24,699.0
2012-12-25,692.0
2012-12-26,692.0
2012-12-27,692.0
2012-12-28,692.0
2012-12-29,692.0
2012-12-30,692.0
2012-12-31,692.0
2013-01-01,692.0
2013-01-02,685.0
2013-01-03,675.0
2013-01-04,670.0
2013-01-05,670.0
2013-01-06,670.0
2013-01-07,670.0
2013-01-08,682.0
2013-01-09,717.0
2013-01-10,754.0
2013-01-11,772.0
2013-01-12,773.0
2013-01-13,773.0
2013-01-14,774.0
2013-01-15,768.0
2013-01-16,754.0
2013-01-17,743.0
2013-01-18,740.0
2013-01-19,738.0
2013-01-20,738.0
2013-01-21,736.0
2013-01-22,729.0
2013-01-23,727.0
2013-01-24,723.0
2013-01-25,718.0
2013-01-26,715.5
2013-01-27,715.5
2013-01-28,713.0
2013-01-29,703.0
2013-01-30,690.0
2013-01-31,677.0
2013-02-01,664.0
2013-02-02,658.5
2013-02-03,658.5
2013-02-04,653.0
2013-02-05,651.0
2013-02-06,657.0
2013-02-07,695.0
2013-02-08,723.0
2013-02-09,730.0
2013-02-10,730.0
2013-02-11,737.0
2013-02-12,749.0
2013-02-13,782.0
2013-02-14,808.0
2013-02-15,832.0
2013-02-16,838.5
2013-02-17,838.5
2013-02-18,845.0
2013-02-19,859.0
2013-02-20,875.0
2013-02-21,892.0
2013-02-22,909.0
2013-02-23,915.5
2013-02-24,915.5
2013-02-25,922.0
2013-02-26,939.0
2013-02-27,961.0
2013-02-28,990.0
2013-03-01,1036.0
2013-03-02,1047.0
2013-03-03,1047.0
2013-03-04,1058.0
2013-03-05,1080.0
2013-03-06,1090.0
2013-03-07,1112.0
2013-03-08,1124.0
2013-03-09,1126.0
2013-03-10,1126.0
2013-03-11,1128.0
2013-03-12,1131.0
2013-03-13,1138.0
2013-03-14,1147.0
2013-03-15,1162.0
2013-03-16,1167.0
2013-03-17,1167.0
2013-03-18,1172.0
2013-03-19,1184.0
2013-03-20,1190.0
2013-03-21,1202.0
2013-03-22,1208.0
2013-03-23,1209.0
2013-03-24,1209.0
2013-03-25,1210.0
2013-03-26,1204.0
2013-03-27,1191.0
2013-03-28,1176.0
2013-03-29,1165.5
2013-03-30,1165.5
2013-03-31,1165.5
2013-04-01,1165.5
2013-04-02,1155.0
2013-04-03,1129.0
2013-04-04,1106.0
2013-04-05,1094.0
2013-04-06,1089.0
2013-04-07,1089.0
2013-04-08,1084.0
2013-04-09,1077.0
2013-04-10,1080.0
2013-04-11,1095.0
2013-04-12,1112.0
2013-04-13,1118.5
2013-04-14,1118.5
2013-04-15,1125.0
2013-04-16,1143.0
2013-04-17,1167.0
2013-04-18,1180.0
2013-04-19,1196.0
2013-04-20,1199.0
2013-04-21,1199.0
2013-04-22,1202.0
2013-04-23,1193.0
2013-04-24,1165.0
2013-04-25,1121.0
2013-04-26,1082.0
2013-04-27,1070.0
2013-04-28,1070.0
2013-04-29,1058.0
2013-04-30,1028.0
2013-05-01,1018.0
2013-05-02,1010.0
2013-05-03,1006.0
2013-05-04,1002.5
2013-05-05,1002.5
2013-05-06,1002.5
2013-05-07,999.0
2013-05-08,995.0
2013-05-09,995.0
2013-05-10,994.0
2013-05-11,993.5
2013-05-12,993.5
2013-05-13,993.0
2013-05-14,988.0
2013-05-15,974.0
2013-05-16,951.0
2013-05-17,930.0
2013-05-18,923.5
2013-05-19,923.5
2013-05-20,917.0
2013-05-21,899.0
2013-05-22,880.0
2013-05-23,863.0
2013-05-24,854.0
2013-05-25,846.0
2013-05-26,846.0
2013-05-27,846.0
2013-05-28,838.0
2013-05-29,821.0
2013-05-30,806.0
2013-05-31,795.0
2013-06-01,790.5
2013-06-02,790.5
2013-06-03,786.0
2013-06-04,776.0
2013-06-05,768.0
2013-06-06,764.0
2013-06-07,764.0
2013-06-08,765.0
2013-06-09,765.0
2013-06-10,766.0
2013-06-11,777.0
2013-06-12,808.0
2013-06-13,833.0
2013-06-14,859.0
2013-06-15,868.5
2013-06-16,868.5
2013-06-17,878.0
2013-06-18,892.0
2013-06-19,909.0
2013-06-20,920.0
2013-06-21,927.0
2013-06-22,932.0
2013-06-23,932.0
2013-06-24,937.0
2013-06-25,959.0
2013-06-26,976.0
2013-06-27,994.0
2013-06-28,1007.0
2013-06-29,1010.5
2013-06-30,1010.5
2013-07-01,1014.0
2013-07-02,1016.0
2013-07-03,1017.0
2013-07-04,1012.0
2013-07-05,1008.0
2013-07-06,1005.0
2013-07-07,1005.0
2013-07-08,1002.0
2013-07-09,1006.0
2013-07-10,1024.0
2013-07-11,1062.0
2013-07-12,1097.0
2013-07-13,1107.5
2013-07-14,1107.5
2013-07-15,1118.0
2013-07-16,1136.0
2013-07-17,1153.0
2013-07-18,1165.0
2013-07-19,1172.0
2013-07-20,1171.0
2013-07-21,1171.0
2013-07-22,1170.0
2013-07-23,1159.0
2013-07-24,1145.0
2013-07-25,1123.0
2013-07-26,1104.0
2013-07-27,1097.0
2013-07-28,1097.0
2013-07-29,1090.0
2013-07-30,1075.0
2013-07-31,1057.0
2013-08-01,1041.0
2013-08-02,1021.0
2013-08-03,1015.0
2013-08-04,1015.0
2013-08-05,1009.0
2013-08-06,992.0
2013-08-07,977.0
2013-08-08,962.0
2013-08-09,948.0
2013-08-10,944.0
2013-08-11,944.0
2013-08-12,940.0
2013-08-13,933.0
2013-08-14,928.0
2013-08-15,926.0
2013-08-16,923.0
2013-08-17,920.0
2013-08-18,920.0
2013-08-19,917.0
2013-08-20,912.0
2013-08-21,905.0
2013-08-22,904.0
2013-08-23,903.0
2013-08-24,903.5
2013-08-25,903.5
2013-08-26,903.5
2013-08-27,904.0
2013-08-28,901.0
2013-08-29,904.0
2013-08-30,907.0
2013-08-31,909.5
2013-09-01,909.5
2013-09-02,912.0
2013-09-03,921.0
2013-09-04,933.0
2013-09-05,961.0
2013-09-06,1020.0
2013-09-07,1062.5
2013-09-08,1062.5
2013-09-09,1105.0
2013-09-10,1186.0
2013-09-11,1241.0
2013-09-12,1278.0
2013-09-13,1306.0
2013-09-14,1313.5
2013-09-15,1313.5
2013-09-16,1321.0
2013-09-17,1349.0
2013-09-18,1385.0
2013-09-19,1415.0
2013-09-20,1453.0
2013-09-21,1481.0
2013-09-22,1481.0
2013-09-23,1509.0
2013-09-24,1602.0
2013-09-25,1745.0
2013-09-26,1794.0
2013-09-27,1800.0
2013-09-28,1797.5
2013-09-29,1797.5
2013-09-30,1795.0
2013-10-01,1786.0
2013-10-02,1813.0
2013-10-03,1862.0
2013-10-04,1914.0
2013-10-05,1930.5
2013-10-06,1930.5
2013-10-07,1947.0
2013-10-08,1989.0
2013-10-09,2016.0
2013-10-10,2027.0
2013-10-11,2024.0
2013-10-12,2022.0
2013-10-13,2022.0
2013-10-14,2020.0
2013-10-15,2021.0
2013-10-16,2030.0
2013-10-17,2059.0
2013-10-18,2060.0
2013-10-19,2057.0
2013-10-20,2057.0
2013-10-21,2054.0
2013-10-22,2038.0
2013-10-23,2010.0
2013-10-24,1959.0
2013-10-25,1904.0
2013-10-26,1879.5
2013-10-27,1879.5
2013-10-28,1855.0
2013-10-29,1790.0
2013-10-30,1716.0
2013-10-31,1667.0
2013-11-01,1631.0
2013-11-02,1621.5
2013-11-03,1621.5
2013-11-04,1612.0
2013-11-05,1617.0
2013-11-06,1614.0
2013-11-07,1594.0
2013-11-08,1565.0
2013-11-09,1553.5
2013-11-10,1553.5
2013-11-11,1542.0
2013-11-12,1510.0
2013-11-13,1474.0
2013-11-14,1438.0
2013-11-15,1409.0
2013-11-16,1395.5
2013-11-17,1395.5
2013-11-18,1382.0
2013-11-19,1353.0
2013-11-20,1346.0
2013-11-21,1345.0
2013-11-22,1362.0
2013-11-23,1374.5
2013-11-24,1374.5
2013-11-25,1387.0
2013-11-26,1427.0
2013-11-27,1510.0
2013-11-28,1613.0
2013-11-29,1665.0
2013-11-30,1680.0
2013-12-01,1680.0
2013-12-02,1695.0
2013-12-03,1741.0
2013-12-04,1795.0
2013-12-05,1867.0
2013-12-06,1923.0
2013-12-07,1939.0
2013-12-08,1939.0
2013-12-09,1955.0
2013-12-10,1997.0
2013-12-11,2050.0
2013-12-12,2085.0
2013-12-13,2096.0
2013-12-14,2089.0
2013-12-15,2089.0
2013-12-16,2082.0
2013-12-17,2025.0
2013-12-18,1946.0
2013-12-19,1883.0
2013-12-20,1858.0
2013-12-21,1846.5
2013-12-22,1846.5
2013-12-23,1835.0
2013-12-24,1825.0
2013-12-25,1802.5
2013-12-26,1802.5
2013-12-27,1802.5
2013-12-28,1802.5
2013-12-29,1802.5
2013-12-30,1802.5
2013-12-31,1802.5
2014-01-01,1802.5
2014-01-02,1780.0
2014-01-03,1750.0
2014-01-04,1737.0
2014-01-05,1737.0
2014-01-06,1724.0
2014-01-07,1692.0
2014-01-08,1672.0
2014-01-09,1645.0
2014-01-10,1621.0
2014-01-11,1609.5
2014-01-12,1609.5
2014-01-13,1598.0
2014-01-14,1580.0
2014-01-15,1572.0
2014-01-16,1570.0
2014-01-17,1564.0
2014-01-18,1558.0
2014-01-19,1558.0
2014-01-20,1552.0
2014-01-21,1530.0
2014-01-22,1496.0
2014-01-23,1468.0
2014-01-24,1437.0
2014-01-25,1425.0
2014-01-26,1425.0
2014-01-27,1413.0
2014-01-28,1387.0
2014-01-29,1369.0
2014-01-30,1347.0
2014-01-31,1337.0
2014-02-01,1331.5
2014-02-02,1331.5
2014-02-03,1326.0
2014-02-04,1313.0
2014-02-05,1307.0
2014-02-06,1307.0
2014-02-07,1304.0
2014-02-08,1304.5
2014-02-09,1304.5
2014-02-10,1305.0
2014-02-11,1322.0
2014-02-12,1324.0
2014-02-13,1313.0
2014-02-14,1311.0
2014-02-15,1309.5
2014-02-16,1309.5
2014-02-17,1308.0
2014-02-18,1298.0
2014-02-19,1282.0
2014-02-20,1261.0
2014-02-21,1244.0
2014-02-22,1233.0
2014-02-23,1233.0
2014-02-24,1222.0
2014-02-25,1187.0
2014-02-26,1154.0
2014-02-27,1123.0
2014-02-28,1099.0
2014-03-01,1089.5
2014-03-02,1089.5
2014-03-03,1080.0
2014-03-04,1062.0
2014-03-05,1053.0
2014-03-06,1056.0
2014-03-07,1075.0
2014-03-08,1081.5
2014-03-09,1081.5
2014-03-10,1088.0
2014-03-11,1104.0
2014-03-12,1102.0
2014-03-13,1106.0
2014-03-14,1113.0
2014-03-15,1114.5
2014-03-16,1114.5
2014-03-17,1116.0
2014-03-18,1118.0
2014-03-19,1120.0
2014-03-20,1120.0
2014-03-21,1112.0
2014-03-22,1109.5
2014-03-23,1109.5
2014-03-24,1107.0
2014-03-25,1088.0
2014-03-26,1062.0
2014-03-27,1018.0
2014-03-28,978.0
2014-03-29,960.0
2014-03-30,960.0
2014-03-31,942.0
2014-04-01,897.0
2014-04-02,867.0
2014-04-03,836.0
2014-04-04,822.0
2014-04-05,817.0
2014-04-06,817.0
2014-04-07,812.0
2014-04-08,801.0
2014-04-09,794.0
2014-04-10,787.0
2014-04-11,782.0
2014-04-12,780.0
2014-04-13,780.0
2014-04-14,778.0
2014-04-15,777.0
2014-04-16,792.0
2014-04-17,812.0
2014-04-18,820.0
2014-04-19,820.0
2014-04-20,820.0
2014-04-21,820.0
2014-04-22,828.0
2014-04-23,840.0
2014-04-24,852.0
2014-04-25,864.0
2014-04-26,866.0
2014-04-27,866.0
2014-04-28,868.0
2014-04-29,872.0
2014-04-30,871.0
2014-05-01,871.0
2014-05-02,865.0
2014-05-03,865.5
2014-05-04,865.5
2014-05-05,865.5
2014-05-06,866.0
2014-05-07,869.0
2014-05-08,879.0
2014-05-09,898.0
2014-05-10,904.0
2014-05-11,904.0
2014-05-12,910.0
2014-05-13,933.0
2014-05-14,969.0
2014-05-15,1016.0
2014-05-16,1041.0
2014-05-17,1047.5
2014-05-18,1047.5
2014-05-19,1054.0
2014-05-20,1061.0
2014-05-21,1056.0
2014-05-22,1028.0
2014-05-23,1001.0
2014-05-24,986.0
2014-05-25,986.0
2014-05-26,986.0
2014-05-27,971.0
2014-05-28,940.0
2014-05-29,904.0
2014-05-30,872.0
2014-05-31,859.0
2014-06-01,859.0
2014-06-02,846.0
2014-06-03,816.0
2014-06-04,786.0
2014-06-05,758.0
2014-06-06,727.0
2014-06-07,720.0
2014-06-08,720.0
2014-06-09,713.0
2014-06-10,699.0
2014-06-11,678.0
2014-06-12,635.0
2014-06-13,582.0
2014-06-14,562.0
2014-06-15,562.0
2014-06-16,542.0
2014-06-17,514.0
2014-06-18,492.0
2014-06-19,474.0
2014-06-20,461.0
2014-06-21,456.5
2014-06-22,456.5
2014-06-23,452.0
2014-06-24,446.0
2014-06-25,433.0
2014-06-26,423.0
2014-06-27,419.0
2014-06-28,421.0
2014-06-29,421.0
2014-06-30,423.0
2014-07-01,446.0
2014-07-02,485.0
2014-07-03,557.0
2014-07-04,640.0
2014-07-05,660.0
2014-07-06,660.0
2014-07-07,680.0
2014-07-08,704.0
2014-07-09,710.0
2014-07-10,702.0
2014-07-11,679.0
2014-07-12,672.5
2014-07-13,672.5
2014-07-14,666.0
2014-07-15,644.0
2014-07-16,621.0
2014-07-17,603.0
2014-07-18,586.0
2014-07-19,581.0
2014-07-20,581.0
2014-07-21,576.0
2014-07-22,576.0
2014-07-23,584.0
2014-07-24,596.0
2014-07-25,606.0
2014-07-26,611.0
2014-07-27,611.0
2014-07-28,616.0
2014-07-29,624.0
2014-07-30,625.0
2014-07-31,619.0
2014-08-01,611.0
2014-08-02,610.5
2014-08-03,610.5
2014-08-04,610.0
2014-08-05,609.0
2014-08-06,609.0
2014-08-07,616.0
2014-08-08,624.0
2014-08-09,629.0
2014-08-10,629.0
2014-08-11,634.0
2014-08-12,651.0
2014-08-13,674.0
2014-08-14,739.0
2014-08-15,803.0
2014-08-16,819.5
2014-08-17,819.5
2014-08-18,836.0
2014-08-19,837.0
2014-08-20,828.0
2014-08-21,818.0
2014-08-22,812.0
2014-08-23,810.0
2014-08-24,810.0
2014-08-25,810.0
2014-08-26,808.0
2014-08-27,811.0
2014-08-28,842.0
2014-08-29,871.0
2014-08-30,879.5
2014-08-31,879.5
2014-09-01,888.0
2014-09-02,903.0
2014-09-03,919.0
2014-09-04,927.0
2014-09-05,931.0
2014-09-06,935.5
2014-09-07,935.5
2014-09-08,940.0
2014-09-09,940.0
2014-09-10,916.0
2014-09-11,895.0
2014-09-12,875.0
2014-09-13,867.5
2014-09-14,867.5
2014-09-15,860.0
2014-09-16,843.0
2014-09-17,829.0
2014-09-18,819.0
2014-09-19,814.0
2014-09-20,811.5
2014-09-21,811.5
2014-09-22,809.0
2014-09-23,800.0
2014-09-24,798.0
2014-09-25,799.0
2014-09-26,807.0
2014-09-27,809.5
2014-09-28,809.5
2014-09-29,812.0
2014-09-30,826.0
2014-10-01,854.0
2014-10-02,878.0
2014-10-03,887.0
2014-10-04,888.0
2014-10-05,888.0
2014-10-06,889.0
2014-10-07,884.0
2014-10-08,869.0
2014-10-09,864.0
2014-10-10,865.0
2014-10-11,866.5
2014-10-12,866.5
2014-10-13,868.0
2014-10-14,885.0
2014-10-15,909.0
2014-10-16,940.0
2014-10-17,966.0
2014-10-18,980.5
2014-10-19,980.5
2014-10-20,995.0
2014-10-21,1032.0
2014-10-22,1066.0
2014-10-23,1099.0
2014-10-24,1121.0
2014-10-25,1129.0
2014-10-26,1129.0
2014-10-27,1137.0
2014-10-28,1172.0
2014-10-29,1202.0
2014-10-30,1222.0
2014-10-31,1233.0
2014-11-01,1237.0
2014-11-02,1237.0
2014-11-03,1241.0
2014-11-04,1238.0
2014-11-05,1224.0
2014-11-06,1205.0
2014-11-07,1183.0
2014-11-08,1175.5
2014-11-09,1175.5
2014-11-10,1168.0
2014-11-11,1150.0
2014-11-12,1133.0
2014-11-13,1112.0
2014-11-14,1089.0
2014-11-15,1079.0
2014-11-16,1079.0
2014-11-17,1069.0
2014-11-18,1061.0
2014-11-19,1055.0
2014-11-20,1053.0
2014-11-21,1055.0
2014-11-22,1057.0
2014-11-23,1057.0
2014-11-24,1059.0
2014-11-25,1064.0
2014-11-26,1073.0
2014-11-27,1099.0
2014-11-28,1120.0
2014-11-29,1122.0
2014-11-30,1122.0
2014-12-01,1124.0
2014-12-02,1119.0
2014-12-03,1108.0
2014-12-04,1097.0
2014-12-05,1088.0
2014-12-06,1084.5
2014-12-07,1084.5
2014-12-08,1081.0
2014-12-09,1066.0
2014-12-10,1047.0
2014-12-11,1026.0
2014-12-12,1001.0
2014-12-13,990.5
2014-12-14,990.5
2014-12-15,980.0
2014-12-16,961.0
2014-12-17,945.0
2014-12-18,929.0
2014-12-19,907.0
2014-12-20,899.0
2014-12-21,899.0
2014-12-22,891.0
2014-12-23,872.0
2014-12-24,856.0
2014-12-25,841.5
2014-12-26,841.5
2014-12-27,841.5
2014-12-28,841.5
2014-12-29,841.5
2014-12-30,841.5
2014-12-31,841.5
2015-01-01,841.5
2015-01-02,827.0
2015-01-03,819.0
2015-01-04,819.0
2015-01-05,811.0
2015-01-06,794.0
2015-01-07,780.0
2015-01-08,776.0
2015-01-09,764.0
2015-01-10,763.0
2015-01-11,763.0
2015-01-12,762.0
2015-01-13,766.0
2015-01-14,766.0
2015-01-15,766.0
2015-01-16,759.0
2015-01-17,755.0
2015-01-18,755.0
2015-01-19,751.0
2015-01-20,741.0
2015-01-21,725.0
2015-01-22,704.0
2015-01-23,685.0
2015-01-24,677.0
2015-01-25,677.0
2015-01-26,669.0
2015-01-27,648.0
2015-01-28,620.0
2015-01-29,550.0
2015-01-30,508.0
2015-01-31,494.0
2015-02-01,494.0
2015-02-02,480.0
2015-02-03,454.0
2015-02-04,437.0
2015-02-05,428.0
2015-02-06,430.0
2015-02-07,432.0
2015-02-08,432.0
2015-02-09,434.0
2015-02-10,446.0
2015-02-11,469.0
2015-02-12,489.0
2015-02-13,499.0
2015-02-14,502.0
2015-02-15,502.0
2015-02-16,505.0
2015-02-17,508.0
2015-02-18,514.0
2015-02-19,516.0
2015-02-20,514.0
2015-02-21,513.0
2015-02-22,513.0
2015-02-23,512.0
2015-02-24,514.0
2015-02-25,519.0
2015-02-26,531.0
2015-02-27,540.0
2015-02-28,545.5
2015-03-01,545.5
2015-03-02,551.0
2015-03-03,564.0
2015-03-04,576.0
2015-03-05,583.0
2015-03-06,587.0
2015-03-07,588.5
2015-03-08,588.5
2015-03-09,590.0
2015-03-10,591.0
2015-03-11,588.0
2015-03-12,586.0
2015-03-13,585.0
2015-03-14,586.5
2015-03-15,586.5
2015-03-16,588.0
2015-03-17,595.0
2015-03-18,604.0
2015-03-19,613.0
2015-03-20,617.0
2015-03-21,617.0
2015-03-22,617.0
2015-03-23,617.0
2015-03-24,609.0
2015-03-25,602.0
2015-03-26,599.0
2015-03-27,597.0
2015-03-28,598.5
2015-03-29,598.5
2015-03-30,600.0
2015-03-31,598.0
2015-04-01,596.0
2015-04-02,589.0
2015-04-03,586.5
2015-04-04,586.5
2015-04-05,586.5
2015-04-06,586.5
2015-04-07,584.0
2015-04-08,585.0
2015-04-09,591.0
2015-04-10,600.0
2015-04-11,604.5
2015-04-12,604.5
2015-04-13,609.0
2015-04-14,619.0
2015-04-15,626.0
2015-04-16,636.0
2015-04-17,642.0
2015-04-18,644.0
2015-04-19,644.0
2015-04-20,646.0
2015-04-21,659.0
2015-04-22,669.0
2015-04-23,680.0
2015-04-24,685.0
2015-04-25,686.0
2015-04-26,686.0
2015-04-27,687.0
2015-04-28,685.0
2015-04-29,673.0
2015-04-30,658.0
2015-05-01,647.0
2015-05-02,640.0
2015-05-03,640.0
2015-05-04,640.0
2015-05-05,633.0
2015-05-06,618.0
2015-05-07,603.0
2015-05-08,594.0
2015-05-09,590.0
2015-05-10,590.0
2015-05-11,586.0
2015-05-12,583.0
2015-05-13,584.0
2015-05-14,580.0
2015-05-15,579.0
2015-05-16,578.5
2015-05-17,578.5
2015-05-18,578.0
2015-05-19,574.0
2015-05-20,565.0
2015-05-21,556.0
2015-05-22,549.0
2015-05-23,544.5
2015-05-24,544.5
2015-05-25,544.5
2015-05-26,540.0
2015-05-27,530.0
2015-05-28,525.0
2015-05-29,524.0
2015-05-30,523.0
2015-05-31,523.0
2015-06-01,522.0
2015-06-02,528.0
2015-06-03,544.0
2015-06-04,570.0
2015-06-05,596.0
2015-06-06,602.0
2015-06-07,602.0
2015-06-08,608.0
2015-06-09,630.0
2015-06-10,662.0
2015-06-11,696.0
2015-06-12,719.0
2015-06-13,730.5
2015-06-14,730.5
2015-06-15,742.0
2015-06-16,772.0
2015-06-17,817.0
2015-06-18,847.0
2015-06-19,851.0
2015-06-20,848.0
2015-06-21,848.0
2015-06-22,845.0
2015-06-23,834.0
2015-06-24,829.0
2015-06-25,827.0
2015-06-26,833.0
2015-06-27,835.5
2015-06-28,835.5
2015-06-29,838.0
2015-06-30,845.0
2015-07-01,858.0
2015-07-02,883.0
2015-07-03,908.0
2015-07-04,917.5
2015-07-05,917.5
2015-07-06,927.0
2015-07-07,945.0
2015-07-08,973.0
2015-07-09,1016.0
2015-07-10,1052.0
2015-07-11,1064.0
2015-07-12,1064.0
2015-07-13,1076.0
2015-07-14,1096.0
2015-07-15,1122.0
2015-07-16,1149.0
2015-07-17,1162.0
2015-07-18,1166.0
2015-07-19,1166.0
2015-07-20,1170.0
2015-07-21,1179.0
2015-07-22,1179.0
2015-07-23,1161.0
2015-07-24,1137.0
2015-07-25,1126.0
2015-07-26,1126.0
2015-07-27,1115.0
2015-07-28,1095.0
2015-07-29,1069.0
2015-07-30,1044.0
2015-07-31,1023.0
2015-08-01,1014.5
2015-08-02,1014.5
2015-08-03,1006.0
2015-08-04,1001.0
2015-08-05,1005.0
2015-08-06,1013.0
2015-08-07,1021.0
2015-08-08,1024.5
2015-08-09,1024.5
2015-08-10,1028.0
2015-08-11,1043.0
2015-08-12,1053.0
2015-08-13,1054.0
2015-08-14,1057.0
2015-08-15,1057.0
2015-08-16,1057.0
2015-08-17,1057.0
2015-08-18,1052.0
2015-08-19,1049.0
2015-08-20,1052.0
2015-08-21,1054.0
2015-08-22,1053.0
2015-08-23,1053.0
2015-08-24,1052.0
2015-08-25,1047.0
2015-08-26,1031.0
2015-08-27,1000.0
2015-08-28,974.0
2015-08-29,961.5
2015-08-30,961.5
2015-08-31,961.5
2015-09-01,949.0
2015-09-02,912.0
2015-09-03,870.0
2015-09-04,837.0
2015-09-05,824.5
2015-09-06,824.5
2015-09-07,812.0
2015-09-08,793.0
2015-09-09,776.0
2015-09-10,751.0
2015-09-11,735.0
2015-09-12,729.0
2015-09-13,729.0
2015-09-14,723.0
2015-09-15,720.0
2015-09-16,716.0
2015-09-17,727.0
2015-09-18,753.0
2015-09-19,761.0
2015-09-20,761.0
2015-09-21,769.0
2015-09-22,769.0
2015-09-23,761.0
2015-09-24,751.0
2015-09-25,744.0
2015-09-26,741.0
2015-09-27,741.0
2015-09-28,738.0
2015-09-29,725.0
2015-09-30,712.0
2015-10-01,704.0
2015-10-02,701.0
2015-10-03,700.0
2015-10-04,700.0
2015-10-05,699.0
2015-10-06,700.0
2015-10-07,709.0
2015-10-08,736.0
2015-10-09,761.0
2015-10-10,764.5
2015-10-11,764.5
2015-10-12,768.0
2015-10-13,770.0
2015-10-14,761.0
2015-10-15,742.0
2015-10-16,722.0
2015-10-17,716.0
2015-10-18,716.0
2015-10-19,710.0
2015-10-20,701.0
2015-10-21,693.0
2015-10-22,685.0
2015-10-23,683.0
2015-10-24,682.0
2015-10-25,682.0
2015-10-26,681.0
2015-10-27,686.0
2015-10-28,687.0
2015-10-29,682.0
2015-10-30,675.0
2015-10-31,670.0
2015-11-01,670.0
2015-11-02,665.0
2015-11-03,653.0
2015-11-04,636.0
2015-11-05,618.0
2015-11-06,603.0
2015-11-07,596.0
2015-11-08,596.0
2015-11-09,589.0
2015-11-10,575.0
2015-11-11,555.0
2015-11-12,534.0
2015-11-13,514.0
2015-11-14,507.0
2015-11-15,507.0
2015-11-16,500.0
2015-11-17,487.0
2015-11-18,477.0
2015-11-19,468.0
2015-11-20,463.0
2015-11-21,462.0
2015-11-22,462.0
2015-11-23,461.0
2015-11-24,460.0
2015-11-25,463.0
2015-11-26,459.0
2015-11-27,456.0
2015-11-28,454.5
2015-11-29,454.5
2015-11-30,453.0
2015-12-01,450.0
2015-12-02,446.0
2015-12-03,438.0
2015-12-04,433.0
2015-12-05,429.5
2015-12-06,429.5
2015-12-07,426.0
2015-12-08,420.0
2015-12-09,412.0
2015-12-10,408.0
2015-12-11,410.0
2015-12-12,410.0
2015-12-13,410.0
2015-12-14,410.0
2015-12-15,411.0
2015-12-16,415.0
2015-12-17,421.0
2015-12-18,426.0
2015-12-19,429.5
2015-12-20,429.5
2015-12-21,433.0
2015-12-22,445.0
2015-12-23,457.0
2015-12-24,462.0
2015-12-25,463.0
2015-12-26,463.0
2015-12-27,463.0
2015-12-28,463.0
2015-12-29,463.0
2015-12-30,463.0
2015-12-31,463.0
2016-01-01,463.0
2016-01-02,463.0
2016-01-03,463.0
2016-01-04,464.0
2016-01-05,466.0
2016-01-06,464.0
2016-01-07,450.0
2016-01-08,434.0
2016-01-09,427.0
2016-01-10,427.0
2016-01-11,420.0
2016-01-12,411.0
2016-01-13,399.0
2016-01-14,388.0
2016-01-15,381.0
2016-01-16,378.0
2016-01-17,378.0
2016-01-18,375.0
2016-01-19,369.0
2016-01-20,360.0
2016-01-21,346.0
2016-01-22,334.0
2016-01-23,329.5
2016-01-24,329.5
2016-01-25,325.0
2016-01-26,312.0
2016-01-27,303.0
2016-01-28,293.0
2016-01-29,287.0
2016-01-30,284.5
2016-01-31,284.5
2016-02-01,282.0
2016-02-02,282.0
2016-02-03,284.0
2016-02-04,289.0
2016-02-05,295.0
2016-02-06,296.5
2016-02-07,296.5
2016-02-08,298.0
2016-02-09,297.0
2016-02-10,301.0
2016-02-11,312.0
2016-02-12,324.0
2016-02-13,329.0
2016-02-14,329.0
2016-02-15,334.0
2016-02-16,346.0
2016-02-17,357.0
2016-02-18,358.0
2016-02-19,355.0
2016-02-20,352.5
2016-02-21,352.5
2016-02-22,350.0
2016-02-23,346.0
2016-02-24,346.0
2016-02-25,346.0
2016-02-26,352.0
2016-02-27,353.0
2016-02-28,353.0
2016-02-29,354.0
2016-03-01,357.0
2016-03-02,364.0
2016-03-03,374.0
2016-03-04,386.0
2016-03-05,391.5
2016-03-06,391.5
2016-03-07,397.0
2016-03-08,422.0
2016-03-09,447.0
2016-03-10,466.0
2016-03-11,477.0
2016-03-12,479.0
2016-03-13,479.0
2016-03-14,481.0
2016-03-15,481.0
2016-03-16,474.0
2016-03-17,467.0
2016-03-18,463.0
2016-03-19,461.0
2016-03-20,461.0
2016-03-21,459.0
2016-03-22,455.0
2016-03-23,458.0
2016-03-24,466.0
2016-03-25,468.5
2016-03-26,468.5
2016-03-27,468.5
2016-03-28,468.5
2016-03-29,471.0
2016-03-30,484.0
2016-03-31,501.0
2016-04-01,535.0
2016-04-02,549.0
2016-04-03,549.0
2016-04-04,563.0
2016-04-05,596.0
2016-04-06,619.0
2016-04-07,627.0
2016-04-08,643.0
2016-04-09,648.5
2016-04-10,648.5
2016-04-11,654.0
2016-04-12,666.0
2016-04-13,678.0
2016-04-14,700.0
2016-04-15,727.0
2016-04-16,733.5
2016-04-17,733.5
2016-04-18,740.0
2016-04-19,746.0
2016-04-20,747.0
2016-04-21,743.0
2016-04-22,736.0
2016-04-23,731.5
2016-04-24,731.5
2016-04-25,727.0
2016-04-26,718.0
2016-04-27,704.0
2016-04-28,685.0
2016-04-29,667.0
2016-04-30,653.5
2016-05-01,653.5
2016-05-02,653.5
2016-05-03,640.0
2016-05-04,621.0
2016-05-05,607.0
2016-05-06,591.0
2016-05-07,587.5
2016-05-08,587.5
2016-05-09,584.0
2016-05-10,581.0
2016-05-11,583.0
2016-05-12,589.0
2016-05-13,597.0
2016-05-14,597.5
2016-05-15,597.5
2016-05-16,598.0
2016-05-17,604.0
2016-05-18,611.0
2016-05-19,617.0
2016-05-20,614.0
2016-05-21,612.5
2016-05-22,612.5
2016-05-23,611.0
2016-05-24,608.0
2016-05-25,596.0
2016-05-26,586.0
2016-05-27,582.0
2016-05-28,578.0
2016-05-29,578.0
2016-05-30,578.0
2016-05-31,574.0
2016-06-01,568.0
2016-06-02,560.0
2016-06-03,550.0
2016-06-04,547.0
2016-06-05,547.0
2016-06-06,544.0
2016-06-07,542.0
2016-06-08,540.0
2016-06-09,543.0
2016-06-10,543.0
2016-06-11,542.5
2016-06-12,542.5
2016-06-13,542.0
2016-06-14,543.0
2016-06-15,545.0
2016-06-16,545.0
2016-06-17,546.0
2016-06-18,546.0
2016-06-19,546.0
2016-06-20,546.0
2016-06-21,548.0
2016-06-22,556.0
2016-06-23,569.0
2016-06-24,585.0
2016-06-25,593.0
2016-06-26,593.0
2016-06-27,601.0
2016-06-28,618.0
2016-06-29,634.0
2016-06-30,662.0
2016-07-01,691.0
2016-07-02,700.5
2016-07-03,700.5
2016-07-04,710.0
2016-07-05,735.0
2016-07-06,755.0
2016-07-07,779.0
2016-07-08,792.0
2016-07-09,795.5
2016-07-10,795.5
2016-07-11,799.0
2016-07-12,809.0
2016-07-13,819.0
2016-07-14,842.0
2016-07-15,863.0
2016-07-16,868.5
2016-07-17,868.5
2016-07-18,874.0
2016-07-19,879.0
2016-07-20,872.0
2016-07-21,850.0
2016-07-22,827.0
2016-07-23,816.5
2016-07-24,816.5
2016-07-25,806.0
2016-07-26,784.0
2016-07-27,752.0
2016-07-28,719.0
2016-07-29,692.0
2016-07-30,682.5
2016-07-31,682.5
2016-08-01,673.0
2016-08-02,658.0
2016-08-03,648.0
2016-08-04,641.0
2016-08-05,640.0
2016-08-06,639.0
2016-08-07,639.0
2016-08-08,638.0
2016-08-09,642.0
2016-08-10,659.0
2016-08-11,687.0
2016-08-12,703.0
2016-08-13,708.0
2016-08-14,708.0
2016-08-15,713.0
2016-08-16,721.0
2016-08-17,726.0
2016-08-18,727.0
2016-08-19,727.0
2016-08-20,724.0
2016-08-21,724.0
2016-08-22,721.0
2016-08-23,714.0
2016-08-24,706.0
2016-08-25,700.0
2016-08-26,687.0
2016-08-27,680.5
2016-08-28,680.5
2016-08-29,680.5
2016-08-30,674.0
2016-08-31,660.0
2016-09-01,652.0
2016-09-02,644.0
2016-09-03,642.0
2016-09-04,642.0
2016-09-05,640.0
2016-09-06,641.0
2016-09-07,648.0
2016-09-08,655.0
2016-09-09,658.0
2016-09-10,658.5
2016-09-11,658.5
2016-09-12,659.0
2016-09-13,656.0
2016-09-14,649.0
2016-09-15,645.0
2016-09-16,646.0
2016-09-17,648.0
2016-09-18,648.0
2016-09-19,650.0
2016-09-20,657.0
2016-09-21,673.0
2016-09-22,700.0
2016-09-23,722.0
2016-09-24,730.5
2016-09-25,730.5
2016-09-26,739.0
2016-09-27,750.0
2016-09-28,751.0
2016-09-29,741.0
2016-09-30,726.0
2016-10-01,719.5
2016-10-02,719.5
2016-10-03,713.0
2016-10-04,705.0
2016-10-05,699.0
2016-10-06,704.0
2016-10-07,717.0
2016-10-08,723.0
2016-10-09,723.0
2016-10-10,729.0
2016-10-11,745.0
2016-10-12,763.0
2016-10-13,790.0
2016-10-14,819.0
2016-10-15,828.5
2016-10-16,828.5
2016-10-17,838.0
2016-10-18,860.0
2016-10-19,885.0
2016-10-20,905.0
2016-10-21,915.0
2016-10-22,919.0
2016-10-23,919.0
2016-10-24,923.0
2016-10-25,925.0
2016-10-26,925.0
2016-10-27,921.0
2016-10-28,913.0
2016-10-29,909.0
2016-10-30,909.0
2016-10-31,905.0
2016-11-01,895.0
2016-11-02,885.0
2016-11-03,886.0
2016-11-04,885.0
2016-11-05,887.0
2016-11-06,887.0
2016-11-07,889.0
2016-11-08,903.0
2016-11-09,927.0
2016-11-10,956.0
2016-11-11,1011.0
2016-11-12,1034.5
2016-11-13,1034.5
2016-11-14,1058.0
2016-11-15,1162.0
2016-11-16,1263.0
2016-11-17,1353.0
2016-11-18,1388.0
2016-11-19,1387.5
2016-11-20,1387.5
2016-11-21,1387.0
2016-11-22,1382.0
2016-11-23,1387.0
2016-11-24,1385.0
2016-11-25,1389.0
2016-11-26,1394.5
2016-11-27,1394.5
2016-11-28,1400.0
2016-11-29,1424.0
2016-11-30,1465.0
2016-12-01,1486.0
2016-12-02,1508.0
2016-12-03,1524.5
2016-12-04,1524.5
2016-12-05,1541.0
2016-12-06,1563.0
2016-12-07,1565.0
2016-12-08,1547.0
2016-12-09,1508.0
2016-12-10,1488.5
2016-12-11,1488.5
2016-12-12,1469.0
2016-12-13,1419.0
2016-12-14,1332.0
2016-12-15,1234.0
2016-12-16,1126.0
2016-12-17,1081.5
2016-12-18,1081.5
2016-12-19,1037.0
2016-12-20,976.0
2016-12-21,905.0
2016-12-22,866.0
2016-12-23,852.0
2016-12-24,831.5
2016-12-25,831.5
2016-12-26,831.5
2016-12-27,831.5
2016-12-28,831.5
2016-12-29,831.5
2016-12-30,831.5
2016-12-31,831.5
2017-01-01,831.5
2017-01-02,831.5
2017-01-03,811.0
2017-01-04,807.0
2017-01-05,837.0
2017-01-06,892.0
2017-01-07,909.5
2017-01-08,909.5
2017-01-09,927.0
2017-01-10,973.0
2017-01-11,1021.0
2017-01-12,1038.0
2017-01-13,1042.0
2017-01-14,1040.5
2017-01-15,1040.5
2017-01-16,1039.0
2017-01-17,1019.0
2017-01-18,998.0
2017-01-19,981.0
2017-01-20,970.0
2017-01-21,966.0
2017-01-22,966.0
2017-01-23,962.0
2017-01-24,964.0
2017-01-25,972.0
2017-01-26,973.0
2017-01-27,968.0
2017-01-28,966.0
2017-01-29,966.0
2017-01-30,964.0
2017-01-31,951.0
2017-02-01,933.0
2017-02-02,926.0
2017-02-03,922.0
2017-02-04,922.0
2017-02-05,922.0
2017-02-06,922.0
2017-02-07,931.0
2017-02-08,934.0
2017-02-09,940.0
2017-02-10,943.0
2017-02-11,943.5
2017-02-12,943.5
2017-02-13,944.0
2017-02-14,939.0
2017-02-15,933.0
2017-02-16,923.0
2017-02-17,917.0
2017-02-18,913.0
2017-02-19,913.0
2017-02-20,909.0
2017-02-21,906.0
2017-02-22,908.0
2017-02-23,927.0
2017-02-24,947.0
2017-02-25,956.5
2017-02-26,956.5
2017-02-27,966.0
2017-02-28,995.0
2017-03-01,1041.0
2017-03-02,1084.0
2017-03-03,1118.0
2017-03-04,1136.0
2017-03-05,1136.0
2017-03-06,1154.0
2017-03-07,1194.0
2017-03-08,1220.0
2017-03-09,1220.0
2017-03-10,1211.0
2017-03-11,1209.0
2017-03-12,1209.0
2017-03-13,1207.0
2017-03-14,1185.0
2017-03-15,1150.0
2017-03-16,1129.0
2017-03-17,1108.0
2017-03-18,1105.5
2017-03-19,1105.5
2017-03-20,1103.0
2017-03-21,1101.0
2017-03-22,1119.0
2017-03-23,1170.0
2017-03-24,1218.0
2017-03-25,1235.5
2017-03-26,1235.5
2017-03-27,1253.0
2017-03-28,1306.0
2017-03-29,1346.0
2017-03-30,1366.0
2017-03-31,1374.0
2017-04-01,1376.5
2017-04-02,1376.5
2017-04-03,1379.0
2017-04-04,1377.0
2017-04-05,1371.0
2017-04-06,1387.0
2017-04-07,1427.0
2017-04-08,1446.5
2017-04-09,1446.5
2017-04-10,1466.0
2017-04-11,1533.0
2017-04-12,1583.0
2017-04-13,1611.0
2017-04-14,1616.0
2017-04-15,1616.0
2017-04-16,1616.0
2017-04-17,1616.0
2017-04-18,1621.0
2017-04-19,1612.0
2017-04-20,1553.0
2017-04-21,1494.0
2017-04-22,1461.5
2017-04-23,1461.5
2017-04-24,1429.0
2017-04-25,1371.0
2017-04-26,1320.0
2017-04-27,1260.0
2017-04-28,1187.0
2017-04-29,1163.5
2017-04-30,1163.5
2017-05-01,1163.5
2017-05-02,1140.0
2017-05-03,1096.0
2017-05-04,1048.0
2017-05-05,1023.0
2017-05-06,1016.0
2017-05-07,1016.0
2017-05-08,1009.0
2017-05-09,1007.0
2017-05-10,1011.0
2017-05-11,1006.0
2017-05-12,992.0
2017-05-13,985.0
2017-05-14,985.0
2017-05-15,978.0
2017-05-16,956.0
2017-05-17,925.0
2017-05-18,894.0
2017-05-19,870.0
2017-05-20,862.0
2017-05-21,862.0
2017-05-22,854.0
2017-05-23,850.0
2017-05-24,849.0
2017-05-25,848.0
2017-05-26,845.0
2017-05-27,843.5
2017-05-28,843.5
2017-05-29,843.5
2017-05-30,842.0
2017-05-31,829.0
2017-06-01,810.0
2017-06-02,792.0
2017-06-03,790.5
2017-06-04,790.5
2017-06-05,789.0
2017-06-06,783.0
2017-06-07,783.0
2017-06-08,793.0
2017-06-09,813.0
2017-06-10,823.0
2017-06-11,823.0
2017-06-12,833.0
2017-06-13,865.0
2017-06-14,903.0
2017-06-15,938.0
2017-06-16,964.0
2017-06-17,974.0
2017-06-18,974.0
2017-06-19,984.0
2017-06-20,1017.0
2017-06-21,1070.0
2017-06-22,1109.0
2017-06-23,1138.0
2017-06-24,1141.5
2017-06-25,1141.5
2017-06-26,1145.0
2017-06-27,1151.0
2017-06-28,1150.0
2017-06-29,1119.0
2017-06-30,1091.0
2017-07-01,1079.5
2017-07-02,1079.5
2017-07-03,1068.0
2017-07-04,1062.0
2017-07-05,1060.0
2017-07-06,1063.0
2017-07-07,1062.0
2017-07-08,1061.5
2017-07-09,1061.5
2017-07-10,1061.0
2017-07-11,1069.0
2017-07-12,1098.0
2017-07-13,1141.0
2017-07-14,1173.0
2017-07-15,1187.5
2017-07-16,1187.5
2017-07-17,1202.0
2017-07-18,1226.0
2017-07-19,1252.0
2017-07-20,1260.0
2017-07-21,1258.0
2017-07-22,1253.0
2017-07-23,1253.0
2017-07-24,1248.0
2017-07-25,1225.0
2017-07-26,1192.0
2017-07-27,1146.0
2017-07-28,1109.0
2017-07-29,1102.0
2017-07-30,1102.0
2017-07-31,1095.0
2017-08-01,1098.0
2017-08-02,1118.0
2017-08-03,1143.0
2017-08-04,1153.0
2017-08-05,1155.5
2017-08-06,1155.5
2017-08-07,1158.0
2017-08-08,1170.0
2017-08-09,1192.0
2017-08-10,1228.0
2017-08-11,1256.0
2017-08-12,1264.0
2017-08-13,1264.0
2017-08-14,1272.0
2017-08-15,1289.0
2017-08-16,1310.0
2017-08-17,1336.0
2017-08-18,1345.0
2017-08-19,1347.0
2017-08-20,1347.0
2017-08-21,1349.0
2017-08-22,1345.0
2017-08-23,1311.0
2017-08-24,1259.0
2017-08-25,1235.0
2017-08-26,1225.0
2017-08-27,1225.0
2017-08-28,1225.0
2017-08-29,1215.0
2017-08-30,1195.0
2017-08-31,1189.0
2017-09-01,1198.0
2017-09-02,1212.5
2017-09-03,1212.5
2017-09-04,1227.0
2017-09-05,1275.0
2017-09-06,1314.0
2017-09-07,1351.0
2017-09-08,1375.0
2017-09-09,1384.5
2017-09-10,1384.5
2017-09-11,1394.0
2017-09-12,1429.0
2017-09-13,1464.0
2017-09-14,1499.0
2017-09-15,1521.0
2017-09-16,1525.0
2017-09-17,1525.0
2017-09-18,1529.0
2017-09-19,1536.0
2017-09-20,1531.0
2017-09-21,1514.0
2017-09-22,1493.0
2017-09-23,1483.5
2017-09-24,1483.5
2017-09-25,1474.0
2017-09-26,1446.0
2017-09-27,1406.0
2017-09-28,1352.0
2017-09-29,1308.0
2017-09-30,1288.0
2017-10-01,1288.0
2017-10-02,1268.0
2017-10-03,1247.0
2017-10-04,1276.0
2017-10-05,1345.0
2017-10-06,1406.0
2017-10-07,1422.0
2017-10-08,1422.0
2017-10-09,1438.0
2017-10-10,1465.0
2017-10-11,1504.0
2017-10-12,1556.0
2017-10-13,1606.0
2017-10-14,1621.5
2017-10-15,1621.5
2017-10-16,1637.0
2017-10-17,1651.0
2017-10-18,1646.0
2017-10-19,1648.0
2017-10-20,1643.0
2017-10-21,1642.5
2017-10-22,1642.5
2017-10-23,1642.0
2017-10-24,1626.0
2017-10-25,1592.0
2017-10-26,1553.0
2017-10-27,1517.0
2017-10-28,1507.5
2017-10-29,1507.5
2017-10-30,1498.0
2017-10-31,1492.0
2017-11-01,1503.0
2017-11-02,1539.0
2017-11-03,1562.0
2017-11-04,1564.5
2017-11-05,1564.5
2017-11-06,1567.0
2017-11-07,1558.0
2017-11-08,1515.0
2017-11-09,1468.0
2017-11-10,1418.0
2017-11-11,1402.5
2017-11-12,1402.5
2017-11-13,1387.0
2017-11-14,1346.0
2017-11-15,1320.0
2017-11-16,1298.0
2017-11-17,1285.0
2017-11-18,1282.5
2017-11-19,1282.5
2017-11-20,1280.0
2017-11-21,1275.0
2017-11-22,1281.0
2017-11-23,1284.0
2017-11-24,1295.0
2017-11-25,1297.0
2017-11-26,1297.0
2017-11-27,1299.0
2017-11-28,1320.0
2017-11-29,1368.0
2017-11-30,1433.0
2017-12-01,1494.0
2017-12-02,1526.5
2017-12-03,1526.5
2017-12-04,1559.0
2017-12-05,1571.0
2017-12-06,1563.0
2017-12-07,1564.0
2017-12-08,1588.0
2017-12-09,1606.0
2017-12-10,1606.0
2017-12-11,1624.0
2017-12-12,1672.0
2017-12-13,1718.0
2017-12-14,1714.0
2017-12-15,1677.0
2017-12-16,1660.0
2017-12-17,1660.0
2017-12-18,1643.0
2017-12-19,1593.0
2017-12-20,1546.0
2017-12-21,1445.0
2017-12-22,1395.0
2017-12-23,1367.5
2017-12-24,1367.5
2017-12-25,1367.5
2017-12-26,1367.5
2017-12-27,1367.5
2017-12-28,1367.5
2017-12-29,1367.5
2017-12-30,1367.5
2017-12-31,1367.5
2018-01-01,1367.5
2018-01-02,1340.0
2018-01-03,1332.0
2018-01-04,1365.0
2018-01-05,1400.0
2018-01-06,1412.0
2018-01-07,1412.0
2018-01-08,1424.0
2018-01-09,1428.0
2018-01-10,1404.0
2018-01-11,1371.0
2018-01-12,1348.0
2018-01-13,1344.0
2018-01-14,1344.0
2018-01-15,1340.0
2018-01-16,1329.0
2018-01-17,1317.0
2018-01-18,1311.0
2018-01-19,1333.0
2018-01-20,1347.5
2018-01-21,1347.5
2018-01-22,1362.0
2018-01-23,1404.0
2018-01-24,1456.0
2018-01-25,1481.0
2018-01-26,1492.0
2018-01-27,1488.5
2018-01-28,1488.5
2018-01-29,1485.0
2018-01-30,1450.0
2018-01-31,1411.0
2018-02-01,1378.0
2018-02-02,1359.0
2018-02-03,1349.0
2018-02-04,1349.0
2018-02-05,1339.0
2018-02-06,1316.0
2018-02-07,1293.0
2018-02-08,1263.0
2018-02-09,1250.0
2018-02-10,1243.5
2018-02-11,1243.5
2018-02-12,1237.0
2018-02-13,1228.0
2018-02-14,1231.0
2018-02-15,1251.0
2018-02-16,1273.0
2018-02-17,1283.5
2018-02-18,1283.5
2018-02-19,1294.0
2018-02-20,1333.0
2018-02-21,1388.0
2018-02-22,1438.0
2018-02-23,1481.0
2018-02-24,1492.5
2018-02-25,1492.5
2018-02-26,1504.0
2018-02-27,1513.0
2018-02-28,1513.0
2018-03-01,1505.0
2018-03-02,1500.0
2018-03-03,1501.0
2018-03-04,1501.0
2018-03-05,1502.0
2018-03-06,1528.0
2018-03-07,1553.0
2018-03-08,1590.0
2018-03-09,1615.0
2018-03-10,1619.5
2018-03-11,1619.5
2018-03-12,1624.0
2018-03-13,1623.0
2018-03-14,1623.0
2018-03-15,1619.0
2018-03-16,1618.0
2018-03-17,1619.5
2018-03-18,1619.5
2018-03-19,1621.0
2018-03-20,1615.0
2018-03-21,1606.0
2018-03-22,1593.0
2018-03-23,1587.0
2018-03-24,1581.0
2018-03-25,1581.0
2018-03-26,1575.0
2018-03-27,1552.0
2018-03-28,1520.0
2018-03-29,1495.0
2018-03-30,1475.0
2018-03-31,1475.0
2018-04-01,1475.0
2018-04-02,1475.0
2018-04-03,1455.0
2018-04-04,1397.0
2018-04-05,1343.0
2018-04-06,1317.0
2018-04-07,1316.0
2018-04-08,1316.0
2018-04-09,1315.0
2018-04-10,1319.0
2018-04-11,1325.0
2018-04-12,1335.0
2018-04-13,1351.0
2018-04-14,1355.0
2018-04-15,1355.0
2018-04-16,1359.0
2018-04-17,1353.0
2018-04-18,1329.0
2018-04-19,1306.0
2018-04-20,1289.0
2018-04-21,1285.0
2018-04-22,1285.0
2018-04-23,1281.0
2018-04-24,1269.0
2018-04-25,1264.0
2018-04-26,1272.0
2018-04-27,1275.0
2018-04-28,1275.5
2018-04-29,1275.5
2018-04-30,1276.0
2018-05-01,1271.0
2018-05-02,1271.0
2018-05-03,1266.0
2018-05-04,1265.0
2018-05-05,1261.0
2018-05-06,1261.0
2018-05-07,1261.0
2018-05-08,1257.0
2018-05-09,1253.0
2018-05-10,1246.0
2018-05-11,1245.0
2018-05-12,1242.5
2018-05-13,1242.5
2018-05-14,1240.0
2018-05-15,1237.0
2018-05-16,1237.0
2018-05-17,1239.0
2018-05-18,1241.0
2018-05-19,1242.0
2018-05-20,1242.0
2018-05-21,1243.0
2018-05-22,1239.0
2018-05-23,1222.0
2018-05-24,1202.0
2018-05-25,1187.0
2018-05-26,1175.0
2018-05-27,1175.0
2018-05-28,1175.0
2018-05-29,1163.0
2018-05-30,1149.0
2018-05-31,1160.0
2018-06-01,1192.0
2018-06-02,1204.5
2018-06-03,1204.5
2018-06-04,1217.0
2018-06-05,1250.0
2018-06-06,1290.0
2018-06-07,1344.0
2018-06-08,1418.0
2018-06-09,1434.5
2018-06-10,1434.5
2018-06-11,1451.0
2018-06-12,1474.0
2018-06-13,1488.0
2018-06-14,1498.0
2018-06-15,1495.0
2018-06-16,1488.5
2018-06-17,1488.5
2018-06-18,1482.0
2018-06-19,1458.0
2018-06-20,1419.0
2018-06-21,1382.0
2018-06-22,1355.0
2018-06-23,1347.0
2018-06-24,1347.0
2018-06-25,1339.0
2018-06-26,1321.0
2018-06-27,1324.0
2018-06-28,1331.0
2018-06-29,1336.0
2018-06-30,1337.0
2018-07-01,1337.0
2018-07-02,1338.0
2018-07-03,1336.0
2018-07-04,1334.0
2018-07-05,1339.0
2018-07-06,1347.0
2018-07-07,1357.0
2018-07-08,1357.0
2018-07-09,1367.0
2018-07-10,1431.0
2018-07-11,1498.0
2018-07-12,1517.0
2018-07-13,1527.0
2018-07-14,1528.0
2018-07-15,1528.0
2018-07-16,1529.0
2018-07-17,1530.0
2018-07-18,1529.0
2018-07-19,1538.0
2018-07-20,1557.0
2018-07-21,1561.5
2018-07-22,1561.5
2018-07-23,1566.0
2018-07-24,1581.0
2018-07-25,1588.0
2018-07-26,1583.0
2018-07-27,1588.0
2018-07-28,1587.5
2018-07-29,1587.5
2018-07-30,1587.0
2018-07-31,1570.0
2018-08-01,1539.0
2018-08-02,1491.0
2018-08-03,1447.0
2018-08-04,1433.5
2018-08-05,1433.5
2018-08-06,1420.0
2018-08-07,1386.0
2018-08-08,1365.0
2018-08-09,1349.0
2018-08-10,1339.0
2018-08-11,1339.0
2018-08-12,1339.0
2018-08-13,1339.0
2018-08-14,1362.0
2018-08-15,1403.0
2018-08-16,1447.0
2018-08-17,1485.0
2018-08-18,1495.5
2018-08-19,1495.5
2018-08-20,1506.0
2018-08-21,1530.0
2018-08-22,1560.0
2018-08-23,1607.0
2018-08-24,1630.0
2018-08-25,1636.5
2018-08-26,1636.5
2018-08-27,1636.5
2018-08-28,1643.0
2018-08-29,1639.0
2018-08-30,1608.0
2018-08-31,1571.0
2018-09-01,1555.5
2018-09-02,1555.5
2018-09-03,1540.0
2018-09-04,1517.0
2018-09-05,1504.0
2018-09-06,1516.0
2018-09-07,1528.0
2018-09-08,1536.0
2018-09-09,1536.0
2018-09-10,1544.0
2018-09-11,1556.0
2018-09-12,1550.0
2018-09-13,1534.0
2018-09-14,1523.0
2018-09-15,1520.5
2018-09-16,1520.5
2018-09-17,1518.0
2018-09-18,1525.0
2018-09-19,1530.0
2018-09-20,1557.0
2018-09-21,1586.0
2018-09-22,1597.5
2018-09-23,1597.5
2018-09-24,1609.0
2018-09-25,1639.0
2018-09-26,1677.0
2018-09-27,1689.0
2018-09-28,1695.0
2018-09-29,1693.5
2018-09-30,1693.5
2018-10-01,1692.0
2018-10-02,1678.0
2018-10-03,1679.0
2018-10-04,1706.0
2018-10-05,1727.0
2018-10-06,1738.0
2018-10-07,1738.0
2018-10-08,1749.0
2018-10-09,1747.0
2018-10-10,1749.0
2018-10-11,1763.0
2018-10-12,1775.0
2018-10-13,1777.0
2018-10-14,1777.0
2018-10-15,1779.0
2018-10-16,1793.0
2018-10-17,1796.0
2018-10-18,1789.0
2018-10-19,1775.0
2018-10-20,1765.5
2018-10-21,1765.5
2018-10-22,1756.0
2018-10-23,1715.0
2018-10-24,1669.0
2018-10-25,1622.0
2018-10-26,1583.0
2018-10-27,1569.5
2018-10-28,1569.5
2018-10-29,1556.0
2018-10-30,1530.0
2018-10-31,1524.0
2018-11-01,1526.0
2018-11-02,1530.0
2018-11-03,1530.5
2018-11-04,1530.5
2018-11-05,1531.0
2018-11-06,1528.0
2018-11-07,1511.0
2018-11-08,1496.0
2018-11-09,1495.0
2018-11-10,1495.5
2018-11-11,1495.5
2018-11-12,1496.0
2018-11-13,1498.0
2018-11-14,1484.0
2018-11-15,1466.0
2018-11-16,1453.0
2018-11-17,1445.0
2018-11-18,1445.0
2018-11-19,1437.0
2018-11-20,1416.0
2018-11-21,1393.0
2018-11-22,1378.0
2018-11-23,1376.0
2018-11-24,1382.5
2018-11-25,1382.5
2018-11-26,1389.0
2018-11-27,1416.0
2018-11-28,1444.0
2018-11-29,1455.0
2018-11-30,1463.0
2018-12-01,1466.0
2018-12-02,1466.0
2018-12-03,1469.0
2018-12-04,1474.0
2018-12-05,1472.0
2018-12-06,1473.0
2018-12-07,1469.0
2018-12-08,1466.5
2018-12-09,1466.5
2018-12-10,1464.0
2018-12-11,1454.0
2018-12-12,1445.0
2018-12-13,1459.0
2018-12-14,1478.0
2018-12-15,1484.0
2018-12-16,1484.0
2018-12-17,1490.0
2018-12-18,1494.0
2018-12-19,1492.0
2018-12-20,1473.0
2018-12-21,1437.0
2018-12-22,1429.0
2018-12-23,1429.0
2018-12-24,1421.0
2018-12-25,1406.0
2018-12-26,1406.0
2018-12-27,1406.0
2018-12-28,1406.0
2018-12-29,1406.0
2018-12-30,1406.0
2018-12-31,1406.0
2019-01-01,1406.0
2019-01-02,1391.0
2019-01-03,1365.0
2019-01-04,1331.0
2019-01-05,1315.5
2019-01-06,1315.5
2019-01-07,1300.0
2019-01-08,1257.0
2019-01-09,1218.0
2019-01-10,1170.0
2019-01-11,1137.0
2019-01-12,1127.5
2019-01-13,1127.5
2019-01-14,1118.0
2019-01-15,1104.0
2019-01-16,1079.0
2019-01-17,1045.0
2019-01-18,1018.0
2019-01-19,1004.5
2019-01-20,1004.5
2019-01-21,991.0
2019-01-22,950.0
2019-01-23,893.0
2019-01-24,828.0
2019-01-25,748.0
2019-01-26,717.5
2019-01-27,717.5
2019-01-28,687.0
2019-01-29,644.0
2019-01-30,612.0
2019-01-31,574.0
2019-02-01,560.0
2019-02-02,556.0
2019-02-03,556.0
2019-02-04,552.0
2019-02-05,553.0
2019-02-06,553.0
2019-02-07,561.0
2019-02-08,574.0
2019-02-09,580.0
2019-02-10,580.0
2019-02-11,586.0
2019-02-12,600.0
2019-02-13,611.0
2019-02-14,619.0
2019-02-15,624.0
2019-02-16,626.0
2019-02-17,626.0
2019-02-18,628.0
2019-02-19,639.0
2019-02-20,649.0
2019-02-21,657.0
2019-02-22,666.0
2019-02-23,675.5
2019-02-24,675.5
2019-02-25,685.0
2019-02-26,713.0
2019-02-27,752.0
2019-02-28,813.0
2019-03-01,863.0
2019-03-02,881.5
2019-03-03,881.5
2019-03-04,900.0
2019-03-05,924.0
2019-03-06,938.0
2019-03-07,926.0
2019-03-08,894.0
2019-03-09,880.0
2019-03-10,880.0
2019-03-11,866.0
2019-03-12,839.0
2019-03-13,823.0
2019-03-14,841.0
2019-03-15,883.0
2019-03-16,894.0
2019-03-17,894.0
2019-03-18,905.0
2019-03-19,922.0
2019-03-20,962.0
2019-03-21,1009.0
2019-03-22,1027.0
2019-03-23,1031.5
2019-03-24,1031.5
2019-03-25,1036.0
2019-03-26,1053.0
2019-03-27,1056.0
2019-03-28,1087.0
2019-03-29,1102.0
2019-03-30,1106.0
2019-03-31,1106.0
2019-04-01,1110.0
2019-04-02,1120.0
2019-04-03,1127.0
2019-04-04,1124.0
2019-04-05,1114.0
2019-04-06,1107.5
2019-04-07,1107.5
2019-04-08,1101.0
2019-04-09,1085.0
2019-04-10,1074.0
2019-04-11,1071.0
2019-04-12,1073.0
2019-04-13,1082.5
2019-04-14,1082.5
2019-04-15,1092.0
2019-04-16,1119.0
2019-04-17,1147.0
2019-04-18,1162.0
2019-04-19,1166.5
2019-04-20,1166.5
2019-04-21,1166.5
2019-04-22,1166.5
2019-04-23,1171.0
2019-04-24,1177.0
2019-04-25,1182.0
2019-04-26,1186.0
2019-04-27,1187.5
2019-04-28,1187.5
2019-04-29,1189.0
2019-04-30,1188.0
2019-05-01,1187.0
2019-05-02,1189.0
2019-05-03,1190.0
2019-05-04,1189.5
2019-05-05,1189.5
2019-05-06,1189.5
2019-05-07,1189.0
2019-05-08,1188.0
2019-05-09,1193.0
2019-05-10,1198.0
2019-05-11,1204.5
2019-05-12,1204.5
2019-05-13,1211.0
2019-05-14,1229.0
2019-05-15,1243.0
2019-05-16,1252.0
2019-05-17,1255.0
2019-05-18,1255.5
2019-05-19,1255.5
2019-05-20,1256.0
2019-05-21,1258.0
2019-05-22,1268.0
2019-05-23,1287.0
2019-05-24,1304.0
2019-05-25,1313.0
2019-05-26,1313.0
2019-05-27,1313.0
2019-05-28,1322.0
2019-05-29,1337.0
2019-05-30,1340.0
2019-05-31,1335.0
2019-06-01,1330.0
2019-06-02,1330.0
2019-06-03,1325.0
2019-06-04,1304.0
2019-06-05,1285.0
2019-06-06,1246.0
2019-06-07,1213.0
2019-06-08,1200.0
2019-06-09,1200.0
2019-06-10,1187.0
2019-06-11,1166.0
2019-06-12,1149.0
2019-06-13,1137.0
2019-06-14,1131.0
2019-06-15,1128.0
2019-06-16,1128.0
2019-06-17,1125.0
2019-06-18,1117.0
2019-06-19,1110.0
2019-06-20,1101.0
2019-06-21,1096.0
2019-06-22,1103.5
2019-06-23,1103.5
2019-06-24,1111.0
2019-06-25,1150.0
2019-06-26,1191.0
2019-06-27,1243.0
2019-06-28,1286.0
2019-06-29,1301.5
2019-06-30,1301.5
2019-07-01,1317.0
2019-07-02,1370.0
2019-07-03,1433.0
2019-07-04,1569.0
2019-07-05,1665.0
2019-07-06,1680.0
2019-07-07,1680.0
2019-07-08,1695.0
2019-07-09,1739.0
2019-07-10,1791.0
2019-07-11,1881.0
2019-07-12,1945.0
2019-07-13,1968.5
2019-07-14,1968.5
2019-07-15,1992.0
2019-07-16,2052.0
2019-07-17,2085.0
2019-07-18,2134.0
2019-07-19,2170.0
2019-07-20,2185.5
2019-07-21,2185.5
2019-07-22,2201.0
2019-07-23,2219.0
2019-07-24,2209.0
2019-07-25,2180.0
2019-07-26,2109.0
2019-07-27,2079.5
2019-07-28,2079.5
2019-07-29,2050.0
2019-07-30,1969.0
2019-07-31,1891.0
2019-08-01,1818.0
2019-08-02,1779.0
2019-08-03,1766.0
2019-08-04,1766.0
2019-08-05,1753.0
2019-08-06,1759.0
2019-08-07,1791.0
2019-08-08,1839.0
2019-08-09,1898.0
2019-08-10,1915.0
2019-08-11,1915.0
2019-08-12,1932.0
2019-08-13,1999.0
2019-08-14,2089.0
2019-08-15,2150.0
2019-08-16,2169.0
2019-08-17,2171.5
2019-08-18,2171.5
2019-08-19,2174.0
2019-08-20,2161.0
2019-08-21,2163.0
2019-08-22,2181.0
2019-08-23,2196.0
2019-08-24,2207.0
2019-08-25,2207.0
2019-08-26,2207.0
2019-08-27,2218.0
2019-08-28,2235.0
2019-08-29,2249.0
2019-08-30,2260.0
2019-08-31,2261.0
2019-09-01,2261.0
2019-09-02,2262.0
2019-09-03,2261.0
2019-09-04,2250.0
2019-09-05,2234.0
2019-09-06,2216.0
2019-09-07,2203.5
2019-09-08,2203.5
2019-09-09,2191.0
2019-09-10,2161.0
2019-09-11,2144.0
2019-09-12,2129.0
2019-09-13,2133.0
2019-09-14,2133.0
2019-09-15,2133.0
2019-09-16,2133.0
2019-09-17,2121.0
2019-09-18,2089.0
2019-09-19,2052.0
2019-09-20,2013.0
2019-09-21,1995.5
2019-09-22,1995.5
2019-09-23,1978.0
2019-09-24,1939.0
2019-09-25,1900.0
2019-09-26,1846.0
2019-09-27,1804.0
2019-09-28,1785.0
2019-09-29,1785.0
2019-09-30,1766.0
2019-10-01,1745.0
2019-10-02,1725.0
2019-10-03,1722.0
2019-10-04,1731.0
2019-10-05,1739.5
2019-10-06,1739.5
2019-10-07,1748.0
2019-10-08,1804.0
2019-10-09,1852.0
2019-10-10,1899.0
2019-10-11,1916.0
2019-10-12,1922.0
2019-10-13,1922.0
2019-10-14,1928.0
2019-10-15,1918.0
2019-10-16,1888.0
2019-10-17,1861.0
2019-10-18,1840.0
2019-10-19,1829.5
2019-10-20,1829.5
2019-10-21,1819.0
2019-10-22,1795.0
2019-10-23,1770.0
2019-10-24,1748.0
2019-10-25,1695.0
2019-10-26,1670.5
2019-10-27,1670.5
2019-10-28,1646.0
2019-10-29,1608.0
2019-10-30,1574.0
2019-10-31,1543.0
2019-11-01,1513.0
2019-11-02,1495.0
2019-11-03,1495.0
2019-11-04,1477.0
2019-11-05,1436.0
2019-11-06,1385.0
2019-11-07,1340.0
2019-11-08,1290.0
2019-11-09,1268.0
2019-11-10,1268.0
2019-11-11,1246.0
2019-11-12,1207.0
2019-11-13,1170.0
2019-11-14,1137.0
2019-11-15,1118.0
2019-11-16,1115.0
2019-11-17,1115.0
2019-11-18,1112.0
2019-11-19,1116.0
2019-11-20,1127.0
2019-11-21,1129.0
2019-11-22,1129.0
2019-11-23,1124.0
2019-11-24,1124.0
2019-11-25,1119.0
2019-11-26,1111.0
2019-11-27,1121.0
2019-11-28,1167.0
2019-11-29,1225.0
2019-11-30,1253.5
2019-12-01,1253.5
2019-12-02,1282.0
2019-12-03,1315.0
2019-12-04,1326.0
2019-12-05,1336.0
2019-12-06,1347.0
2019-12-07,1353.0
2019-12-08,1353.0
2019-12-09,1359.0
2019-12-10,1395.0
2019-12-11,1443.0
2019-12-12,1459.0
2019-12-13,1467.0
2019-12-14,1466.0
2019-12-15,1466.0
2019-12-16,1465.0
2019-12-17,1421.0
2019-12-18,1340.0
2019-12-19,1265.0
2019-12-20,1201.0
2019-12-21,1177.5
2019-12-22,1177.5
2019-12-23,1154.0
2019-12-24,1117.0
2019-12-25,1060.0
2019-12-26,1060.0
2019-12-27,1060.0
2019-12-28,1060.0
2019-12-29,1060.0
2019-12-30,1060.0
2019-12-31,1060.0
2020-01-01,1060.0
2020-01-02,1003.0
2020-01-03,949.0
2020-01-04,919.5
2020-01-05,919.5
2020-01-06,890.0
2020-01-07,845.0
2020-01-08,803.0
2020-01-09,785.0
2020-01-10,771.0
2020-01-11,765.0
2020-01-12,765.0
2020-01-13,759.0
2020-01-14,767.0
2020-01-15,825.0
2020-01-16,859.0
2020-01-17,870.0
2020-01-18,868.0
2020-01-19,868.0
2020-01-20,866.0
2020-01-21,824.0
2020-01-22,760.0
2020-01-23,714.0
2020-01-24,691.0
2020-01-25,682.0
2020-01-26,682.0
2020-01-27,673.0
2020-01-28,651.0
2020-01-29,627.0
2020-01-30,595.0
2020-01-31,574.0
2020-02-01,560.0
2020-02-02,560.0
2020-02-03,546.0
2020-02-04,526.0
2020-02-05,520.0
2020-02-06,530.0
2020-02-07,541.0
2020-02-08,543.5
2020-02-09,543.5
2020-02-10,546.0
2020-02-11,557.0
2020-02-12,582.0
2020-02-13,612.0
2020-02-14,636.0
2020-02-15,646.5
2020-02-16,646.5
2020-02-17,657.0
2020-02-18,690.0
2020-02-19,722.0
2020-02-20,755.0
2020-02-21,787.0
2020-02-22,799.0
2020-02-23,799.0
2020-02-24,811.0
2020-02-25,830.0
2020-02-26,859.0
2020-02-27,886.0
2020-02-28,905.0
2020-02-29,907.5
2020-03-01,910.0
2020-03-02,915.0
2020-03-03,935.0
2020-03-04,961.0
2020-03-05,1026.0
2020-03-06,1068.0
2020-03-07,1067.5
2020-03-08,1067.5
2020-03-09,1067.0
2020-03-10,1064.0
2020-03-11,1057.0
2020-03-12,1035.0
2020-03-13,1007.0
2020-03-14,988.5
2020-03-15,988.5
2020-03-16,970.0
2020-03-17,930.0
2020-03-18,886.0
2020-03-19,850.0
2020-03-20,807.0
2020-03-21,790.5
2020-03-22,790.5
2020-03-23,774.0
2020-03-24,746.0
2020-03-25,720.0
2020-03-26,715.0
2020-03-27,729.0
2020-03-28,730.5
2020-03-29,730.5
2020-03-30,732.0
2020-03-31,757.0
2020-04-01,783.0
2020-04-02,792.0
2020-04-03,797.0
2020-04-04,799.0
2020-04-05,799.0
2020-04-06,801.0
2020-04-07,800.0
2020-04-08,805.0
2020-04-09,813.0
2020-04-10,815.5
2020-04-11,815.5
2020-04-12,815.5
2020-04-13,815.5
2020-04-14,818.0
2020-04-15,820.0
2020-04-16,821.0
2020-04-17,825.0
2020-04-18,823.5
2020-04-19,823.5
2020-04-20,822.0
2020-04-21,804.0
2020-04-22,778.0
2020-04-23,759.0
2020-04-24,747.0
2020-04-25,744.0
2020-04-26,744.0
2020-04-27,741.0
2020-04-28,731.0
2020-04-29,720.0
2020-04-30,711.0
2020-05-01,704.0
2020-05-02,703.0
2020-05-03,703.0
2020-05-04,702.0
2020-05-05,692.0
2020-05-06,678.0
2020-05-07,667.0
2020-05-08,662.5
2020-05-09,662.5
2020-05-10,662.5
2020-05-11,658.0
2020-05-12,645.0
2020-05-13,628.0
2020-05-14,614.0
2020-05-15,603.0
2020-05-16,601.0
2020-05-17,601.0
2020-05-18,599.0
2020-05-19,599.0
2020-05-20,607.0
2020-05-21,623.0
2020-05-22,635.0
2020-05-23,645.5
2020-05-24,645.5
2020-05-25,645.5
2020-05-26,656.0
2020-05-27,689.0
2020-05-28,720.0
2020-05-29,754.0
2020-05-30,765.5
2020-05-31,765.5
2020-06-01,777.0
2020-06-02,795.0
2020-06-03,809.0
2020-06-04,815.0
2020-06-05,814.0
2020-06-06,811.5
2020-06-07,811.5
2020-06-08,809.0
2020-06-09,799.0
2020-06-10,796.0
2020-06-11,821.0
2020-06-12,852.0
2020-06-13,868.0
2020-06-14,868.0
2020-06-15,884.0
2020-06-16,949.0
2020-06-17,1019.0
2020-06-18,1117.0
2020-06-19,1178.0
2020-06-20,1191.0
2020-06-21,1191.0
2020-06-22,1204.0
2020-06-23,1222.0
2020-06-24,1245.0
2020-06-25,1253.0
2020-06-26,1256.0
2020-06-27,1256.0
2020-06-28,1256.0
2020-06-29,1256.0
2020-06-30,1257.0
2020-07-01,1255.0
2020-07-02,1257.0
2020-07-03,1316.0
2020-07-04,1346.0
2020-07-05,1346.0
2020-07-06,1376.0
2020-07-07,1457.0
2020-07-08,1517.0
2020-07-09,1557.0
2020-07-10,1587.0
2020-07-11,1592.0
2020-07-12,1592.0
2020-07-13,1597.0
2020-07-14,1597.0
2020-07-15,1579.0
2020-07-16,1544.0
2020-07-17,1504.0
2020-07-18,1484.5
2020-07-19,1484.5
2020-07-20,1465.0
2020-07-21,1415.0
2020-07-22,1335.0
2020-07-23,1263.0
2020-07-24,1198.0
2020-07-25,1179.5
2020-07-26,1179.5
2020-07-27,1161.0
2020-07-28,1136.0
2020-07-29,1166.0
2020-07-30,1203.0
2020-07-31,1227.0
2020-08-01,1240.5
2020-08-02,1240.5
2020-08-03,1254.0
2020-08-04,1316.0
2020-08-05,1410.0
2020-08-06,1494.0
2020-08-07,1563.0
2020-08-08,1581.5
2020-08-09,1581.5
2020-08-10,1600.0
2020-08-11,1671.0
2020-08-12,1747.0
2020-08-13,1797.0
2020-08-14,1824.0
2020-08-15,1821.5
2020-08-16,1821.5
2020-08-17,1819.0
2020-08-18,1798.0
2020-08-19,1757.0
2020-08-20,1700.0
2020-08-21,1653.0
2020-08-22,1642.5
2020-08-23,1642.5
2020-08-24,1632.0
2020-08-25,1629.0
2020-08-26,1616.0
2020-08-27,1619.0
2020-08-28,1617.0
2020-08-29,1610.5
2020-08-30,1610.5
2020-08-31,1610.5
2020-09-01,1604.0
2020-09-02,1568.0
2020-09-03,1515.0
2020-09-04,1473.0
2020-09-05,1461.0
2020-09-06,1461.0
2020-09-07,1449.0
2020-09-08,1414.0
2020-09-09,1370.0
2020-09-10,1337.0
2020-09-11,1313.0
2020-09-12,1306.5
2020-09-13,1306.5
2020-09-14,1300.0
2020-09-15,1296.0
2020-09-16,1299.0
2020-09-17,1305.0
2020-09-18,1315.0
2020-09-19,1318.0
2020-09-20,1318.0
2020-09-21,1321.0
2020-09-22,1326.0
2020-09-23,1339.0
2020-09-24,1361.0
2020-09-25,1380.0
2020-09-26,1385.0
2020-09-27,1385.0
2020-09-28,1390.0
2020-09-29,1391.0
2020-09-30,1374.0
2020-10-01,1364.0
2020-10-02,1373.0
2020-10-03,1378.0
2020-10-04,1378.0
2020-10-05,1383.0
2020-10-06,1394.0
2020-10-07,1410.0
2020-10-08,1428.0
2020-10-09,1439.0
2020-10-10,1441.0
2020-10-11,1441.0
2020-10-12,1443.0
2020-10-13,1436.0
2020-10-14,1413.0
2020-10-15,1365.0
2020-10-16,1323.0
2020-10-17,1310.5
2020-10-18,1310.5
2020-10-19,1298.0
2020-10-20,1273.0
2020-10-21,1257.0
2020-10-22,1255.0
2020-10-23,1274.0
2020-10-24,1282.5
2020-10-25,1282.5
2020-10-26,1291.0
2020-10-27,1295.0
2020-10-28,1300.0
2020-10-29,1297.0
2020-10-30,1289.0
2020-10-31,1282.0
2020-11-01,1282.0
2020-11-02,1275.0
2020-11-03,1250.0
2020-11-04,1231.0
2020-11-05,1209.0
2020-11-06,1190.0
2020-11-07,1185.5
2020-11-08,1185.5
2020-11-09,1181.0
2020-11-10,1170.0
2020-11-11,1165.0
2020-11-12,1177.0
2020-11-13,1198.0
2020-11-14,1206.0
2020-11-15,1206.0
2020-11-16,1214.0
2020-11-17,1252.0
2020-11-18,1291.0
2020-11-19,1326.0
2020-11-20,1353.0
2020-11-21,1368.5
2020-11-22,1368.5
2020-11-23,1384.0
2020-11-24,1398.0
2020-11-25,1413.0
2020-11-26,1426.0
2020-11-27,1429.0
2020-11-28,1428.0
2020-11-29,1428.0
2020-11-30,1427.0
2020-12-01,1410.0
2020-12-02,1379.0
2020-12-03,1345.0
2020-12-04,1331.0
2020-12-05,1328.0
2020-12-06,1328.0
2020-12-07,1325.0
2020-12-08,1344.0
2020-12-09,1388.0
2020-12-10,1427.0
2020-12-11,1465.0
2020-12-12,1475.0
2020-12-13,1475.0
2020-12-14,1485.0
2020-12-15,1491.0
2020-12-16,1466.0
2020-12-17,1433.0
2020-12-18,1402.0
2020-12-19,1389.5
2020-12-20,1389.5
2020-12-21,1377.0
2020-12-22,1352.0
2020-12-23,1333.0
2020-12-24,1325.0
2020-12-25,1344.5
2020-12-26,1344.5
2020-12-27,1344.5
2020-12-28,1344.5
2020-12-29,1344.5
2020-12-30,1344.5
2020-12-31,1344.5
2021-01-01,1344.5
2021-01-02,1344.5
2021-01-03,1344.5
2021-01-04,1364.0
2021-01-05,1422.0
2021-01-06,1463.0
2021-01-07,1504.0
2021-01-08,1559.0
2021-01-09,1589.5
2021-01-10,1589.5
2021-01-11,1620.0
2021-01-12,1645.0
2021-01-13,1645.0
2021-01-14,1618.0
2021-01-15,1616.0
2021-01-16,1617.0
2021-01-17,1617.0
2021-01-18,1618.0
2021-01-19,1612.0
2021-01-20,1617.0
2021-01-21,1639.0
2021-01-22,1659.0
2021-01-23,1662.0
2021-01-24,1662.0
2021-01-25,1665.0
2021-01-26,1660.0
2021-01-27,1645.0
2021-01-28,1631.0
2021-01-29,1633.0
2021-01-30,1631.5
2021-01-31,1631.5
2021-02-01,1630.0
2021-02-02,1624.0
2021-02-03,1623.0
2021-02-04,1629.0
2021-02-05,1662.0
2021-02-06,1675.5
2021-02-07,1675.5
2021-02-08,1689.0
2021-02-09,1740.0
2021-02-10,1797.0
2021-02-11,1871.0
2021-02-12,1944.0
2021-02-13,1970.5
2021-02-14,1970.5
2021-02-15,1997.0
2021-02-16,2172.0
2021-02-17,2518.0
2021-02-18,2471.0
2021-02-19,2332.0
2021-02-20,2326.5
2021-02-21,2326.5
2021-02-22,2321.0
2021-02-23,2306.0
2021-02-24,2276.0
2021-02-25,2208.0
2021-02-26,2140.0
2021-02-27,2113.0
2021-02-28,2113.0
2021-03-01,2086.0
2021-03-02,2100.0
2021-03-03,2161.0
2021-03-04,2212.0
2021-03-05,2241.0
2021-03-06,2249.5
2021-03-07,2249.5
2021-03-08,2258.0
2021-03-09,2238.0
2021-03-10,2218.0
2021-03-11,2217.0
2021-03-12,2242.0
2021-03-13,2257.0
2021-03-14,2257.0
2021-03-15,2272.0
2021-03-16,2372.0
2021-03-17,2583.0
2021-03-18,2822.0
2021-03-19,2975.0
2021-03-20,3016.5
2021-03-21,3016.5
2021-03-22,3058.0
2021-03-23,2983.0
2021-03-24,2858.0
2021-03-25,2834.0
2021-03-26,2827.0
2021-03-27,2819.5
2021-03-28,2819.5
2021-03-29,2812.0
2021-03-30,2723.0
2021-03-31,2576.0
2021-04-01,2484.0
2021-04-02,2457.5
2021-04-03,2457.5
2021-04-04,2457.5
2021-04-05,2457.5
2021-04-06,2431.0
2021-04-07,2358.0
2021-04-08,2160.0
2021-04-09,2003.0
2021-04-10,1965.5
2021-04-11,1965.5
2021-04-12,1928.0
2021-04-13,1898.0
2021-04-14,2017.0
2021-04-15,2234.0
2021-04-16,2347.0
2021-04-17,2394.0
2021-04-18,2394.0
2021-04-19,2441.0
2021-04-20,2557.0
2021-04-21,2690.0
2021-04-22,2686.0
2021-04-23,2630.0
2021-04-24,2608.0
2021-04-25,2608.0
2021-04-26,2586.0
2021-04-27,2550.0
2021-04-28,2584.0
2021-04-29,2643.0
2021-04-30,2672.0
2021-05-01,2698.0
2021-05-02,2698.0
2021-05-03,2698.0
2021-05-04,2724.0
2021-05-05,2848.0
2021-05-06,2909.0
2021-05-07,2955.0
2021-05-08,2984.5
2021-05-09,2984.5
2021-05-10,3014.0
2021-05-11,3082.0
2021-05-12,3067.0
2021-05-13,3017.0
2021-05-14,2961.0
2021-05-15,2935.0
2021-05-16,2935.0
2021-05-17,2909.0
2021-05-18,2854.0
2021-05-19,2857.0
2021-05-20,2870.0
2021-05-21,2855.0
2021-05-22,2847.5
2021-05-23,2847.5
2021-05-24,2840.0
2021-05-25,2809.0
2021-05-26,2767.0
2021-05-27,2735.0
2021-05-28,2760.0
2021-05-29,2780.5
2021-05-30,2780.5
2021-05-31,2780.5
2021-06-01,2801.0
2021-06-02,2855.0
2021-06-03,2896.0
2021-06-04,2933.0
2021-06-05,2943.5
2021-06-06,2943.5
2021-06-07,2954.0
2021-06-08,2993.0
2021-06-09,3065.0
2021-06-10,3204.0
2021-06-11,3302.0
2021-06-12,3322.5
2021-06-13,3322.5
2021-06-14,3343.0
2021-06-15,3407.0
2021-06-16,3519.0
2021-06-17,3558.0
2021-06-18,3544.0
2021-06-19,3524.5
2021-06-20,3524.5
2021-06-21,3505.0
2021-06-22,3432.0
2021-06-23,3418.0
2021-06-24,3515.0
2021-06-25,3642.0
2021-06-26,3734.5
2021-06-27,3734.5
2021-06-28,3827.0
2021-06-29,4010.0
2021-06-30,4119.0
2021-07-01,4237.0
2021-07-02,4269.0
2021-07-03,4255.0
2021-07-04,4255.0
2021-07-05,4241.0
2021-07-06,4160.0
2021-07-07,4150.0
2021-07-08,4128.0
2021-07-09,4101.0
2021-07-10,4085.5
2021-07-11,4085.5
2021-07-12,4070.0
2021-07-13,3970.0
2021-07-14,3848.0
2021-07-15,3708.0
2021-07-16,3635.0
2021-07-17,3629.0
2021-07-18,3629.0
2021-07-19,3623.0
2021-07-20,3600.0
2021-07-21,3577.0
2021-07-22,3560.0
2021-07-23,3528.0
2021-07-24,3520.5
2021-07-25,3520.5
2021-07-26,3513.0
2021-07-27,3467.0
2021-07-28,3404.0
2021-07-29,3342.0
2021-07-30,3304.0
2021-07-31,3297.0
2021-08-01,3297.0
2021-08-02,3290.0
2021-08-03,3307.0
2021-08-04,3358.0
2021-08-05,3418.0
2021-08-06,3449.0
2021-08-07,3453.5
2021-08-08,3453.5
2021-08-09,3458.0
2021-08-10,3476.0
2021-08-11,3516.0
2021-08-12,3550.0
2021-08-13,3566.0
2021-08-14,3575.0
2021-08-15,3575.0
2021-08-16,3584.0
2021-08-17,3617.0
2021-08-18,3707.0
2021-08-19,3754.0
2021-08-20,3785.0
2021-08-21,3797.0
2021-08-22,3797.0
2021-08-23,3809.0
2021-08-24,3846.0
2021-08-25,3885.0
2021-08-26,3911.0
2021-08-27,3874.0
2021-08-28,3827.5
2021-08-29,3827.5
2021-08-30,3827.5
2021-08-31,3781.0
2021-09-01,3706.0
2021-09-02,3649.0
2021-09-03,3605.0
2021-09-04,3574.5
2021-09-05,3574.5
2021-09-06,3544.0
2021-09-07,3496.0
2021-09-08,3473.0
2021-09-09,3510.0
2021-09-10,3595.0
2021-09-11,3644.5
2021-09-12,3644.5
2021-09-13,3694.0
2021-09-14,3756.0
2021-09-15,3800.0
2021-09-16,3852.0
2021-09-17,3904.0
2021-09-18,3910.0
2021-09-19,3910.0
2021-09-20,3916.0
2021-09-21,3930.0
2021-09-22,3961.0
2021-09-23,3994.0
2021-09-24,4012.0
2021-09-25,4016.0
2021-09-26,4016.0
2021-09-27,4020.0
2021-09-28,4030.0
2021-09-29,4037.0
2021-09-30,4013.0
2021-10-01,3992.0
2021-10-02,3976.5
2021-10-03,3976.5
2021-10-04,3961.0
2021-10-05,3918.0
2021-10-06,3903.0
2021-10-07,3884.0
2021-10-08,3866.0
2021-10-09,3871.5
2021-10-10,3871.5
2021-10-11,3877.0
2021-10-12,3906.0
2021-10-13,3958.0
2021-10-14,4023.0
2021-10-15,4065.0
2021-10-16,4078.0
2021-10-17,4078.0
2021-10-18,4091.0
2021-10-19,4166.0
2021-10-20,4236.0
2021-10-21,4304.0
2021-10-22,4327.0
2021-10-23,4327.5
2021-10-24,4327.5
2021-10-25,4328.0
2021-10-26,4231.0
2021-10-27,4083.0
2021-10-28,3965.0
2021-10-29,3896.0
2021-10-30,3855.5
2021-10-31,3855.5
2021-11-01,3815.0
2021-11-02,3644.0
2021-11-03,3355.0
2021-11-04,3166.0
2021-11-05,3071.0
2021-11-06,3067.0
2021-11-07,3067.0
2021-11-08,3063.0
2021-11-09,3084.0
2021-11-10,3079.0
2021-11-11,3026.0
2021-11-12,2930.0
2021-11-13,2890.0
2021-11-14,2890.0
2021-11-15,2850.0
2021-11-16,2675.0
2021-11-17,2475.0
2021-11-18,2336.0
2021-11-19,2282.0
2021-11-20,2286.5
2021-11-21,2286.5
2021-11-22,2291.0
2021-11-23,2333.0
2021-11-24,2378.0
2021-11-25,2489.0
2021-11-26,2621.0
2021-11-27,2678.0
2021-11-28,2678.0
2021-11-29,2735.0
2021-11-30,2811.0
2021-12-01,2897.0
2021-12-02,3030.0
2021-12-03,3128.0
2021-12-04,3170.0
2021-12-05,3170.0
2021-12-06,3212.0
2021-12-07,3253.0
2021-12-08,3221.0
2021-12-09,3145.0
2021-12-10,3068.0
2021-12-11,3031.5
2021-12-12,3031.5
2021-12-13,2995.0
2021-12-14,2879.0
2021-12-15,2744.0
2021-12-16,2626.0
2021-12-17,2444.0
2021-12-18,2400.0
2021-12-19,2400.0
2021-12-20,2356.0
2021-12-21,2311.0
2021-12-22,2384.0
2021-12-23,2515.0
2021-12-24,2573.0
2021-12-25,2723.5
2021-12-26,2723.5
2021-12-27,2723.5
2021-12-28,2723.5
2021-12-29,2723.5
2021-12-30,2723.5
2021-12-31,2723.5
2022-01-01,2723.5
2022-01-02,2723.5
2022-01-03,2723.5
2022-01-04,2874.0
2022-01-05,3003.0
2022-01-06,3013.0
2022-01-07,2957.0
2022-01-08,2903.0
2022-01-09,2903.0
2022-01-10,2849.0
2022-01-11,2715.0
2022-01-12,2565.0
2022-01-13,2452.0
2022-01-14,2375.0
2022-01-15,2350.5
2022-01-16,2350.5
2022-01-17,2326.0
2022-01-18,2223.0
2022-01-19,2095.0
2022-01-20,2024.0
2022-01-21,2010.0
2022-01-22,2011.5
2022-01-23,2011.5
2022-01-24,2013.0
2022-01-25,1988.0
2022-01-26,1914.0
2022-01-27,1846.0
2022-01-28,1840.0
2022-01-29,1834.0
2022-01-30,1834.0
2022-01-31,1828.0
2022-02-01,1811.0
2022-02-02,1765.0
2022-02-03,1771.0
2022-02-04,1796.0
2022-02-05,1825.5
2022-02-06,1825.5
2022-02-07,1855.0
2022-02-08,1971.0
2022-02-09,2153.0
2022-02-10,2333.0
2022-02-11,2403.0
2022-02-12,2410.5
2022-02-13,2410.5
2022-02-14,2418.0
2022-02-15,2400.0
2022-02-16,2375.0
2022-02-17,2365.0
2022-02-18,2375.0
2022-02-19,2408.0
2022-02-20,2408.0
2022-02-21,2441.0
2022-02-22,2596.0
2022-02-23,2699.0
2022-02-24,2689.0
2022-02-25,2658.0
2022-02-26,2628.5
2022-02-27,2628.5
2022-02-28,2599.0
2022-03-01,2601.0
2022-03-02,2634.0
2022-03-03,2699.0
2022-03-04,2785.0
2022-03-05,2843.0
2022-03-06,2843.0
2022-03-07,2901.0
2022-03-08,3041.0
2022-03-09,3194.0
2022-03-10,3233.0
2022-03-11,3187.0
2022-03-12,3139.5
2022-03-13,3139.5
2022-03-14,3092.0
2022-03-15,2946.0
2022-03-16,2847.0
2022-03-17,2850.0
2022-03-18,2874.0
2022-03-19,2912.5
2022-03-20,2912.5
2022-03-21,2951.0
2022-03-22,3111.0
2022-03-23,3272.0
2022-03-24,3379.0
2022-03-25,3413.0
2022-03-26,3414.5
2022-03-27,3414.5
2022-03-28,3416.0
2022-03-29,3337.0
2022-03-30,3236.0
2022-03-31,3141.0
2022-04-01,3073.0
2022-04-02,3044.0
2022-04-03,3044.0
2022-04-04,3015.0
2022-04-05,2951.0
2022-04-06,2868.0
2022-04-07,2778.0
2022-04-08,2777.0
2022-04-09,2781.0
2022-04-10,2781.0
2022-04-11,2785.0
2022-04-12,2862.0
2022-04-13,2968.0
2022-04-14,3042.0
2022-04-15,3060.5
2022-04-16,3060.5
2022-04-17,3060.5
2022-04-18,3060.5
2022-04-19,3079.0
2022-04-20,3087.0
2022-04-21,3047.0
2022-04-22,3004.0
2022-04-23,2985.5
2022-04-24,2985.5
2022-04-25,2967.0
2022-04-26,2919.0
2022-04-27,2904.0
2022-04-28,2914.0
2022-04-29,2938.0
2022-04-30,2946.5
