Date,BDI
2012-07-04,1103.0
2012-07-05,1138.0
2012-07-06,1157.0
2012-07-07,1159.5
2012-07-08,1159.5
2012-07-09,1162.0
2012-07-10,1160.0
2012-07-11,1146.0
2012-07-12,1121.0
2012-07-13,1110.0
2012-07-14,1106.0
2012-07-15,1106.0
2012-07-16,1102.0
2012-07-17,1093.0
2012-07-18,1074.0
2012-07-19,1053.0
2012-07-20,1037.0
2012-07-21,1029.5
2012-07-22,1029.5
2012-07-23,1022.0
2012-07-24,1003.0
2012-07-25,982.0
2012-07-26,958.0
2012-07-27,933.0
2012-07-28,924.0
2012-07-29,924.0
2012-07-30,915.0
2012-07-31,897.0
2012-08-01,878.0
2012-08-02,861.0
2012-08-03,852.0
2012-08-04,847.5
2012-08-05,847.5
2012-08-06,843.0
2012-08-07,836.0
2012-08-08,812.0
2012-08-09,790.0
2012-08-10,774.0
2012-08-11,769.0
2012-08-12,769.0
2012-08-13,764.0
2012-08-14,750.0
2012-08-15,728.0
2012-08-16,720.0
2012-08-17,714.0
2012-08-18,712.5
2012-08-19,712.5
2012-08-20,711.0
2012-08-21,709.0
2012-08-22,712.0
2012-08-23,715.0
2012-08-24,717.0
2012-08-25,720.5
2012-08-26,720.5
2012-08-27,720.5
2012-08-28,724.0
2012-08-29,718.0
2012-08-30,707.0
2012-08-31,703.0
2012-09-01,700.5
2012-09-02,700.5
2012-09-03,698.0
2012-09-04,693.0
2012-09-05,684.0
2012-09-06,675.0
2012-09-07,669.0
2012-09-08,667.5
2012-09-09,667.5
2012-09-10,666.0
2012-09-11,662.0
2012-09-12,661.0
2012-09-13,663.0
2012-09-14,662.0
2012-09-15,662.5
2012-09-16,662.5
2012-09-17,663.0
2012-09-18,697.0
2012-09-19,722.0
2012-09-20,755.0
2012-09-21,774.0
2012-09-22,773.0
2012-09-23,773.0
2012-09-24,772.0
2012-09-25,763.0
2012-09-26,752.0
2012-09-27,744.0
2012-09-28,766.0
2012-09-29,771.5
2012-09-30,771.5
2012-10-01,777.0
2012-10-02,778.0
2012-10-03,798.0
2012-10-04,845.0
2012-10-05,875.0
2012-10-06,879.0
2012-10-07,879.0
2012-10-08,883.0
2012-10-09,875.0
2012-10-10,875.0
2012-10-11,903.0
2012-10-12,926.0
2012-10-13,933.5
2012-10-14,933.5
2012-10-15,941.0
2012-10-16,981.0
2012-10-17,999.0
2012-10-18,989.0
2012-10-19,1010.0
2012-10-20,1023.5
2012-10-21,1023.5
2012-10-22,1037.0
2012-10-23,1109.0
2012-10-24,1088.0
2012-10-25,1051.0
2012-10-26,1049.0
2012-10-27,1048.5
2012-10-28,1048.5
2012-10-29,1048.0
2012-10-30,1043.0
2012-10-31,1026.0
2012-11-01,1000.0
2012-11-02,986.0
2012-11-03,978.5
2012-11-04,978.5
2012-11-05,971.0
2012-11-06,947.0
2012-11-07,916.0
2012-11-08,916.0
2012-11-09,940.0
2012-11-10,952.5
2012-11-11,952.5
2012-11-12,965.0
2012-11-13,985.0
2012-11-14,1011.0
2012-11-15,1024.0
2012-11-16,1036.0
2012-11-17,1045.0
2012-11-18,1045.0
2012-11-19,1054.0
2012-11-20,1066.0
2012-11-21,1073.0
2012-11-22,1084.0
2012-11-23,1090.0
2012-11-24,1092.0
2012-11-25,1092.0
2012-11-26,1094.0
2012-11-27,1097.0
2012-11-28,1104.0
2012-11-29,1097.0
2012-11-30,1086.0
2012-12-01,1081.5
2012-12-02,1081.5
2012-12-03,1077.0
2012-12-04,1054.0
2012-12-05,1022.0
2012-12-06,990.0
2012-12-07,966.0
2012-12-08,951.5
2012-12-09,951.5
2012-12-10,937.0
2012-12-11,900.0
2012-12-12,826.0
2012-12-13,799.0
2012-12-14,784.0
2012-12-15,775.0
2012-12-16,775.0
2012-12-17,766.0
2012-12-18,743.0
2012-12-19,720.0
2012-12-20,708.0
2012-12-21,700.0
2012-12-22,699.5
2012-12-23,699.5
2012-12-24,699.0
2012-12-25,698.5
2012-12-26,698.5
2012-12-27,698.5
2012-12-28,698.5
2012-12-29,698.5
2012-12-30,698.5
2012-12-31,698.5
2013-01-01,698.5
2013-01-02,698.0
2013-01-03,700.0
2013-01-04,706.0
2013-01-05,709.0
2013-01-06,709.0
2013-01-07,712.0
2013-01-08,734.0
2013-01-09,743.0
2013-01-10,751.0
2013-01-11,760.0
2013-01-12,761.0
2013-01-13,761.0
2013-01-14,762.0
2013-01-15,765.0
2013-01-16,781.0
2013-01-17,820.0
2013-01-18,837.0
2013-01-19,837.5
2013-01-20,837.5
2013-01-21,838.0
2013-01-22,825.0
2013-01-23,817.0
2013-01-24,808.0
2013-01-25,798.0
2013-01-26,795.0
2013-01-27,795.0
2013-01-28,792.0
2013-01-29,779.0
2013-01-30,767.0
2013-01-31,760.0
2013-02-01,750.0
2013-02-02,747.5
2013-02-03,747.5
2013-02-04,745.0
2013-02-05,739.0
2013-02-06,740.0
2013-02-07,749.0
2013-02-08,748.0
2013-02-09,747.0
2013-02-10,747.0
2013-02-11,746.0
2013-02-12,747.0
2013-02-13,751.0
2013-02-14,748.0
2013-02-15,753.0
2013-02-16,750.0
2013-02-17,750.0
2013-02-18,747.0
2013-02-19,738.0
2013-02-20,735.0
2013-02-21,737.0
2013-02-22,740.0
2013-02-23,741.5
2013-02-24,741.5
2013-02-25,743.0
2013-02-26,741.0
2013-02-27,745.0
2013-02-28,757.0
2013-03-01,776.0
2013-03-02,782.5
2013-03-03,782.5
2013-03-04,789.0
2013-03-05,806.0
2013-03-06,820.0
2013-03-07,834.0
2013-03-08,843.0
2013-03-09,845.0
2013-03-10,845.0
2013-03-11,847.0
2013-03-12,865.0
2013-03-13,875.0
2013-03-14,880.0
2013-03-15,892.0
2013-03-16,895.5
2013-03-17,895.5
2013-03-18,899.0
2013-03-19,912.0
2013-03-20,923.0
2013-03-21,930.0
2013-03-22,933.0
2013-03-23,934.0
2013-03-24,934.0
2013-03-25,935.0
2013-03-26,931.0
2013-03-27,922.0
2013-03-28,910.0
2013-03-29,903.0
2013-03-30,903.0
2013-03-31,903.0
2013-04-01,903.0
2013-04-02,896.0
2013-04-03,877.0
2013-04-04,866.0
2013-04-05,861.0
2013-04-06,859.5
2013-04-07,859.5
2013-04-08,858.0
2013-04-09,856.0
2013-04-10,859.0
2013-04-11,865.0
2013-04-12,875.0
2013-04-13,875.5
2013-04-14,875.5
2013-04-15,876.0
2013-04-16,880.0
2013-04-17,885.0
2013-04-18,885.0
2013-04-19,888.0
2013-04-20,888.5
2013-04-21,888.5
2013-04-22,889.0
2013-04-23,885.0
2013-04-24,879.0
2013-04-25,872.0
2013-04-26,871.0
2013-04-27,869.5
2013-04-28,869.5
2013-04-29,868.0
2013-04-30,863.0
2013-05-01,862.0
2013-05-02,873.0
2013-05-03,878.0
2013-05-04,883.5
2013-05-05,883.5
2013-05-06,883.5
2013-05-07,889.0
2013-05-08,892.0
2013-05-09,889.0
2013-05-10,884.0
2013-05-11,881.5
2013-05-12,881.5
2013-05-13,879.0
2013-05-14,872.0
2013-05-15,861.0
2013-05-16,850.0
2013-05-17,841.0
2013-05-18,838.5
2013-05-19,838.5
2013-05-20,836.0
2013-05-21,830.0
2013-05-22,829.0
2013-05-23,828.0
2013-05-24,826.0
2013-05-25,824.0
2013-05-26,824.0
2013-05-27,824.0
2013-05-28,822.0
2013-05-29,818.0
2013-05-30,811.0
2013-05-31,809.0
2013-06-01,807.5
2013-06-02,807.5
2013-06-03,806.0
2013-06-04,805.0
2013-06-05,801.0
2013-06-06,806.0
2013-06-07,812.0
2013-06-08,813.5
2013-06-09,813.5
2013-06-10,815.0
2013-06-11,825.0
2013-06-12,847.0
2013-06-13,873.0
2013-06-14,900.0
2013-06-15,912.5
2013-06-16,912.5
2013-06-17,925.0
2013-06-18,962.0
2013-06-19,995.0
2013-06-20,1012.0
2013-06-21,1027.0
2013-06-22,1044.5
2013-06-23,1044.5
2013-06-24,1062.0
2013-06-25,1090.0
2013-06-26,1125.0
2013-06-27,1151.0
2013-06-28,1171.0
2013-06-29,1175.0
2013-06-30,1175.0
2013-07-01,1179.0
2013-07-02,1170.0
2013-07-03,1133.0
2013-07-04,1103.0
2013-07-05,1099.0
2013-07-06,1107.0
2013-07-07,1107.0
2013-07-08,1115.0
2013-07-09,1120.0
2013-07-10,1130.0
2013-07-11,1139.0
2013-07-12,1149.0
2013-07-13,1150.0
2013-07-14,1150.0
2013-07-15,1151.0
2013-07-16,1152.0
2013-07-17,1151.0
2013-07-18,1146.0
2013-07-19,1138.0
2013-07-20,1136.5
2013-07-21,1136.5
2013-07-22,1135.0
2013-07-23,1127.0
2013-07-24,1117.0
2013-07-25,1092.0
2013-07-26,1082.0
2013-07-27,1078.5
2013-07-28,1078.5
2013-07-29,1075.0
2013-07-30,1067.0
2013-07-31,1062.0
2013-08-01,1066.0
2013-08-02,1065.0
2013-08-03,1061.5
2013-08-04,1061.5
2013-08-05,1058.0
2013-08-06,1046.0
2013-08-07,1024.0
2013-08-08,1012.0
2013-08-09,1001.0
2013-08-10,998.5
2013-08-11,998.5
2013-08-12,996.0
2013-08-13,1007.0
2013-08-14,1060.0
2013-08-15,1091.0
2013-08-16,1102.0
2013-08-17,1108.5
2013-08-18,1108.5
2013-08-19,1115.0
2013-08-20,1145.0
2013-08-21,1156.0
2013-08-22,1158.0
2013-08-23,1165.0
2013-08-24,1167.0
2013-08-25,1167.0
2013-08-26,1167.0
2013-08-27,1169.0
2013-08-28,1146.0
2013-08-29,1136.0
2013-08-30,1132.0
2013-08-31,1135.5
2013-09-01,1135.5
2013-09-02,1139.0
2013-09-03,1168.0
2013-09-04,1215.0
2013-09-05,1279.0
2013-09-06,1352.0
2013-09-07,1415.0
2013-09-08,1415.0
2013-09-09,1478.0
2013-09-10,1541.0
2013-09-11,1628.0
2013-09-12,1621.0
2013-09-13,1636.0
2013-09-14,1643.5
2013-09-15,1643.5
2013-09-16,1651.0
2013-09-17,1740.0
2013-09-18,1822.0
2013-09-19,1860.0
2013-09-20,1904.0
2013-09-21,1925.5
2013-09-22,1925.5
2013-09-23,1947.0
2013-09-24,2021.0
2013-09-25,2127.0
2013-09-26,2113.0
2013-09-27,2046.0
2013-09-28,2024.5
2013-09-29,2024.5
2013-09-30,2003.0
2013-10-01,1994.0
2013-10-02,2008.0
2013-10-03,2047.0
2013-10-04,2084.0
2013-10-05,2099.5
2013-10-06,2099.5
2013-10-07,2115.0
2013-10-08,2146.0
2013-10-09,2125.0
2013-10-10,2011.0
2013-10-11,1985.0
2013-10-12,1973.0
2013-10-13,1973.0
2013-10-14,1961.0
2013-10-15,1963.0
2013-10-16,1965.0
2013-10-17,1960.0
2013-10-18,1901.0
2013-10-19,1889.5
2013-10-20,1889.5
2013-10-21,1878.0
2013-10-22,1847.0
2013-10-23,1786.0
2013-10-24,1708.0
2013-10-25,1671.0
2013-10-26,1645.0
2013-10-27,1645.0
2013-10-28,1619.0
2013-10-29,1551.0
2013-10-30,1484.0
2013-10-31,1504.0
2013-11-01,1525.0
2013-11-02,1538.5
2013-11-03,1538.5
2013-11-04,1552.0
2013-11-05,1600.0
2013-11-06,1602.0
2013-11-07,1593.0
2013-11-08,1581.0
2013-11-09,1572.5
2013-11-10,1572.5
2013-11-11,1564.0
2013-11-12,1543.0
2013-11-13,1531.0
2013-11-14,1517.0
2013-11-15,1507.0
2013-11-16,1503.5
2013-11-17,1503.5
2013-11-18,1500.0
2013-11-19,1495.0
2013-11-20,1527.0
2013-11-21,1499.0
2013-11-22,1483.0
2013-11-23,1487.5
2013-11-24,1487.5
2013-11-25,1492.0
2013-11-26,1512.0
2013-11-27,1573.0
2013-11-28,1719.0
2013-11-29,1821.0
2013-11-30,1843.0
2013-12-01,1843.0
2013-12-02,1865.0
2013-12-03,1922.0
2013-12-04,1994.0
2013-12-05,2145.0
2013-12-06,2176.0
2013-12-07,2179.5
2013-12-08,2179.5
2013-12-09,2183.0
2013-12-10,2237.0
2013-12-11,2299.0
2013-12-12,2337.0
2013-12-13,2330.0
2013-12-14,2311.0
2013-12-15,2311.0
2013-12-16,2292.0
2013-12-17,2225.0
2013-12-18,2156.0
2013-12-19,2134.0
2013-12-20,2208.0
2013-12-21,2227.5
2013-12-22,2227.5
2013-12-23,2247.0
2013-12-24,2277.0
2013-12-25,2195.0
2013-12-26,2195.0
2013-12-27,2195.0
2013-12-28,2195.0
2013-12-29,2195.0
2013-12-30,2195.0
2013-12-31,2195.0
2014-01-01,2195.0
2014-01-02,2113.0
2014-01-03,2036.0
2014-01-04,1993.5
2014-01-05,1993.5
2014-01-06,1951.0
2014-01-07,1876.0
2014-01-08,1826.0
2014-01-09,1706.0
2014-01-10,1512.0
2014-01-11,1453.5
2014-01-12,1453.5
2014-01-13,1395.0
2014-01-14,1370.0
2014-01-15,1374.0
2014-01-16,1398.0
2014-01-17,1421.0
2014-01-18,1424.5
2014-01-19,1424.5
2014-01-20,1428.0
2014-01-21,1369.0
2014-01-22,1322.0
2014-01-23,1271.0
2014-01-24,1246.0
2014-01-25,1231.5
2014-01-26,1231.5
2014-01-27,1217.0
2014-01-28,1177.0
2014-01-29,1148.0
2014-01-30,1127.0
2014-01-31,1110.0
2014-02-01,1101.5
2014-02-02,1101.5
2014-02-03,1093.0
2014-02-04,1084.0
2014-02-05,1086.0
2014-02-06,1092.0
2014-02-07,1091.0
2014-02-08,1093.5
2014-02-09,1093.5
2014-02-10,1096.0
2014-02-11,1091.0
2014-02-12,1085.0
2014-02-13,1097.0
2014-02-14,1106.0
2014-02-15,1118.0
2014-02-16,1118.0
2014-02-17,1130.0
2014-02-18,1146.0
2014-02-19,1160.0
2014-02-20,1164.0
2014-02-21,1175.0
2014-02-22,1174.5
2014-02-23,1174.5
2014-02-24,1174.0
2014-02-25,1197.0
2014-02-26,1222.0
2014-02-27,1250.0
2014-02-28,1258.0
2014-03-01,1267.0
2014-03-02,1267.0
2014-03-03,1276.0
2014-03-04,1325.0
2014-03-05,1391.0
2014-03-06,1480.0
2014-03-07,1543.0
2014-03-08,1552.5
2014-03-09,1552.5
2014-03-10,1562.0
2014-03-11,1580.0
2014-03-12,1453.0
2014-03-13,1468.0
2014-03-14,1477.0
2014-03-15,1479.0
2014-03-16,1479.0
2014-03-17,1481.0
2014-03-18,1518.0
2014-03-19,1570.0
2014-03-20,1621.0
2014-03-21,1599.0
2014-03-22,1600.5
2014-03-23,1600.5
2014-03-24,1602.0
2014-03-25,1578.0
2014-03-26,1496.0
2014-03-27,1412.0
2014-03-28,1373.0
2014-03-29,1367.5
2014-03-30,1367.5
2014-03-31,1362.0
2014-04-01,1316.0
2014-04-02,1273.0
2014-04-03,1235.0
2014-04-04,1205.0
2014-04-05,1195.5
2014-04-06,1195.5
2014-04-07,1186.0
2014-04-08,1098.0
2014-04-09,1061.0
2014-04-10,1029.0
2014-04-11,1002.0
2014-04-12,995.5
2014-04-13,995.5
2014-04-14,989.0
2014-04-15,970.0
2014-04-16,936.0
2014-04-17,930.0
2014-04-18,934.5
2014-04-19,934.5
2014-04-20,934.5
2014-04-21,934.5
2014-04-22,939.0
2014-04-23,956.0
2014-04-24,962.0
2014-04-25,967.0
2014-04-26,964.0
2014-04-27,964.0
2014-04-28,961.0
2014-04-29,949.0
2014-04-30,943.0
2014-05-01,993.0
2014-05-02,1017.0
2014-05-03,1019.5
2014-05-04,1019.5
2014-05-05,1019.5
2014-05-06,1022.0
2014-05-07,1022.0
2014-05-08,1008.0
2014-05-09,997.0
2014-05-10,992.0
2014-05-11,992.0
2014-05-12,987.0
2014-05-13,982.0
2014-05-14,1002.0
2014-05-15,1021.0
2014-05-16,1027.0
2014-05-17,1024.5
2014-05-18,1024.5
2014-05-19,1022.0
2014-05-20,1010.0
2014-05-21,988.0
2014-05-22,966.0
2014-05-23,964.0
2014-05-24,968.5
2014-05-25,968.5
2014-05-26,968.5
2014-05-27,973.0
2014-05-28,954.0
2014-05-29,940.0
2014-05-30,934.0
2014-05-31,934.0
2014-06-01,934.0
2014-06-02,934.0
2014-06-03,948.0
2014-06-04,959.0
2014-06-05,977.0
2014-06-06,989.0
2014-06-07,994.0
2014-06-08,994.0
2014-06-09,999.0
2014-06-10,1004.0
2014-06-11,973.0
2014-06-12,939.0
2014-06-13,906.0
2014-06-14,893.0
2014-06-15,893.0
2014-06-16,880.0
2014-06-17,858.0
2014-06-18,867.0
2014-06-19,902.0
2014-06-20,904.0
2014-06-21,895.0
2014-06-22,895.0
2014-06-23,886.0
2014-06-24,867.0
2014-06-25,846.0
2014-06-26,824.0
2014-06-27,831.0
2014-06-28,840.5
2014-06-29,840.5
2014-06-30,850.0
2014-07-01,894.0
2014-07-02,890.0
2014-07-03,890.0
2014-07-04,893.0
2014-07-05,890.5
2014-07-06,890.5
2014-07-07,888.0
2014-07-08,881.0
2014-07-09,863.0
2014-07-10,836.0
2014-07-11,814.0
2014-07-12,806.0
2014-07-13,806.0
2014-07-14,798.0
2014-07-15,782.0
2014-07-16,755.0
2014-07-17,738.0
2014-07-18,732.0
2014-07-19,728.0
2014-07-20,728.0
2014-07-21,724.0
2014-07-22,723.0
2014-07-23,727.0
2014-07-24,732.0
2014-07-25,739.0
2014-07-26,741.0
2014-07-27,741.0
2014-07-28,743.0
2014-07-29,747.0
2014-07-30,754.0
2014-07-31,755.0
2014-08-01,751.0
2014-08-02,752.0
2014-08-03,752.0
2014-08-04,753.0
2014-08-05,755.0
2014-08-06,759.0
2014-08-07,765.0
2014-08-08,777.0
2014-08-09,784.5
2014-08-10,784.5
2014-08-11,792.0
2014-08-12,836.0
2014-08-13,871.0
2014-08-14,942.0
2014-08-15,1015.0
2014-08-16,1028.5
2014-08-17,1028.5
2014-08-18,1042.0
2014-08-19,1040.0
2014-08-20,1061.0
2014-08-21,1096.0
2014-08-22,1088.0
2014-08-23,1079.0
2014-08-24,1079.0
2014-08-25,1079.0
2014-08-26,1070.0
2014-08-27,1063.0
2014-08-28,1119.0
2014-08-29,1147.0
2014-08-30,1149.0
2014-08-31,1149.0
2014-09-01,1151.0
2014-09-02,1149.0
2014-09-03,1142.0
2014-09-04,1147.0
2014-09-05,1155.0
2014-09-06,1160.5
2014-09-07,1160.5
2014-09-08,1166.0
2014-09-09,1197.0
2014-09-10,1197.0
2014-09-11,1186.0
2014-09-12,1181.0
2014-09-13,1177.0
2014-09-14,1177.0
2014-09-15,1173.0
2014-09-16,1150.0
2014-09-17,1124.0
2014-09-18,1089.0
2014-09-19,1075.0
2014-09-20,1076.0
2014-09-21,1076.0
2014-09-22,1077.0
2014-09-23,1073.0
2014-09-24,1056.0
2014-09-25,1038.0
2014-09-26,1049.0
2014-09-27,1055.5
2014-09-28,1055.5
2014-09-29,1062.0
2014-09-30,1063.0
2014-10-01,1055.0
2014-10-02,1041.0
2014-10-03,1037.0
2014-10-04,1033.0
2014-10-05,1033.0
2014-10-06,1029.0
2014-10-07,1015.0
2014-10-08,991.0
2014-10-09,974.0
2014-10-10,963.0
2014-10-11,958.5
2014-10-12,958.5
2014-10-13,954.0
2014-10-14,948.0
2014-10-15,935.0
2014-10-16,930.0
2014-10-17,944.0
2014-10-18,958.5
2014-10-19,958.5
2014-10-20,973.0
2014-10-21,1090.0
2014-10-22,1136.0
2014-10-23,1155.0
2014-10-24,1192.0
2014-10-25,1238.5
2014-10-26,1238.5
2014-10-27,1285.0
2014-10-28,1395.0
2014-10-29,1428.0
2014-10-30,1424.0
2014-10-31,1428.0
2014-11-01,1442.0
2014-11-02,1442.0
2014-11-03,1456.0
2014-11-04,1484.0
2014-11-05,1464.0
2014-11-06,1436.0
2014-11-07,1437.0
2014-11-08,1427.5
2014-11-09,1427.5
2014-11-10,1418.0
2014-11-11,1370.0
2014-11-12,1327.0
2014-11-13,1264.0
2014-11-14,1256.0
2014-11-15,1260.0
2014-11-16,1260.0
2014-11-17,1264.0
2014-11-18,1296.0
2014-11-19,1306.0
2014-11-20,1332.0
2014-11-21,1324.0
2014-11-22,1320.5
2014-11-23,1320.5
2014-11-24,1317.0
2014-11-25,1313.0
2014-11-26,1239.0
2014-11-27,1187.0
2014-11-28,1153.0
2014-11-29,1145.0
2014-11-30,1145.0
2014-12-01,1137.0
2014-12-02,1119.0
2014-12-03,1079.0
2014-12-04,1019.0
2014-12-05,982.0
2014-12-06,967.0
2014-12-07,967.0
2014-12-08,952.0
2014-12-09,933.0
2014-12-10,911.0
2014-12-11,887.0
2014-12-12,863.0
2014-12-13,854.0
2014-12-14,854.0
2014-12-15,845.0
2014-12-16,838.0
2014-12-17,827.0
2014-12-18,814.0
2014-12-19,803.0
2014-12-20,798.5
2014-12-21,798.5
2014-12-22,794.0
2014-12-23,788.0
2014-12-24,782.0
2014-12-25,776.5
2014-12-26,776.5
2014-12-27,776.5
2014-12-28,776.5
2014-12-29,776.5
2014-12-30,776.5
2014-12-31,776.5
2015-01-01,776.5
2015-01-02,771.0
2015-01-03,766.0
2015-01-04,766.0
2015-01-05,761.0
2015-01-06,758.0
2015-01-07,744.0
2015-01-08,724.0
2015-01-09,709.0
2015-01-10,716.0
2015-01-11,716.0
2015-01-12,723.0
2015-01-13,762.0
2015-01-14,757.0
2015-01-15,749.0
2015-01-16,741.0
2015-01-17,740.0
2015-01-18,740.0
2015-01-19,739.0
2015-01-20,753.0
2015-01-21,770.0
2015-01-22,751.0
2015-01-23,720.0
2015-01-24,711.5
2015-01-25,711.5
2015-01-26,703.0
2015-01-27,688.0
2015-01-28,666.0
2015-01-29,632.0
2015-01-30,608.0
2015-01-31,599.0
2015-02-01,599.0
2015-02-02,590.0
2015-02-03,577.0
2015-02-04,569.0
2015-02-05,564.0
2015-02-06,559.0
2015-02-07,556.5
2015-02-08,556.5
2015-02-09,554.0
2015-02-10,556.0
2015-02-11,553.0
2015-02-12,540.0
2015-02-13,530.0
2015-02-14,526.0
2015-02-15,526.0
2015-02-16,522.0
2015-02-17,516.0
2015-02-18,509.0
2015-02-19,511.0
2015-02-20,513.0
2015-02-21,512.5
2015-02-22,512.5
2015-02-23,512.0
2015-02-24,516.0
2015-02-25,524.0
2015-02-26,533.0
2015-02-27,540.0
2015-02-28,544.0
2015-03-01,544.0
2015-03-02,548.0
2015-03-03,553.0
2015-03-04,559.0
2015-03-05,561.0
2015-03-06,565.0
2015-03-07,566.5
2015-03-08,566.5
2015-03-09,568.0
2015-03-10,568.0
2015-03-11,565.0
2015-03-12,560.0
2015-03-13,562.0
2015-03-14,563.0
2015-03-15,563.0
2015-03-16,564.0
2015-03-17,568.0
2015-03-18,571.0
2015-03-19,584.0
2015-03-20,591.0
2015-03-21,592.5
2015-03-22,592.5
2015-03-23,594.0
2015-03-24,597.0
2015-03-25,598.0
2015-03-26,598.0
2015-03-27,596.0
2015-03-28,597.5
2015-03-29,597.5
2015-03-30,599.0
2015-03-31,602.0
2015-04-01,596.0
2015-04-02,588.0
2015-04-03,585.5
2015-04-04,585.5
2015-04-05,585.5
2015-04-06,585.5
2015-04-07,583.0
2015-04-08,580.0
2015-04-09,580.0
2015-04-10,580.0
2015-04-11,579.0
2015-04-12,579.0
2015-04-13,578.0
2015-04-14,581.0
2015-04-15,586.0
2015-04-16,593.0
2015-04-17,597.0
2015-04-18,597.5
2015-04-19,597.5
2015-04-20,598.0
2015-04-21,601.0
2015-04-22,600.0
2015-04-23,599.0
2015-04-24,600.0
2015-04-25,600.0
2015-04-26,600.0
2015-04-27,600.0
2015-04-28,601.0
2015-04-29,595.0
2015-04-30,591.0
2015-05-01,587.0
2015-05-02,583.5
2015-05-03,583.5
2015-05-04,583.5
2015-05-05,580.0
2015-05-06,575.0
2015-05-07,573.0
2015-05-08,574.0
2015-05-09,576.0
2015-05-10,576.0
2015-05-11,578.0
2015-05-12,589.0
2015-05-13,634.0
2015-05-14,637.0
2015-05-15,634.0
2015-05-16,632.0
2015-05-17,632.0
2015-05-18,630.0
2015-05-19,620.0
2015-05-20,606.0
2015-05-21,592.0
2015-05-22,586.0
2015-05-23,585.0
2015-05-24,585.0
2015-05-25,585.0
2015-05-26,584.0
2015-05-27,587.0
2015-05-28,588.0
2015-05-29,589.0
2015-05-30,589.0
2015-05-31,589.0
2015-06-01,589.0
2015-06-02,591.0
2015-06-03,598.0
2015-06-04,603.0
2015-06-05,610.0
2015-06-06,610.0
2015-06-07,610.0
2015-06-08,610.0
2015-06-09,612.0
2015-06-10,618.0
2015-06-11,629.0
2015-06-12,642.0
2015-06-13,649.0
2015-06-14,649.0
2015-06-15,656.0
2015-06-16,681.0
2015-06-17,725.0
2015-06-18,773.0
2015-06-19,779.0
2015-06-20,779.0
2015-06-21,779.0
2015-06-22,779.0
2015-06-23,790.0
2015-06-24,829.0
2015-06-25,829.0
2015-06-26,823.0
2015-06-27,818.0
2015-06-28,818.0
2015-06-29,813.0
2015-06-30,800.0
2015-07-01,794.0
2015-07-02,794.0
2015-07-03,805.0
2015-07-04,810.0
2015-07-05,810.0
2015-07-06,815.0
2015-07-07,830.0
2015-07-08,840.0
2015-07-09,853.0
2015-07-10,874.0
2015-07-11,887.0
2015-07-12,887.0
2015-07-13,900.0
2015-07-14,915.0
2015-07-15,951.0
2015-07-16,1009.0
2015-07-17,1048.0
2015-07-18,1057.5
2015-07-19,1057.5
2015-07-20,1067.0
2015-07-21,1113.0
2015-07-22,1118.0
2015-07-23,1102.0
2015-07-24,1086.0
2015-07-25,1088.0
2015-07-26,1088.0
2015-07-27,1090.0
2015-07-28,1094.0
2015-07-29,1104.0
2015-07-30,1100.0
2015-07-31,1131.0
2015-08-01,1141.0
2015-08-02,1141.0
2015-08-03,1151.0
2015-08-04,1200.0
2015-08-05,1222.0
2015-08-06,1201.0
2015-08-07,1200.0
2015-08-08,1198.5
2015-08-09,1198.5
2015-08-10,1197.0
2015-08-11,1162.0
2015-08-12,1093.0
2015-08-13,1046.0
2015-08-14,1055.0
2015-08-15,1059.0
2015-08-16,1059.0
2015-08-17,1063.0
2015-08-18,1046.0
2015-08-19,1031.0
2015-08-20,1014.0
2015-08-21,994.0
2015-08-22,981.0
2015-08-23,981.0
2015-08-24,968.0
2015-08-25,942.0
2015-08-26,918.0
2015-08-27,905.0
2015-08-28,903.0
2015-08-29,907.0
2015-08-30,907.0
2015-08-31,907.0
2015-09-01,911.0
2015-09-02,906.0
2015-09-03,891.0
2015-09-04,875.0
2015-09-05,875.5
2015-09-06,875.5
2015-09-07,876.0
2015-09-08,873.0
2015-09-09,855.0
2015-09-10,830.0
2015-09-11,818.0
2015-09-12,811.5
2015-09-13,811.5
2015-09-14,805.0
2015-09-15,802.0
2015-09-16,814.0
2015-09-17,883.0
2015-09-18,960.0
2015-09-19,969.0
2015-09-20,969.0
2015-09-21,978.0
2015-09-22,923.0
2015-09-23,917.0
2015-09-24,922.0
2015-09-25,943.0
2015-09-26,943.0
2015-09-27,943.0
2015-09-28,943.0
2015-09-29,926.0
2015-09-30,900.0
2015-10-01,888.0
2015-10-02,889.0
2015-10-03,885.0
2015-10-04,885.0
2015-10-05,881.0
2015-10-06,869.0
2015-10-07,841.0
2015-10-08,817.0
2015-10-09,809.0
2015-10-10,809.0
2015-10-11,809.0
2015-10-12,809.0
2015-10-13,804.0
2015-10-14,787.0
2015-10-15,766.0
2015-10-16,754.0
2015-10-17,750.5
2015-10-18,750.5
2015-10-19,747.0
2015-10-20,762.0
2015-10-21,780.0
2015-10-22,786.0
2015-10-23,774.0
2015-10-24,766.5
2015-10-25,766.5
2015-10-26,759.0
2015-10-27,739.0
2015-10-28,736.0
2015-10-29,728.0
2015-10-30,721.0
2015-10-31,713.5
2015-11-01,713.5
2015-11-02,706.0
2015-11-03,680.0
2015-11-04,657.0
2015-11-05,640.0
2015-11-06,631.0
2015-11-07,629.5
2015-11-08,629.5
2015-11-09,628.0
2015-11-10,622.0
2015-11-11,599.0
2015-11-12,579.0
2015-11-13,560.0
2015-11-14,555.0
2015-11-15,555.0
2015-11-16,550.0
2015-11-17,537.0
2015-11-18,519.0
2015-11-19,504.0
2015-11-20,498.0
2015-11-21,507.0
2015-11-22,507.0
2015-11-23,516.0
2015-11-24,528.0
2015-11-25,546.0
2015-11-26,562.0
2015-11-27,581.0
2015-11-28,582.5
2015-11-29,582.5
2015-11-30,584.0
2015-12-01,598.0
2015-12-02,590.0
2015-12-03,574.0
2015-12-04,563.0
2015-12-05,557.0
2015-12-06,557.0
2015-12-07,551.0
2015-12-08,551.0
2015-12-09,546.0
2015-12-10,534.0
2015-12-11,522.0
2015-12-12,515.0
2015-12-13,515.0
2015-12-14,508.0
2015-12-15,484.0
2015-12-16,471.0
2015-12-17,471.0
2015-12-18,477.0
2015-12-19,477.5
2015-12-20,477.5
2015-12-21,478.0
2015-12-22,474.0
2015-12-23,475.0
2015-12-24,478.0
2015-12-25,475.5
2015-12-26,475.5
2015-12-27,475.5
2015-12-28,475.5
2015-12-29,475.5
2015-12-30,475.5
2015-12-31,475.5
2016-01-01,475.5
2016-01-02,475.5
2016-01-03,475.5
2016-01-04,473.0
2016-01-05,468.0
2016-01-06,467.0
2016-01-07,445.0
2016-01-08,429.0
2016-01-09,422.0
2016-01-10,422.0
2016-01-11,415.0
2016-01-12,402.0
2016-01-13,394.0
2016-01-14,383.0
2016-01-15,373.0
2016-01-16,371.0
2016-01-17,371.0
2016-01-18,369.0
2016-01-19,363.0
2016-01-20,358.0
2016-01-21,355.0
2016-01-22,354.0
2016-01-23,354.0
2016-01-24,354.0
2016-01-25,354.0
2016-01-26,345.0
2016-01-27,337.0
2016-01-28,325.0
2016-01-29,317.0
2016-01-30,315.5
2016-01-31,315.5
2016-02-01,314.0
2016-02-02,310.0
2016-02-03,303.0
2016-02-04,298.0
2016-02-05,297.0
2016-02-06,295.0
2016-02-07,295.0
2016-02-08,293.0
2016-02-09,291.0
2016-02-10,290.0
2016-02-11,290.0
2016-02-12,291.0
2016-02-13,293.0
2016-02-14,293.0
2016-02-15,295.0
2016-02-16,301.0
2016-02-17,307.0
2016-02-18,313.0
2016-02-19,315.0
2016-02-20,315.5
2016-02-21,315.5
2016-02-22,316.0
2016-02-23,318.0
2016-02-24,322.0
2016-02-25,325.0
2016-02-26,327.0
2016-02-27,328.0
2016-02-28,328.0
2016-02-29,329.0
2016-03-01,332.0
2016-03-02,335.0
2016-03-03,342.0
2016-03-04,349.0
2016-03-05,351.5
2016-03-06,351.5
2016-03-07,354.0
2016-03-08,366.0
2016-03-09,376.0
2016-03-10,384.0
2016-03-11,388.0
2016-03-12,390.5
2016-03-13,390.5
2016-03-14,393.0
2016-03-15,396.0
2016-03-16,393.0
2016-03-17,392.0
2016-03-18,395.0
2016-03-19,396.5
2016-03-20,396.5
2016-03-21,398.0
2016-03-22,398.0
2016-03-23,401.0
2016-03-24,406.0
2016-03-25,407.5
2016-03-26,407.5
2016-03-27,407.5
2016-03-28,407.5
2016-03-29,409.0
2016-03-30,414.0
2016-03-31,429.0
2016-04-01,450.0
2016-04-02,460.5
2016-04-03,460.5
2016-04-04,471.0
2016-04-05,487.0
2016-04-06,500.0
2016-04-07,517.0
2016-04-08,539.0
2016-04-09,547.0
2016-04-10,547.0
2016-04-11,555.0
2016-04-12,560.0
2016-04-13,567.0
2016-04-14,597.0
2016-04-15,635.0
2016-04-16,647.0
2016-04-17,647.0
2016-04-18,659.0
2016-04-19,671.0
2016-04-20,669.0
2016-04-21,670.0
2016-04-22,688.0
2016-04-23,689.0
2016-04-24,689.0
2016-04-25,690.0
2016-04-26,704.0
2016-04-27,715.0
2016-04-28,710.0
2016-04-29,703.0
2016-04-30,692.5
2016-05-01,692.5
2016-05-02,692.5
2016-05-03,682.0
2016-05-04,652.0
2016-05-05,642.0
2016-05-06,631.0
2016-05-07,623.5
2016-05-08,623.5
2016-05-09,616.0
2016-05-10,594.0
2016-05-11,579.0
2016-05-12,579.0
2016-05-13,600.0
2016-05-14,606.5
2016-05-15,606.5
2016-05-16,613.0
2016-05-17,643.0
2016-05-18,642.0
2016-05-19,634.0
2016-05-20,625.0
2016-05-21,624.5
2016-05-22,624.5
2016-05-23,624.0
2016-05-24,618.0
2016-05-25,605.0
2016-05-26,601.0
2016-05-27,606.0
2016-05-28,609.0
2016-05-29,609.0
2016-05-30,609.0
2016-05-31,612.0
2016-06-01,612.0
2016-06-02,606.0
2016-06-03,610.0
2016-06-04,608.5
2016-06-05,608.5
2016-06-06,607.0
2016-06-07,606.0
2016-06-08,610.0
2016-06-09,611.0
2016-06-10,610.0
2016-06-11,609.5
2016-06-12,609.5
2016-06-13,609.0
2016-06-14,608.0
2016-06-15,604.0
2016-06-16,598.0
2016-06-17,587.0
2016-06-18,584.5
2016-06-19,584.5
2016-06-20,582.0
2016-06-21,580.0
2016-06-22,585.0
2016-06-23,596.0
2016-06-24,609.0
2016-06-25,612.5
2016-06-26,612.5
2016-06-27,616.0
2016-06-28,627.0
2016-06-29,640.0
2016-06-30,660.0
2016-07-01,677.0
2016-07-02,682.5
2016-07-03,682.5
2016-07-04,688.0
2016-07-05,692.0
2016-07-06,694.0
2016-07-07,699.0
2016-07-08,703.0
2016-07-09,703.5
2016-07-10,703.5
2016-07-11,704.0
2016-07-12,711.0
2016-07-13,726.0
2016-07-14,738.0
2016-07-15,745.0
2016-07-16,746.5
2016-07-17,746.5
2016-07-18,748.0
2016-07-19,746.0
2016-07-20,736.0
2016-07-21,726.0
2016-07-22,718.0
2016-07-23,713.5
2016-07-24,713.5
2016-07-25,709.0
2016-07-26,696.0
2016-07-27,679.0
2016-07-28,665.0
2016-07-29,656.0
2016-07-30,653.0
2016-07-31,653.0
2016-08-01,650.0
2016-08-02,645.0
2016-08-03,641.0
2016-08-04,636.0
2016-08-05,636.0
2016-08-06,636.0
2016-08-07,636.0
2016-08-08,636.0
2016-08-09,631.0
2016-08-10,638.0
2016-08-11,653.0
2016-08-12,671.0
2016-08-13,676.0
2016-08-14,676.0
2016-08-15,681.0
2016-08-16,687.0
2016-08-17,685.0
2016-08-18,682.0
2016-08-19,683.0
2016-08-20,685.0
2016-08-21,685.0
2016-08-22,687.0
2016-08-23,692.0
2016-08-24,706.0
2016-08-25,718.0
2016-08-26,720.0
2016-08-27,717.5
2016-08-28,717.5
2016-08-29,717.5
2016-08-30,715.0
2016-08-31,711.0
2016-09-01,712.0
2016-09-02,720.0
2016-09-03,722.0
2016-09-04,722.0
2016-09-05,724.0
2016-09-06,745.0
2016-09-07,773.0
2016-09-08,792.0
2016-09-09,804.0
2016-09-10,804.0
2016-09-11,804.0
2016-09-12,804.0
2016-09-13,796.0
2016-09-14,756.0
2016-09-15,764.0
2016-09-16,800.0
2016-09-17,818.0
2016-09-18,818.0
2016-09-19,836.0
2016-09-20,865.0
2016-09-21,903.0
2016-09-22,937.0
2016-09-23,941.0
2016-09-24,937.5
2016-09-25,937.5
2016-09-26,934.0
2016-09-27,930.0
2016-09-28,912.0
2016-09-29,888.0
2016-09-30,875.0
2016-10-01,869.5
2016-10-02,869.5
2016-10-03,864.0
2016-10-04,860.0
2016-10-05,869.0
2016-10-06,915.0
2016-10-07,921.0
2016-10-08,921.5
2016-10-09,921.5
2016-10-10,922.0
2016-10-11,922.0
2016-10-12,906.0
2016-10-13,885.0
2016-10-14,892.0
2016-10-15,893.0
2016-10-16,893.0
2016-10-17,894.0
2016-10-18,890.0
2016-10-19,872.0
2016-10-20,849.0
2016-10-21,842.0
2016-10-22,836.5
2016-10-23,836.5
2016-10-24,831.0
2016-10-25,813.0
2016-10-26,802.0
2016-10-27,798.0
2016-10-28,834.0
2016-10-29,845.5
2016-10-30,845.5
2016-10-31,857.0
2016-11-01,838.0
2016-11-02,834.0
2016-11-03,849.0
2016-11-04,855.0
2016-11-05,862.5
2016-11-06,862.5
2016-11-07,870.0
2016-11-08,911.0
2016-11-09,954.0
2016-11-10,974.0
2016-11-11,1045.0
2016-11-12,1055.0
2016-11-13,1055.0
2016-11-14,1065.0
2016-11-15,1084.0
2016-11-16,1145.0
2016-11-17,1231.0
2016-11-18,1257.0
2016-11-19,1248.5
2016-11-20,1248.5
2016-11-21,1240.0
2016-11-22,1232.0
2016-11-23,1224.0
2016-11-24,1201.0
2016-11-25,1181.0
2016-11-26,1182.5
2016-11-27,1182.5
2016-11-28,1184.0
2016-11-29,1202.0
2016-11-30,1204.0
2016-12-01,1196.0
2016-12-02,1198.0
2016-12-03,1197.0
2016-12-04,1197.0
2016-12-05,1196.0
2016-12-06,1186.0
2016-12-07,1162.0
2016-12-08,1122.0
2016-12-09,1090.0
2016-12-10,1079.5
2016-12-11,1079.5
2016-12-12,1069.0
2016-12-13,1052.0
2016-12-14,1003.0
2016-12-15,966.0
2016-12-16,946.0
2016-12-17,936.5
2016-12-18,936.5
2016-12-19,927.0
2016-12-20,914.0
2016-12-21,926.0
2016-12-22,928.0
2016-12-23,961.0
2016-12-24,957.0
2016-12-25,957.0
2016-12-26,957.0
2016-12-27,957.0
2016-12-28,957.0
2016-12-29,957.0
2016-12-30,957.0
2016-12-31,957.0
2017-01-01,957.0
2017-01-02,957.0
2017-01-03,953.0
2017-01-04,969.0
2017-01-05,983.0
2017-01-06,963.0
2017-01-07,956.0
2017-01-08,956.0
2017-01-09,949.0
2017-01-10,926.0
2017-01-11,894.0
2017-01-12,892.0
2017-01-13,910.0
2017-01-14,917.5
2017-01-15,917.5
2017-01-16,925.0
2017-01-17,922.0
2017-01-18,952.0
2017-01-19,942.0
2017-01-20,925.0
2017-01-21,919.5
2017-01-22,919.5
2017-01-23,914.0
2017-01-24,886.0
2017-01-25,862.0
2017-01-26,840.0
2017-01-27,827.0
2017-01-28,821.5
2017-01-29,821.5
2017-01-30,816.0
2017-01-31,800.0
2017-02-01,786.0
2017-02-02,770.0
2017-02-03,752.0
2017-02-04,743.5
2017-02-05,743.5
2017-02-06,735.0
2017-02-07,714.0
2017-02-08,702.0
2017-02-09,707.0
2017-02-10,702.0
2017-02-11,695.0
2017-02-12,695.0
2017-02-13,688.0
2017-02-14,685.0
2017-02-15,688.0
2017-02-16,710.0
2017-02-17,741.0
2017-02-18,749.0
2017-02-19,749.0
2017-02-20,757.0
2017-02-21,778.0
2017-02-22,806.0
2017-02-23,856.0
2017-02-24,875.0
2017-02-25,876.5
2017-02-26,876.5
2017-02-27,878.0
2017-02-28,859.0
2017-03-01,871.0
2017-03-02,904.0
2017-03-03,939.0
2017-03-04,959.0
2017-03-05,959.0
2017-03-06,979.0
2017-03-07,1033.0
2017-03-08,1045.0
2017-03-09,1064.0
2017-03-10,1086.0
2017-03-11,1092.5
2017-03-12,1092.5
2017-03-13,1099.0
2017-03-14,1112.0
2017-03-15,1147.0
2017-03-16,1172.0
2017-03-17,1196.0
2017-03-18,1200.5
2017-03-19,1200.5
2017-03-20,1205.0
2017-03-21,1200.0
2017-03-22,1190.0
2017-03-23,1196.0
2017-03-24,1240.0
2017-03-25,1261.0
2017-03-26,1261.0
2017-03-27,1282.0
2017-03-28,1333.0
2017-03-29,1338.0
2017-03-30,1324.0
2017-03-31,1297.0
2017-04-01,1289.5
2017-04-02,1289.5
2017-04-03,1282.0
2017-04-04,1255.0
2017-04-05,1223.0
2017-04-06,1215.0
2017-04-07,1223.0
2017-04-08,1227.0
2017-04-09,1227.0
2017-04-10,1231.0
2017-04-11,1262.0
2017-04-12,1282.0
2017-04-13,1296.0
2017-04-14,1295.0
2017-04-15,1295.0
2017-04-16,1295.0
2017-04-17,1295.0
2017-04-18,1294.0
2017-04-19,1278.0
2017-04-20,1243.0
2017-04-21,1195.0
2017-04-22,1182.5
2017-04-23,1182.5
2017-04-24,1170.0
2017-04-25,1154.0
2017-04-26,1147.0
2017-04-27,1134.0
2017-04-28,1109.0
2017-04-29,1091.0
2017-04-30,1091.0
2017-05-01,1091.0
2017-05-02,1073.0
2017-05-03,1034.0
2017-05-04,1004.0
2017-05-05,994.0
2017-05-06,997.5
2017-05-07,997.5
2017-05-08,1001.0
2017-05-09,1007.0
2017-05-10,1005.0
2017-05-11,1012.0
2017-05-12,1014.0
2017-05-13,1004.0
2017-05-14,1004.0
2017-05-15,994.0
2017-05-16,980.0
2017-05-17,960.0
2017-05-18,957.0
2017-05-19,956.0
2017-05-20,955.0
2017-05-21,955.0
2017-05-22,954.0
2017-05-23,949.0
2017-05-24,934.0
2017-05-25,918.0
2017-05-26,912.0
2017-05-27,906.0
2017-05-28,906.0
2017-05-29,906.0
2017-05-30,900.0
2017-05-31,878.0
2017-06-01,850.0
2017-06-02,830.0
2017-06-03,825.5
2017-06-04,825.5
2017-06-05,821.0
2017-06-06,818.0
2017-06-07,821.0
2017-06-08,824.0
2017-06-09,849.0
2017-06-10,859.5
2017-06-11,859.5
2017-06-12,870.0
2017-06-13,870.0
2017-06-14,865.0
2017-06-15,855.0
2017-06-16,851.0
2017-06-17,849.5
2017-06-18,849.5
2017-06-19,848.0
2017-06-20,847.0
2017-06-21,844.0
2017-06-22,855.0
2017-06-23,870.0
2017-06-24,877.0
2017-06-25,877.0
2017-06-26,884.0
2017-06-27,903.0
2017-06-28,929.0
2017-06-29,920.0
2017-06-30,901.0
2017-07-01,891.5
2017-07-02,891.5
2017-07-03,882.0
2017-07-04,871.0
2017-07-05,847.0
2017-07-06,829.0
2017-07-07,822.0
2017-07-08,821.0
2017-07-09,821.0
2017-07-10,820.0
2017-07-11,830.0
2017-07-12,859.0
2017-07-13,888.0
2017-07-14,900.0
2017-07-15,906.0
2017-07-16,906.0
2017-07-17,912.0
2017-07-18,932.0
2017-07-19,948.0
2017-07-20,964.0
2017-07-21,977.0
2017-07-22,977.0
2017-07-23,977.0
2017-07-24,977.0
2017-07-25,980.0
2017-07-26,968.0
2017-07-27,942.0
2017-07-28,933.0
2017-07-29,939.5
2017-07-30,939.5
2017-07-31,946.0
2017-08-01,965.0
2017-08-02,993.0
2017-08-03,1023.0
2017-08-04,1032.0
2017-08-05,1034.0
2017-08-06,1034.0
2017-08-07,1036.0
2017-08-08,1038.0
2017-08-09,1050.0
2017-08-10,1092.0
2017-08-11,1138.0
2017-08-12,1146.5
2017-08-13,1146.5
2017-08-14,1155.0
2017-08-15,1169.0
2017-08-16,1207.0
2017-08-17,1247.0
2017-08-18,1260.0
2017-08-19,1263.0
2017-08-20,1263.0
2017-08-21,1266.0
2017-08-22,1249.0
2017-08-23,1222.0
2017-08-24,1200.0
2017-08-25,1209.0
2017-08-26,1206.0
2017-08-27,1206.0
2017-08-28,1206.0
2017-08-29,1203.0
2017-08-30,1181.0
2017-08-31,1184.0
2017-09-01,1183.0
2017-09-02,1185.0
2017-09-03,1185.0
2017-09-04,1187.0
2017-09-05,1215.0
2017-09-06,1250.0
2017-09-07,1296.0
2017-09-08,1332.0
2017-09-09,1343.5
2017-09-10,1343.5
2017-09-11,1355.0
2017-09-12,1344.0
2017-09-13,1337.0
2017-09-14,1361.0
2017-09-15,1385.0
2017-09-16,1391.5
2017-09-17,1391.5
2017-09-18,1398.0
2017-09-19,1415.0
2017-09-20,1449.0
2017-09-21,1470.0
2017-09-22,1502.0
2017-09-23,1502.5
2017-09-24,1502.5
2017-09-25,1503.0
2017-09-26,1476.0
2017-09-27,1429.0
2017-09-28,1391.0
2017-09-29,1356.0
2017-09-30,1342.0
2017-10-01,1342.0
2017-10-02,1328.0
2017-10-03,1308.0
2017-10-04,1320.0
2017-10-05,1382.0
2017-10-06,1405.0
2017-10-07,1408.0
2017-10-08,1408.0
2017-10-09,1411.0
2017-10-10,1418.0
2017-10-11,1433.0
2017-10-12,1458.0
2017-10-13,1485.0
2017-10-14,1504.0
2017-10-15,1504.0
2017-10-16,1523.0
2017-10-17,1552.0
2017-10-18,1566.0
2017-10-19,1582.0
2017-10-20,1578.0
2017-10-21,1582.0
2017-10-22,1582.0
2017-10-23,1586.0
2017-10-24,1588.0
2017-10-25,1573.0
2017-10-26,1555.0
2017-10-27,1546.0
2017-10-28,1540.0
2017-10-29,1540.0
2017-10-30,1534.0
2017-10-31,1522.0
2017-11-01,1496.0
2017-11-02,1482.0
2017-11-03,1476.0
2017-11-04,1474.5
2017-11-05,1474.5
2017-11-06,1473.0
2017-11-07,1477.0
2017-11-08,1486.0
2017-11-09,1481.0
2017-11-10,1464.0
2017-11-11,1454.5
2017-11-12,1454.5
2017-11-13,1445.0
2017-11-14,1405.0
2017-11-15,1374.0
2017-11-16,1361.0
2017-11-17,1371.0
2017-11-18,1378.0
2017-11-19,1378.0
2017-11-20,1385.0
2017-11-21,1396.0
2017-11-22,1413.0
2017-11-23,1445.0
2017-11-24,1458.0
2017-11-25,1467.5
2017-11-26,1467.5
2017-11-27,1477.0
2017-11-28,1506.0
2017-11-29,1536.0
2017-11-30,1578.0
2017-12-01,1626.0
2017-12-02,1644.0
2017-12-03,1644.0
2017-12-04,1662.0
2017-12-05,1666.0
2017-12-06,1670.0
2017-12-07,1679.0
2017-12-08,1702.0
2017-12-09,1714.5
2017-12-10,1714.5
2017-12-11,1727.0
2017-12-12,1743.0
2017-12-13,1730.0
2017-12-14,1668.0
2017-12-15,1619.0
2017-12-16,1603.5
2017-12-17,1603.5
2017-12-18,1588.0
2017-12-19,1547.0
2017-12-20,1476.0
2017-12-21,1430.0
2017-12-22,1366.0
2017-12-23,1298.0
2017-12-24,1298.0
2017-12-25,1298.0
2017-12-26,1298.0
2017-12-27,1298.0
2017-12-28,1298.0
2017-12-29,1298.0
2017-12-30,1298.0
2017-12-31,1298.0
2018-01-01,1298.0
2018-01-02,1230.0
2018-01-03,1262.0
2018-01-04,1341.0
2018-01-05,1371.0
2018-01-06,1378.0
2018-01-07,1378.0
2018-01-08,1385.0
2018-01-09,1395.0
2018-01-10,1366.0
2018-01-11,1303.0
2018-01-12,1279.0
2018-01-13,1271.5
2018-01-14,1271.5
2018-01-15,1264.0
2018-01-16,1221.0
2018-01-17,1164.0
2018-01-18,1139.0
2018-01-19,1125.0
2018-01-20,1127.0
2018-01-21,1127.0
2018-01-22,1129.0
2018-01-23,1157.0
2018-01-24,1200.0
2018-01-25,1217.0
2018-01-26,1219.0
2018-01-27,1216.5
2018-01-28,1216.5
2018-01-29,1214.0
2018-01-30,1191.0
2018-01-31,1152.0
2018-02-01,1114.0
2018-02-02,1095.0
2018-02-03,1088.5
2018-02-04,1088.5
2018-02-05,1082.0
2018-02-06,1095.0
2018-02-07,1097.0
2018-02-08,1106.0
2018-02-09,1125.0
2018-02-10,1124.0
2018-02-11,1124.0
2018-02-12,1123.0
2018-02-13,1114.0
2018-02-14,1095.0
2018-02-15,1089.0
2018-02-16,1084.0
2018-02-17,1085.5
2018-02-18,1085.5
2018-02-19,1087.0
2018-02-20,1117.0
2018-02-21,1146.0
2018-02-22,1167.0
2018-02-23,1185.0
2018-02-24,1188.0
2018-02-25,1188.0
2018-02-26,1191.0
2018-02-27,1188.0
2018-02-28,1192.0
2018-03-01,1196.0
2018-03-02,1207.0
2018-03-03,1208.5
2018-03-04,1208.5
2018-03-05,1210.0
2018-03-06,1212.0
2018-03-07,1191.0
2018-03-08,1197.0
2018-03-09,1201.0
2018-03-10,1196.5
2018-03-11,1196.5
2018-03-12,1192.0
2018-03-13,1179.0
2018-03-14,1169.0
2018-03-15,1150.0
2018-03-16,1143.0
2018-03-17,1139.5
2018-03-18,1139.5
2018-03-19,1136.0
2018-03-20,1122.0
2018-03-21,1117.0
2018-03-22,1117.0
2018-03-23,1122.0
2018-03-24,1124.0
2018-03-25,1124.0
2018-03-26,1126.0
2018-03-27,1117.0
2018-03-28,1080.0
2018-03-29,1055.0
2018-03-30,1035.5
2018-03-31,1035.5
2018-04-01,1035.5
2018-04-02,1035.5
2018-04-03,1016.0
2018-04-04,977.0
2018-04-05,953.0
2018-04-06,948.0
2018-04-07,950.0
2018-04-08,950.0
2018-04-09,952.0
2018-04-10,974.0
2018-04-11,979.0
2018-04-12,993.0
2018-04-13,1014.0
2018-04-14,1019.5
2018-04-15,1019.5
2018-04-16,1025.0
2018-04-17,1052.0
2018-04-18,1124.0
2018-04-19,1201.0
2018-04-20,1281.0
2018-04-21,1293.5
2018-04-22,1293.5
2018-04-23,1306.0
2018-04-24,1330.0
2018-04-25,1376.0
2018-04-26,1375.0
2018-04-27,1361.0
2018-04-28,1351.0
2018-04-29,1351.0
2018-04-30,1341.0
2018-05-01,1327.0
2018-05-02,1346.0
2018-05-03,1376.0
2018-05-04,1384.0
2018-05-05,1408.0
2018-05-06,1408.0
2018-05-07,1408.0
2018-05-08,1432.0
2018-05-09,1465.0
2018-05-10,1453.0
2018-05-11,1472.0
2018-05-12,1474.0
2018-05-13,1474.0
2018-05-14,1476.0
2018-05-15,1468.0
2018-05-16,1403.0
2018-05-17,1305.0
2018-05-18,1273.0
2018-05-19,1256.0
2018-05-20,1256.0
2018-05-21,1239.0
2018-05-22,1199.0
2018-05-23,1162.0
2018-05-24,1109.0
2018-05-25,1077.0
2018-05-26,1067.0
2018-05-27,1067.0
2018-05-28,1067.0
2018-05-29,1057.0
2018-05-30,1042.0
2018-05-31,1090.0
2018-06-01,1156.0
2018-06-02,1174.5
2018-06-03,1174.5
2018-06-04,1193.0
2018-06-05,1249.0
2018-06-06,1340.0
2018-06-07,1395.0
2018-06-08,1391.0
2018-06-09,1389.0
2018-06-10,1389.0
2018-06-11,1387.0
2018-06-12,1390.0
2018-06-13,1404.0
2018-06-14,1433.0
2018-06-15,1445.0
2018-06-16,1443.5
2018-06-17,1443.5
2018-06-18,1442.0
2018-06-19,1419.0
2018-06-20,1373.0
2018-06-21,1347.0
2018-06-22,1341.0
2018-06-23,1337.0
2018-06-24,1337.0
2018-06-25,1333.0
2018-06-26,1323.0
2018-06-27,1309.0
2018-06-28,1329.0
2018-06-29,1385.0
2018-06-30,1403.5
2018-07-01,1403.5
2018-07-02,1422.0
2018-07-03,1476.0
2018-07-04,1567.0
2018-07-05,1612.0
2018-07-06,1622.0
2018-07-07,1615.5
2018-07-08,1615.5
2018-07-09,1609.0
2018-07-10,1555.0
2018-07-11,1586.0
2018-07-12,1632.0
2018-07-13,1666.0
2018-07-14,1680.5
2018-07-15,1680.5
2018-07-16,1695.0
2018-07-17,1721.0
2018-07-18,1688.0
2018-07-19,1657.0
2018-07-20,1689.0
2018-07-21,1703.5
2018-07-22,1703.5
2018-07-23,1718.0
2018-07-24,1774.0
2018-07-25,1772.0
2018-07-26,1708.0
2018-07-27,1676.0
2018-07-28,1689.5
2018-07-29,1689.5
2018-07-30,1703.0
2018-07-31,1747.0
2018-08-01,1760.0
2018-08-02,1756.0
2018-08-03,1773.0
2018-08-04,1773.0
2018-08-05,1773.0
2018-08-06,1773.0
2018-08-07,1732.0
2018-08-08,1704.0
2018-08-09,1694.0
2018-08-10,1691.0
2018-08-11,1700.0
2018-08-12,1700.0
2018-08-13,1709.0
2018-08-14,1725.0
2018-08-15,1727.0
2018-08-16,1720.0
2018-08-17,1723.0
2018-08-18,1725.0
2018-08-19,1725.0
2018-08-20,1727.0
2018-08-21,1736.0
2018-08-22,1735.0
2018-08-23,1709.0
2018-08-24,1697.0
2018-08-25,1690.5
2018-08-26,1690.5
2018-08-27,1690.5
2018-08-28,1684.0
2018-08-29,1661.0
2018-08-30,1614.0
2018-08-31,1579.0
2018-09-01,1568.0
2018-09-02,1568.0
2018-09-03,1557.0
2018-09-04,1513.0
2018-09-05,1477.0
2018-09-06,1484.0
2018-09-07,1490.0
2018-09-08,1486.0
2018-09-09,1486.0
2018-09-10,1482.0
2018-09-11,1439.0
2018-09-12,1411.0
2018-09-13,1382.0
2018-09-14,1366.0
2018-09-15,1361.5
2018-09-16,1361.5
2018-09-17,1357.0
2018-09-18,1356.0
2018-09-19,1373.0
2018-09-20,1396.0
2018-09-21,1413.0
2018-09-22,1423.5
2018-09-23,1423.5
2018-09-24,1434.0
2018-09-25,1450.0
2018-09-26,1503.0
2018-09-27,1524.0
2018-09-28,1540.0
2018-09-29,1547.5
2018-09-30,1547.5
2018-10-01,1555.0
2018-10-02,1570.0
2018-10-03,1574.0
2018-10-04,1554.0
2018-10-05,1536.0
2018-10-06,1533.0
2018-10-07,1533.0
2018-10-08,1530.0
2018-10-09,1503.0
2018-10-10,1493.0
2018-10-11,1515.0
2018-10-12,1579.0
2018-10-13,1581.5
2018-10-14,1581.5
2018-10-15,1584.0
2018-10-16,1578.0
2018-10-17,1554.0
2018-10-18,1565.0
2018-10-19,1576.0
2018-10-20,1577.5
2018-10-21,1577.5
2018-10-22,1579.0
2018-10-23,1577.0
2018-10-24,1546.0
2018-10-25,1516.0
2018-10-26,1519.0
2018-10-27,1520.5
2018-10-28,1520.5
2018-10-29,1522.0
2018-10-30,1513.0
2018-10-31,1490.0
2018-11-01,1470.0
2018-11-02,1457.0
2018-11-03,1442.5
2018-11-04,1442.5
2018-11-05,1428.0
2018-11-06,1395.0
2018-11-07,1304.0
2018-11-08,1231.0
2018-11-09,1147.0
2018-11-10,1136.0
2018-11-11,1136.0
2018-11-12,1125.0
2018-11-13,1064.0
2018-11-14,1009.0
2018-11-15,1020.0
2018-11-16,1031.0
2018-11-17,1027.0
2018-11-18,1027.0
2018-11-19,1023.0
2018-11-20,1003.0
2018-11-21,1008.0
2018-11-22,1018.0
2018-11-23,1093.0
2018-11-24,1155.0
2018-11-25,1155.0
2018-11-26,1217.0
2018-11-27,1339.0
2018-11-28,1330.0
2018-11-29,1281.0
2018-11-30,1231.0
2018-12-01,1217.0
2018-12-02,1217.0
2018-12-03,1203.0
2018-12-04,1237.0
2018-12-05,1296.0
2018-12-06,1339.0
2018-12-07,1372.0
2018-12-08,1378.5
2018-12-09,1378.5
2018-12-10,1385.0
2018-12-11,1364.0
2018-12-12,1353.0
2018-12-13,1365.0
2018-12-14,1401.0
2018-12-15,1403.5
2018-12-16,1403.5
2018-12-17,1406.0
2018-12-18,1395.0
2018-12-19,1378.0
2018-12-20,1318.0
2018-12-21,1279.0
2018-12-22,1275.0
2018-12-23,1275.0
2018-12-24,1271.0
2018-12-25,1276.5
2018-12-26,1276.5
2018-12-27,1276.5
2018-12-28,1276.5
2018-12-29,1276.5
2018-12-30,1276.5
2018-12-31,1276.5
2019-01-01,1276.5
2019-01-02,1282.0
2019-01-03,1267.0
2019-01-04,1260.0
2019-01-05,1253.5
2019-01-06,1253.5
2019-01-07,1247.0
2019-01-08,1262.0
2019-01-09,1238.0
2019-01-10,1189.0
2019-01-11,1169.0
2019-01-12,1158.0
2019-01-13,1158.0
2019-01-14,1147.0
2019-01-15,1096.0
2019-01-16,1055.0
2019-01-17,1077.0
2019-01-18,1112.0
2019-01-19,1102.0
2019-01-20,1102.0
2019-01-21,1092.0
2019-01-22,1036.0
2019-01-23,982.0
2019-01-24,939.0
2019-01-25,905.0
2019-01-26,878.5
2019-01-27,878.5
2019-01-28,852.0
2019-01-29,797.0
2019-01-30,721.0
2019-01-31,668.0
2019-02-01,645.0
2019-02-02,639.5
2019-02-03,639.5
2019-02-04,634.0
2019-02-05,629.0
2019-02-06,629.0
2019-02-07,610.0
2019-02-08,601.0
2019-02-09,598.0
2019-02-10,598.0
2019-02-11,595.0
2019-02-12,598.0
2019-02-13,608.0
2019-02-14,628.0
2019-02-15,639.0
2019-02-16,641.0
2019-02-17,641.0
2019-02-18,643.0
2019-02-19,635.0
2019-02-20,622.0
2019-02-21,630.0
2019-02-22,634.0
2019-02-23,635.5
2019-02-24,635.5
2019-02-25,637.0
2019-02-26,649.0
2019-02-27,651.0
2019-02-28,658.0
2019-03-01,664.0
2019-03-02,666.5
2019-03-03,666.5
2019-03-04,669.0
2019-03-05,663.0
2019-03-06,664.0
2019-03-07,657.0
2019-03-08,649.0
2019-03-09,647.0
2019-03-10,647.0
2019-03-11,645.0
2019-03-12,647.0
2019-03-13,654.0
2019-03-14,677.0
2019-03-15,730.0
2019-03-16,725.5
2019-03-17,725.5
2019-03-18,721.0
2019-03-19,712.0
2019-03-20,709.0
2019-03-21,695.0
2019-03-22,690.0
2019-03-23,689.5
2019-03-24,689.5
2019-03-25,689.0
2019-03-26,683.0
2019-03-27,690.0
2019-03-28,692.0
2019-03-29,689.0
2019-03-30,687.0
2019-03-31,687.0
2019-04-01,685.0
2019-04-02,674.0
2019-04-03,672.0
2019-04-04,699.0
2019-04-05,711.0
2019-04-06,712.5
2019-04-07,712.5
2019-04-08,714.0
2019-04-09,725.0
2019-04-10,734.0
2019-04-11,728.0
2019-04-12,726.0
2019-04-13,732.0
2019-04-14,732.0
2019-04-15,738.0
2019-04-16,749.0
2019-04-17,767.0
2019-04-18,790.0
2019-04-19,805.5
2019-04-20,805.5
2019-04-21,805.5
2019-04-22,805.5
2019-04-23,821.0
2019-04-24,850.0
2019-04-25,869.0
2019-04-26,889.0
2019-04-27,901.0
2019-04-28,901.0
2019-04-29,913.0
2019-04-30,1011.0
2019-05-01,1031.0
2019-05-02,1032.0
2019-05-03,985.0
2019-05-04,960.5
2019-05-05,960.5
2019-05-06,960.5
2019-05-07,936.0
2019-05-08,940.0
2019-05-09,974.0
2019-05-10,1013.0
2019-05-11,1019.5
2019-05-12,1019.5
2019-05-13,1026.0
2019-05-14,1043.0
2019-05-15,1032.0
2019-05-16,1032.0
2019-05-17,1040.0
2019-05-18,1040.5
2019-05-19,1040.5
2019-05-20,1041.0
2019-05-21,1049.0
2019-05-22,1059.0
2019-05-23,1068.0
2019-05-24,1066.0
2019-05-25,1074.0
2019-05-26,1074.0
2019-05-27,1074.0
2019-05-28,1082.0
2019-05-29,1107.0
2019-05-30,1097.0
2019-05-31,1096.0
2019-06-01,1099.5
2019-06-02,1099.5
2019-06-03,1103.0
2019-06-04,1122.0
2019-06-05,1141.0
2019-06-06,1138.0
2019-06-07,1138.0
2019-06-08,1131.5
2019-06-09,1131.5
2019-06-10,1125.0
2019-06-11,1105.0
2019-06-12,1080.0
2019-06-13,1062.0
2019-06-14,1085.0
2019-06-15,1089.0
2019-06-16,1089.0
2019-06-17,1093.0
2019-06-18,1135.0
2019-06-19,1179.0
2019-06-20,1194.0
2019-06-21,1239.0
2019-06-22,1248.5
2019-06-23,1248.5
2019-06-24,1258.0
2019-06-25,1280.0
2019-06-26,1317.0
2019-06-27,1340.0
2019-06-28,1354.0
2019-06-29,1367.5
2019-06-30,1367.5
2019-07-01,1381.0
2019-07-02,1446.0
2019-07-03,1549.0
2019-07-04,1700.0
2019-07-05,1740.0
2019-07-06,1732.5
2019-07-07,1732.5
2019-07-08,1725.0
2019-07-09,1759.0
2019-07-10,1777.0
2019-07-11,1816.0
2019-07-12,1865.0
2019-07-13,1896.5
2019-07-14,1896.5
2019-07-15,1928.0
2019-07-16,2011.0
2019-07-17,2064.0
2019-07-18,2130.0
2019-07-19,2170.0
2019-07-20,2180.5
2019-07-21,2180.5
2019-07-22,2191.0
2019-07-23,2165.0
2019-07-24,2014.0
2019-07-25,1947.0
2019-07-26,1937.0
2019-07-27,1929.5
2019-07-28,1929.5
2019-07-29,1922.0
2019-07-30,1899.0
2019-07-31,1868.0
2019-08-01,1812.0
2019-08-02,1788.0
2019-08-03,1781.0
2019-08-04,1781.0
2019-08-05,1774.0
2019-08-06,1734.0
2019-08-07,1712.0
2019-08-08,1720.0
2019-08-09,1748.0
2019-08-10,1761.0
2019-08-11,1761.0
2019-08-12,1774.0
2019-08-13,1864.0
2019-08-14,1950.0
2019-08-15,2047.0
2019-08-16,2088.0
2019-08-17,2077.5
2019-08-18,2077.5
2019-08-19,2067.0
2019-08-20,2059.0
2019-08-21,2061.0
2019-08-22,2118.0
2019-08-23,2168.0
2019-08-24,2190.5
2019-08-25,2190.5
2019-08-26,2190.5
2019-08-27,2213.0
2019-08-28,2267.0
2019-08-29,2277.0
2019-08-30,2378.0
2019-08-31,2410.0
2019-09-01,2410.0
2019-09-02,2442.0
2019-09-03,2501.0
2019-09-04,2518.0
2019-09-05,2499.0
2019-09-06,2462.0
2019-09-07,2442.0
2019-09-08,2442.0
2019-09-09,2422.0
2019-09-10,2393.0
2019-09-11,2366.0
2019-09-12,2331.0
2019-09-13,2312.0
2019-09-14,2311.5
2019-09-15,2311.5
2019-09-16,2311.0
2019-09-17,2283.0
2019-09-18,2266.0
2019-09-19,2192.0
2019-09-20,2131.0
2019-09-21,2119.5
2019-09-22,2119.5
2019-09-23,2108.0
2019-09-24,2116.0
2019-09-25,2053.0
2019-09-26,1963.0
2019-09-27,1857.0
2019-09-28,1840.0
2019-09-29,1840.0
2019-09-30,1823.0
2019-10-01,1809.0
2019-10-02,1803.0
2019-10-03,1757.0
2019-10-04,1767.0
2019-10-05,1768.5
2019-10-06,1768.5
2019-10-07,1770.0
2019-10-08,1801.0
2019-10-09,1873.0
2019-10-10,1929.0
2019-10-11,1924.0
2019-10-12,1920.0
2019-10-13,1920.0
2019-10-14,1916.0
2019-10-15,1898.0
2019-10-16,1897.0
2019-10-17,1861.0
2019-10-18,1855.0
2019-10-19,1850.5
2019-10-20,1850.5
2019-10-21,1846.0
2019-10-22,1806.0
2019-10-23,1779.0
2019-10-24,1785.0
2019-10-25,1801.0
2019-10-26,1802.0
2019-10-27,1802.0
2019-10-28,1803.0
2019-10-29,1802.0
2019-10-30,1782.0
2019-10-31,1731.0
2019-11-01,1697.0
2019-11-02,1686.0
2019-11-03,1686.0
2019-11-04,1675.0
2019-11-05,1656.0
2019-11-06,1533.0
2019-11-07,1428.0
2019-11-08,1378.0
2019-11-09,1361.5
2019-11-10,1361.5
2019-11-11,1345.0
2019-11-12,1354.0
2019-11-13,1365.0
2019-11-14,1364.0
2019-11-15,1357.0
2019-11-16,1347.5
2019-11-17,1347.5
2019-11-18,1338.0
2019-11-19,1304.0
2019-11-20,1260.0
2019-11-21,1255.0
2019-11-22,1284.0
2019-11-23,1317.5
2019-11-24,1317.5
2019-11-25,1351.0
2019-11-26,1426.0
2019-11-27,1440.0
2019-11-28,1467.0
2019-11-29,1528.0
2019-11-30,1548.0
2019-12-01,1548.0
2019-12-02,1568.0
2019-12-03,1606.0
2019-12-04,1599.0
2019-12-05,1575.0
2019-12-06,1558.0
2019-12-07,1554.5
2019-12-08,1554.5
2019-12-09,1551.0
2019-12-10,1528.0
2019-12-11,1460.0
2019-12-12,1388.0
2019-12-13,1355.0
2019-12-14,1335.0
2019-12-15,1335.0
2019-12-16,1315.0
2019-12-17,1281.0
2019-12-18,1221.0
2019-12-19,1151.0
2019-12-20,1123.0
2019-12-21,1113.0
2019-12-22,1113.0
2019-12-23,1103.0
2019-12-24,1090.0
2019-12-25,1033.0
2019-12-26,1033.0
2019-12-27,1033.0
2019-12-28,1033.0
2019-12-29,1033.0
2019-12-30,1033.0
2019-12-31,1033.0
2020-01-01,1033.0
2020-01-02,976.0
2020-01-03,907.0
2020-01-04,875.5
2020-01-05,875.5
2020-01-06,844.0
2020-01-07,791.0
2020-01-08,773.0
2020-01-09,772.0
2020-01-10,774.0
2020-01-11,769.5
2020-01-12,769.5
2020-01-13,765.0
2020-01-14,763.0
2020-01-15,768.0
2020-01-16,768.0
2020-01-17,754.0
2020-01-18,741.5
2020-01-19,741.5
2020-01-20,729.0
2020-01-21,689.0
2020-01-22,623.0
2020-01-23,576.0
2020-01-24,557.0
2020-01-25,551.5
2020-01-26,551.5
2020-01-27,546.0
2020-01-28,539.0
2020-01-29,525.0
2020-01-30,498.0
2020-01-31,487.0
2020-02-01,476.5
2020-02-02,476.5
2020-02-03,466.0
2020-02-04,453.0
2020-02-05,430.0
2020-02-06,431.0
2020-02-07,415.0
2020-02-08,413.0
2020-02-09,413.0
2020-02-10,411.0
2020-02-11,418.0
2020-02-12,421.0
2020-02-13,421.0
2020-02-14,425.0
2020-02-15,429.5
2020-02-16,429.5
2020-02-17,434.0
2020-02-18,450.0
2020-02-19,465.0
2020-02-20,480.0
2020-02-21,497.0
2020-02-22,501.5
2020-02-23,501.5
2020-02-24,506.0
2020-02-25,508.0
2020-02-26,517.0
2020-02-27,529.0
2020-02-28,535.0
2020-02-29,536.0
2020-03-01,537.0
2020-03-02,539.0
2020-03-03,549.0
2020-03-04,562.0
2020-03-05,599.0
2020-03-06,617.0
2020-03-07,616.5
2020-03-08,616.5
2020-03-09,616.0
2020-03-10,627.0
2020-03-11,631.0
2020-03-12,633.0
2020-03-13,631.0
2020-03-14,627.0
2020-03-15,627.0
2020-03-16,623.0
2020-03-17,612.0
2020-03-18,629.0
2020-03-19,630.0
2020-03-20,625.0
2020-03-21,621.0
2020-03-22,621.0
2020-03-23,617.0
2020-03-24,603.0
2020-03-25,582.0
2020-03-26,569.0
2020-03-27,556.0
2020-03-28,552.0
2020-03-29,552.0
2020-03-30,548.0
2020-03-31,626.0
2020-04-01,624.0
2020-04-02,624.0
2020-04-03,616.0
2020-04-04,610.0
2020-04-05,610.0
2020-04-06,604.0
2020-04-07,596.0
2020-04-08,607.0
2020-04-09,635.0
2020-04-10,657.0
2020-04-11,657.0
2020-04-12,657.0
2020-04-13,657.0
2020-04-14,679.0
2020-04-15,706.0
2020-04-16,726.0
2020-04-17,751.0
2020-04-18,754.0
2020-04-19,754.0
2020-04-20,757.0
2020-04-21,728.0
2020-04-22,694.0
2020-04-23,672.0
2020-04-24,665.0
2020-04-25,663.0
2020-04-26,663.0
2020-04-27,661.0
2020-04-28,655.0
2020-04-29,643.0
2020-04-30,635.0
2020-05-01,617.0
2020-05-02,607.5
2020-05-03,607.5
2020-05-04,598.0
2020-05-05,575.0
2020-05-06,534.0
2020-05-07,514.0
2020-05-08,494.0
2020-05-09,494.0
2020-05-10,494.0
2020-05-11,474.0
2020-05-12,433.0
2020-05-13,398.0
2020-05-14,393.0
2020-05-15,407.0
2020-05-16,417.0
2020-05-17,417.0
2020-05-18,427.0
2020-05-19,453.0
2020-05-20,477.0
2020-05-21,494.0
2020-05-22,498.0
2020-05-23,502.0
2020-05-24,502.0
2020-05-25,502.0
2020-05-26,506.0
2020-05-27,502.0
2020-05-28,489.0
2020-05-29,504.0
2020-05-30,512.0
2020-05-31,512.0
2020-06-01,520.0
2020-06-02,546.0
2020-06-03,592.0
2020-06-04,632.0
2020-06-05,679.0
2020-06-06,688.5
2020-06-07,688.5
2020-06-08,698.0
2020-06-09,714.0
2020-06-10,764.0
2020-06-11,839.0
2020-06-12,923.0
2020-06-13,948.0
2020-06-14,948.0
2020-06-15,973.0
2020-06-16,1054.0
2020-06-17,1246.0
2020-06-18,1527.0
2020-06-19,1555.0
2020-06-20,1556.5
2020-06-21,1556.5
2020-06-22,1558.0
2020-06-23,1617.0
2020-06-24,1705.0
2020-06-25,1738.0
2020-06-26,1749.0
2020-06-27,1771.5
2020-06-28,1771.5
2020-06-29,1794.0
2020-06-30,1799.0
2020-07-01,1803.0
2020-07-02,1823.0
2020-07-03,1894.0
2020-07-04,1925.0
2020-07-05,1925.0
2020-07-06,1956.0
2020-07-07,1949.0
2020-07-08,1849.0
2020-07-09,1810.0
2020-07-10,1810.0
2020-07-11,1801.0
2020-07-12,1801.0
2020-07-13,1792.0
2020-07-14,1742.0
2020-07-15,1696.0
2020-07-16,1699.0
2020-07-17,1710.0
2020-07-18,1694.0
2020-07-19,1694.0
2020-07-20,1678.0
2020-07-21,1594.0
2020-07-22,1473.0
2020-07-23,1388.0
2020-07-24,1317.0
2020-07-25,1305.0
2020-07-26,1305.0
2020-07-27,1293.0
2020-07-28,1264.0
2020-07-29,1317.0
2020-07-30,1348.0
2020-07-31,1350.0
2020-08-01,1367.5
2020-08-02,1367.5
2020-08-03,1385.0
2020-08-04,1463.0
2020-08-05,1475.0
2020-08-06,1500.0
2020-08-07,1501.0
2020-08-08,1503.5
2020-08-09,1503.5
2020-08-10,1506.0
2020-08-11,1510.0
2020-08-12,1540.0
2020-08-13,1577.0
2020-08-14,1595.0
2020-08-15,1596.5
2020-08-16,1596.5
2020-08-17,1598.0
2020-08-18,1586.0
2020-08-19,1568.0
2020-08-20,1518.0
2020-08-21,1481.0
2020-08-22,1486.0
2020-08-23,1486.0
2020-08-24,1491.0
2020-08-25,1518.0
2020-08-26,1509.0
2020-08-27,1504.0
2020-08-28,1488.0
2020-08-29,1479.5
2020-08-30,1479.5
2020-08-31,1479.5
2020-09-01,1471.0
2020-09-02,1445.0
2020-09-03,1395.0
2020-09-04,1362.0
2020-09-05,1355.5
2020-09-06,1355.5
2020-09-07,1349.0
2020-09-08,1328.0
2020-09-09,1296.0
2020-09-10,1269.0
2020-09-11,1267.0
2020-09-12,1274.5
2020-09-13,1274.5
2020-09-14,1282.0
2020-09-15,1289.0
2020-09-16,1281.0
2020-09-17,1294.0
2020-09-18,1296.0
2020-09-19,1305.0
2020-09-20,1305.0
2020-09-21,1314.0
2020-09-22,1364.0
2020-09-23,1426.0
2020-09-24,1605.0
2020-09-25,1667.0
2020-09-26,1660.5
2020-09-27,1660.5
2020-09-28,1654.0
2020-09-29,1658.0
2020-09-30,1725.0
2020-10-01,1869.0
2020-10-02,2020.0
2020-10-03,2045.5
2020-10-04,2045.5
2020-10-05,2071.0
2020-10-06,2097.0
2020-10-07,2044.0
2020-10-08,1970.0
2020-10-09,1892.0
2020-10-10,1849.5
2020-10-11,1849.5
2020-10-12,1807.0
2020-10-13,1732.0
2020-10-14,1637.0
2020-10-15,1561.0
2020-10-16,1477.0
2020-10-17,1443.0
2020-10-18,1443.0
2020-10-19,1409.0
2020-10-20,1350.0
2020-10-21,1346.0
2020-10-22,1401.0
2020-10-23,1415.0
2020-10-24,1408.5
2020-10-25,1408.5
2020-10-26,1402.0
2020-10-27,1413.0
2020-10-28,1384.0
2020-10-29,1297.0
2020-10-30,1283.0
2020-10-31,1283.5
2020-11-01,1283.5
2020-11-02,1284.0
2020-11-03,1263.0
2020-11-04,1224.0
2020-11-05,1194.0
2020-11-06,1196.0
2020-11-07,1201.5
2020-11-08,1201.5
2020-11-09,1207.0
2020-11-10,1200.0
2020-11-11,1141.0
2020-11-12,1124.0
2020-11-13,1115.0
2020-11-14,1113.0
2020-11-15,1113.0
2020-11-16,1111.0
2020-11-17,1112.0
2020-11-18,1115.0
2020-11-19,1134.0
2020-11-20,1148.0
2020-11-21,1158.5
2020-11-22,1158.5
2020-11-23,1169.0
2020-11-24,1178.0
2020-11-25,1197.0
2020-11-26,1219.0
2020-11-27,1230.0
2020-11-28,1228.5
2020-11-29,1228.5
2020-11-30,1227.0
2020-12-01,1211.0
2020-12-02,1201.0
2020-12-03,1189.0
2020-12-04,1197.0
2020-12-05,1179.5
2020-12-06,1179.5
2020-12-07,1162.0
2020-12-08,1121.0
2020-12-09,1122.0
2020-12-10,1161.0
2020-12-11,1211.0
2020-12-12,1223.0
2020-12-13,1223.0
2020-12-14,1235.0
2020-12-15,1273.0
2020-12-16,1296.0
2020-12-17,1301.0
2020-12-18,1325.0
2020-12-19,1324.0
2020-12-20,1324.0
2020-12-21,1323.0
2020-12-22,1330.0
2020-12-23,1362.0
2020-12-24,1366.0
2020-12-25,1370.0
2020-12-26,1370.0
2020-12-27,1370.0
2020-12-28,1370.0
2020-12-29,1370.0
2020-12-30,1370.0
2020-12-31,1370.0
2021-01-01,1370.0
2021-01-02,1370.0
2021-01-03,1370.0
2021-01-04,1374.0
2021-01-05,1418.0
2021-01-06,1425.0
2021-01-07,1448.0
2021-01-08,1606.0
2021-01-09,1683.5
2021-01-10,1683.5
2021-01-11,1761.0
2021-01-12,1849.0
2021-01-13,1856.0
2021-01-14,1792.0
2021-01-15,1754.0
2021-01-16,1747.0
2021-01-17,1747.0
2021-01-18,1740.0
2021-01-19,1766.0
2021-01-20,1828.0
2021-01-21,1837.0
2021-01-22,1810.0
2021-01-23,1787.5
2021-01-24,1787.5
2021-01-25,1765.0
2021-01-26,1659.0
2021-01-27,1540.0
2021-01-28,1470.0
2021-01-29,1452.0
2021-01-30,1448.0
2021-01-31,1448.0
2021-02-01,1444.0
2021-02-02,1380.0
2021-02-03,1327.0
2021-02-04,1327.0
2021-02-05,1333.0
2021-02-06,1325.0
2021-02-07,1325.0
2021-02-08,1317.0
2021-02-09,1306.0
2021-02-10,1303.0
2021-02-11,1313.0
2021-02-12,1339.0
2021-02-13,1351.5
2021-02-14,1351.5
2021-02-15,1364.0
2021-02-16,1495.0
2021-02-17,1756.0
2021-02-18,1770.0
2021-02-19,1698.0
2021-02-20,1703.5
2021-02-21,1703.5
2021-02-22,1709.0
2021-02-23,1727.0
2021-02-24,1709.0
2021-02-25,1700.0
2021-02-26,1675.0
2021-02-27,1663.0
2021-02-28,1663.0
2021-03-01,1651.0
2021-03-02,1673.0
2021-03-03,1763.0
2021-03-04,1779.0
2021-03-05,1829.0
2021-03-06,1841.0
2021-03-07,1841.0
2021-03-08,1853.0
2021-03-09,1901.0
2021-03-10,1980.0
2021-03-11,1970.0
2021-03-12,1960.0
2021-03-13,1971.5
2021-03-14,1971.5
2021-03-15,1983.0
2021-03-16,2017.0
2021-03-17,2105.0
2021-03-18,2215.0
2021-03-19,2281.0
2021-03-20,2300.0
2021-03-21,2300.0
2021-03-22,2319.0
2021-03-23,2271.0
2021-03-24,2194.0
2021-03-25,2172.0
2021-03-26,2178.0
2021-03-27,2170.0
2021-03-28,2170.0
2021-03-29,2162.0
2021-03-30,2103.0
2021-03-31,2046.0
2021-04-01,2072.0
2021-04-02,2082.0
2021-04-03,2082.0
2021-04-04,2082.0
2021-04-05,2082.0
2021-04-06,2092.0
2021-04-07,2127.0
2021-04-08,2088.0
2021-04-09,2085.0
2021-04-10,2115.0
2021-04-11,2115.0
2021-04-12,2145.0
2021-04-13,2140.0
2021-04-14,2178.0
2021-04-15,2323.0
2021-04-16,2385.0
2021-04-17,2408.5
2021-04-18,2408.5
2021-04-19,2432.0
2021-04-20,2472.0
2021-04-21,2710.0
2021-04-22,2750.0
2021-04-23,2788.0
2021-04-24,2798.0
2021-04-25,2798.0
2021-04-26,2808.0
2021-04-27,2889.0
2021-04-28,2957.0
2021-04-29,3007.0
2021-04-30,3053.0
2021-05-01,3105.0
2021-05-02,3105.0
2021-05-03,3105.0
2021-05-04,3157.0
2021-05-05,3266.0
2021-05-06,3212.0
2021-05-07,3183.0
2021-05-08,3211.5
2021-05-09,3211.5
2021-05-10,3240.0
2021-05-11,3254.0
2021-05-12,3139.0
2021-05-13,3077.0
2021-05-14,2939.0
2021-05-15,2897.5
2021-05-16,2897.5
2021-05-17,2856.0
2021-05-18,2795.0
2021-05-19,2801.0
2021-05-20,2824.0
2021-05-21,2869.0
2021-05-22,2875.0
2021-05-23,2875.0
2021-05-24,2881.0
2021-05-25,2809.0
2021-05-26,2754.0
2021-05-27,2688.0
2021-05-28,2596.0
2021-05-29,2582.0
2021-05-30,2582.0
2021-05-31,2582.0
2021-06-01,2568.0
2021-06-02,2530.0
2021-06-03,2472.0
2021-06-04,2438.0
2021-06-05,2433.0
2021-06-06,2433.0
2021-06-07,2428.0
2021-06-08,2420.0
2021-06-09,2481.0
2021-06-10,2669.0
2021-06-11,2857.0
2021-06-12,2900.5
2021-06-13,2900.5
2021-06-14,2944.0
2021-06-15,3025.0
2021-06-16,3176.0
2021-06-17,3267.0
2021-06-18,3218.0
2021-06-19,3204.0
2021-06-20,3204.0
2021-06-21,3190.0
2021-06-22,3119.0
2021-06-23,3147.0
2021-06-24,3175.0
2021-06-25,3255.0
2021-06-26,3289.5
2021-06-27,3289.5
2021-06-28,3324.0
2021-06-29,3418.0
2021-06-30,3383.0
2021-07-01,3338.0
2021-07-02,3285.0
2021-07-03,3254.5
2021-07-04,3254.5
2021-07-05,3224.0
2021-07-06,3179.0
2021-07-07,3241.0
2021-07-08,3281.0
2021-07-09,3300.0
2021-07-10,3300.0
2021-07-11,3300.0
2021-07-12,3300.0
2021-07-13,3228.0
2021-07-14,3139.0
2021-07-15,3073.0
2021-07-16,3039.0
2021-07-17,3049.0
2021-07-18,3049.0
2021-07-19,3059.0
2021-07-20,3053.0
2021-07-21,3058.0
2021-07-22,3103.0
2021-07-23,3199.0
2021-07-24,3204.5
2021-07-25,3204.5
2021-07-26,3210.0
2021-07-27,3166.0
2021-07-28,3154.0
2021-07-29,3214.0
2021-07-30,3292.0
2021-07-31,3287.0
2021-08-01,3287.0
2021-08-02,3282.0
2021-08-03,3281.0
2021-08-04,3318.0
2021-08-05,3376.0
2021-08-06,3371.0
2021-08-07,3371.0
2021-08-08,3371.0
2021-08-09,3371.0
2021-08-10,3375.0
2021-08-11,3410.0
2021-08-12,3503.0
2021-08-13,3566.0
2021-08-14,3586.0
2021-08-15,3586.0
2021-08-16,3606.0
2021-08-17,3657.0
2021-08-18,3833.0
2021-08-19,3976.0
2021-08-20,4092.0
2021-08-21,4119.5
2021-08-22,4119.5
2021-08-23,4147.0
2021-08-24,4201.0
2021-08-25,4193.0
2021-08-26,4195.0
2021-08-27,4235.0
2021-08-28,4183.5
2021-08-29,4183.5
2021-08-30,4183.5
2021-08-31,4132.0
2021-09-01,4013.0
2021-09-02,4001.0
2021-09-03,3944.0
2021-09-04,3883.0
2021-09-05,3883.0
2021-09-06,3822.0
2021-09-07,3707.0
2021-09-08,3618.0
2021-09-09,3643.0
2021-09-10,3864.0
2021-09-11,4013.5
2021-09-12,4013.5
2021-09-13,4163.0
2021-09-14,4221.0
2021-09-15,4233.0
2021-09-16,4215.0
2021-09-17,4275.0
2021-09-18,4289.5
2021-09-19,4289.5
2021-09-20,4304.0
2021-09-21,4410.0
2021-09-22,4560.0
2021-09-23,4651.0
2021-09-24,4644.0
2021-09-25,4680.5
2021-09-26,4680.5
2021-09-27,4717.0
2021-09-28,4962.0
2021-09-29,5197.0
2021-09-30,5167.0
2021-10-01,5202.0
2021-10-02,5234.5
2021-10-03,5234.5
2021-10-04,5267.0
2021-10-05,5409.0
2021-10-06,5647.0
2021-10-07,5650.0
2021-10-08,5526.0
2021-10-09,5507.0
2021-10-10,5507.0
2021-10-11,5488.0
2021-10-12,5378.0
2021-10-13,5206.0
2021-10-14,5062.0
2021-10-15,4854.0
2021-10-16,4793.0
2021-10-17,4793.0
2021-10-18,4732.0
2021-10-19,4714.0
2021-10-20,4751.0
2021-10-21,4653.0
2021-10-22,4410.0
2021-10-23,4333.5
2021-10-24,4333.5
2021-10-25,4257.0
2021-10-26,4056.0
2021-10-27,3808.0
2021-10-28,3630.0
2021-10-29,3519.0
2021-10-30,3473.5
2021-10-31,3473.5
2021-11-01,3428.0
2021-11-02,3187.0
2021-11-03,2892.0
2021-11-04,2769.0
2021-11-05,2715.0
2021-11-06,2716.5
2021-11-07,2716.5
2021-11-08,2718.0
2021-11-09,2805.0
2021-11-10,2861.0
2021-11-11,2844.0
2021-11-12,2807.0
2021-11-13,2783.0
2021-11-14,2783.0
2021-11-15,2759.0
2021-11-16,2591.0
2021-11-17,2430.0
2021-11-18,2454.0
2021-11-19,2552.0
2021-11-20,2598.5
2021-11-21,2598.5
2021-11-22,2645.0
2021-11-23,2715.0
2021-11-24,2654.0
2021-11-25,2678.0
2021-11-26,2767.0
2021-11-27,2824.0
2021-11-28,2824.0
2021-11-29,2881.0
2021-11-30,3018.0
2021-12-01,3047.0
2021-12-02,3115.0
2021-12-03,3171.0
2021-12-04,3203.0
2021-12-05,3203.0
2021-12-06,3235.0
2021-12-07,3352.0
2021-12-08,3423.0
2021-12-09,3343.0
2021-12-10,3272.0
2021-12-11,3244.0
2021-12-12,3244.0
2021-12-13,3216.0
2021-12-14,2932.0
2021-12-15,2665.0
2021-12-16,2498.0
2021-12-17,2379.0
2021-12-18,2375.0
2021-12-19,2375.0
2021-12-20,2371.0
2021-12-21,2294.0
2021-12-22,2229.0
2021-12-23,2219.0
2021-12-24,2217.0
2021-12-25,2251.0
2021-12-26,2251.0
2021-12-27,2251.0
2021-12-28,2251.0
2021-12-29,2251.0
2021-12-30,2251.0
2021-12-31,2251.0
2022-01-01,2251.0
2022-01-02,2251.0
2022-01-03,2251.0
2022-01-04,2285.0
2022-01-05,2289.0
2022-01-06,2296.0
2022-01-07,2289.0
2022-01-08,2283.0
2022-01-09,2283.0
2022-01-10,2277.0
2022-01-11,2151.0
2022-01-12,2027.0
2022-01-13,1873.0
2022-01-14,1764.0
2022-01-15,1747.5
2022-01-16,1747.5
2022-01-17,1731.0
2022-01-18,1644.0
2022-01-19,1570.0
2022-01-20,1474.0
2022-01-21,1415.0
2022-01-22,1403.0
2022-01-23,1403.0
2022-01-24,1391.0
2022-01-25,1343.0
2022-01-26,1296.0
2022-01-27,1302.0
2022-01-28,1381.0
2022-01-29,1399.5
2022-01-30,1399.5
2022-01-31,1418.0
2022-02-01,1440.0
2022-02-02,1419.0
2022-02-03,1425.0
2022-02-04,1423.0
2022-02-05,1422.5
2022-02-06,1422.5
2022-02-07,1422.0
2022-02-08,1503.0
2022-02-09,1711.0
2022-02-10,1940.0
2022-02-11,1977.0
2022-02-12,1980.5
2022-02-13,1980.5
2022-02-14,1984.0
2022-02-15,1968.0
2022-02-16,1896.0
2022-02-17,1886.0
2022-02-18,1964.0
2022-02-19,2004.5
2022-02-20,2004.5
2022-02-21,2045.0
2022-02-22,2148.0
2022-02-23,2244.0
2022-02-24,2187.0
2022-02-25,2076.0
2022-02-26,2058.0
2022-02-27,2058.0
2022-02-28,2040.0
2022-03-01,2069.0
2022-03-02,2137.0
2022-03-03,2104.0
2022-03-04,2148.0
2022-03-05,2191.5
2022-03-06,2191.5
2022-03-07,2235.0
2022-03-08,2352.0
2022-03-09,2558.0
2022-03-10,2704.0
2022-03-11,2718.0
2022-03-12,2722.5
2022-03-13,2722.5
2022-03-14,2727.0
2022-03-15,2689.0
2022-03-16,2591.0
2022-03-17,2588.0
2022-03-18,2605.0
2022-03-19,2597.0
2022-03-20,2597.0
2022-03-21,2589.0
2022-03-22,2546.0
2022-03-23,2575.0
2022-03-24,2567.0
2022-03-25,2544.0
2022-03-26,2514.0
2022-03-27,2514.0
2022-03-28,2484.0
2022-03-29,2417.0
2022-03-30,2369.0
2022-03-31,2358.0
2022-04-01,2357.0
2022-04-02,2332.0
2022-04-03,2332.0
2022-04-04,2307.0
2022-04-05,2213.0
2022-04-06,2128.0
2022-04-07,2061.0
2022-04-08,2055.0
2022-04-09,2043.0
2022-04-10,2043.0
2022-04-11,2031.0
2022-04-12,2035.0
2022-04-13,2068.0
2022-04-14,2137.0
2022-04-15,2126.0
2022-04-16,2126.0
2022-04-17,2126.0
2022-04-18,2126.0
2022-04-19,2115.0
2022-04-20,2142.0
2022-04-21,2239.0
2022-04-22,2307.0
2022-04-23,2331.5
2022-04-24,2331.5
2022-04-25,2356.0
2022-04-26,2404.0
2022-04-27,2425.0
2022-04-28,2403.0
2022-04-29,2404.0
2022-04-30,2408.0
