Date,bci
2012-07-04,1369.0
2012-07-05,1455.0
2012-07-06,1493.0
2012-07-07,1497.0
2012-07-08,1497.0
2012-07-09,1501.0
2012-07-10,1484.0
2012-07-11,1428.0
2012-07-12,1352.0
2012-07-13,1320.0
2012-07-14,1315.0
2012-07-15,1315.0
2012-07-16,1310.0
2012-07-17,1301.0
2012-07-18,1286.0
2012-07-19,1276.0
2012-07-20,1276.0
2012-07-21,1275.5
2012-07-22,1275.5
2012-07-23,1275.0
2012-07-24,1261.0
2012-07-25,1239.0
2012-07-26,1224.0
2012-07-27,1209.0
2012-07-28,1204.5
2012-07-29,1204.5
2012-07-30,1200.0
2012-07-31,1194.0
2012-08-01,1181.0
2012-08-02,1178.0
2012-08-03,1200.0
2012-08-04,1207.0
2012-08-05,1207.0
2012-08-06,1214.0
2012-08-07,1237.0
2012-08-08,1204.0
2012-08-09,1192.0
2012-08-10,1169.0
2012-08-11,1163.5
2012-08-12,1163.5
2012-08-13,1158.0
2012-08-14,1147.0
2012-08-15,1120.0
2012-08-16,1105.0
2012-08-17,1095.0
2012-08-18,1091.0
2012-08-19,1091.0
2012-08-20,1087.0
2012-08-21,1082.0
2012-08-22,1091.0
2012-08-23,1103.0
2012-08-24,1124.0
2012-08-25,1153.0
2012-08-26,1153.0
2012-08-27,1153.0
2012-08-28,1182.0
2012-08-29,1177.0
2012-08-30,1169.0
2012-08-31,1172.0
2012-09-01,1176.0
2012-09-02,1176.0
2012-09-03,1180.0
2012-09-04,1186.0
2012-09-05,1188.0
2012-09-06,1186.0
2012-09-07,1186.0
2012-09-08,1187.0
2012-09-09,1187.0
2012-09-10,1188.0
2012-09-11,1187.0
2012-09-12,1186.0
2012-09-13,1198.0
2012-09-14,1204.0
2012-09-15,1211.5
2012-09-16,1211.5
2012-09-17,1219.0
2012-09-18,1326.0
2012-09-19,1421.0
2012-09-20,1531.0
2012-09-21,1584.0
2012-09-22,1581.0
2012-09-23,1581.0
2012-09-24,1578.0
2012-09-25,1568.0
2012-09-26,1549.0
2012-09-27,1548.0
2012-09-28,1621.0
2012-09-29,1640.5
2012-09-30,1640.5
2012-10-01,1660.0
2012-10-02,1676.0
2012-10-03,1738.0
2012-10-04,1873.0
2012-10-05,1932.0
2012-10-06,1926.5
2012-10-07,1926.5
2012-10-08,1921.0
2012-10-09,1829.0
2012-10-10,1775.0
2012-10-11,1833.0
2012-10-12,1914.0
2012-10-13,1937.0
2012-10-14,1937.0
2012-10-15,1960.0
2012-10-16,2103.0
2012-10-17,2162.0
2012-10-18,2135.0
2012-10-19,2217.0
2012-10-20,2274.5
2012-10-21,2274.5
2012-10-22,2332.0
2012-10-23,2587.0
2012-10-24,2530.0
2012-10-25,2432.0
2012-10-26,2451.0
2012-10-27,2455.5
2012-10-28,2455.5
2012-10-29,2460.0
2012-10-30,2458.0
2012-10-31,2419.0
2012-11-01,2355.0
2012-11-02,2304.0
2012-11-03,2282.5
2012-11-04,2282.5
2012-11-05,2261.0
2012-11-06,2186.0
2012-11-07,2098.0
2012-11-08,2119.0
2012-11-09,2203.0
2012-11-10,2243.0
2012-11-11,2243.0
2012-11-12,2283.0
2012-11-13,2327.0
2012-11-14,2375.0
2012-11-15,2350.0
2012-11-16,2347.0
2012-11-17,2358.0
2012-11-18,2358.0
2012-11-19,2369.0
2012-11-20,2367.0
2012-11-21,2335.0
2012-11-22,2318.0
2012-11-23,2288.0
2012-11-24,2282.5
2012-11-25,2282.5
2012-11-26,2277.0
2012-11-27,2275.0
2012-11-28,2275.0
2012-11-29,2241.0
2012-11-30,2199.0
2012-12-01,2182.5
2012-12-02,2182.5
2012-12-03,2166.0
2012-12-04,2095.0
2012-12-05,2000.0
2012-12-06,1897.0
2012-12-07,1832.0
2012-12-08,1797.0
2012-12-09,1797.0
2012-12-10,1762.0
2012-12-11,1652.0
2012-12-12,1446.0
2012-12-13,1407.0
2012-12-14,1440.0
2012-12-15,1421.5
2012-12-16,1421.5
2012-12-17,1403.0
2012-12-18,1315.0
2012-12-19,1233.0
2012-12-20,1226.0
2012-12-21,1228.0
2012-12-22,1231.5
2012-12-23,1231.5
2012-12-24,1235.0
2012-12-25,1236.0
2012-12-26,1236.0
2012-12-27,1236.0
2012-12-28,1236.0
2012-12-29,1236.0
2012-12-30,1236.0
2012-12-31,1236.0
2013-01-01,1236.0
2013-01-02,1237.0
2013-01-03,1254.0
2013-01-04,1285.0
2013-01-05,1302.0
2013-01-06,1302.0
2013-01-07,1319.0
2013-01-08,1386.0
2013-01-09,1384.0
2013-01-10,1367.0
2013-01-11,1367.0
2013-01-12,1368.5
2013-01-13,1368.5
2013-01-14,1370.0
2013-01-15,1365.0
2013-01-16,1431.0
2013-01-17,1573.0
2013-01-18,1605.0
2013-01-19,1604.5
2013-01-20,1604.5
2013-01-21,1604.0
2013-01-22,1577.0
2013-01-23,1564.0
2013-01-24,1541.0
2013-01-25,1520.0
2013-01-26,1513.5
2013-01-27,1513.5
2013-01-28,1507.0
2013-01-29,1491.0
2013-01-30,1477.0
2013-01-31,1468.0
2013-02-01,1454.0
2013-02-02,1457.5
2013-02-03,1457.5
2013-02-04,1461.0
2013-02-05,1466.0
2013-02-06,1484.0
2013-02-07,1481.0
2013-02-08,1461.0
2013-02-09,1457.0
2013-02-10,1457.0
2013-02-11,1453.0
2013-02-12,1448.0
2013-02-13,1448.0
2013-02-14,1429.0
2013-02-15,1434.0
2013-02-16,1421.0
2013-02-17,1421.0
2013-02-18,1408.0
2013-02-19,1377.0
2013-02-20,1355.0
2013-02-21,1344.0
2013-02-22,1335.0
2013-02-23,1329.0
2013-02-24,1329.0
2013-02-25,1323.0
2013-02-26,1291.0
2013-02-27,1264.0
2013-02-28,1249.0
2013-03-01,1243.0
2013-03-02,1241.0
2013-03-03,1241.0
2013-03-04,1239.0
2013-03-05,1246.0
2013-03-06,1251.0
2013-03-07,1260.0
2013-03-08,1262.0
2013-03-09,1261.0
2013-03-10,1261.0
2013-03-11,1260.0
2013-03-12,1314.0
2013-03-13,1314.0
2013-03-14,1302.0
2013-03-15,1299.0
2013-03-16,1297.0
2013-03-17,1297.0
2013-03-18,1295.0
2013-03-19,1290.0
2013-03-20,1294.0
2013-03-21,1290.0
2013-03-22,1284.0
2013-03-23,1284.0
2013-03-24,1284.0
2013-03-25,1284.0
2013-03-26,1275.0
2013-03-27,1258.0
2013-03-28,1249.0
2013-03-29,1239.0
2013-03-30,1239.0
2013-03-31,1239.0
2013-04-01,1239.0
2013-04-02,1229.0
2013-04-03,1209.0
2013-04-04,1209.0
2013-04-05,1215.0
2013-04-06,1219.0
2013-04-07,1219.0
2013-04-08,1223.0
2013-04-09,1236.0
2013-04-10,1250.0
2013-04-11,1257.0
2013-04-12,1265.0
2013-04-13,1261.0
2013-04-14,1261.0
2013-04-15,1257.0
2013-04-16,1251.0
2013-04-17,1245.0
2013-04-18,1238.0
2013-04-19,1234.0
2013-04-20,1232.0
2013-04-21,1232.0
2013-04-22,1230.0
2013-04-23,1220.0
2013-04-24,1214.0
2013-04-25,1220.0
2013-04-26,1246.0
2013-04-27,1253.0
2013-04-28,1253.0
2013-04-29,1260.0
2013-04-30,1273.0
2013-05-01,1279.0
2013-05-02,1322.0
2013-05-03,1344.0
2013-05-04,1368.5
2013-05-05,1368.5
2013-05-06,1368.5
2013-05-07,1393.0
2013-05-08,1408.0
2013-05-09,1398.0
2013-05-10,1382.0
2013-05-11,1376.0
2013-05-12,1376.0
2013-05-13,1370.0
2013-05-14,1360.0
2013-05-15,1338.0
2013-05-16,1334.0
2013-05-17,1326.0
2013-05-18,1321.5
2013-05-19,1321.5
2013-05-20,1317.0
2013-05-21,1321.0
2013-05-22,1333.0
2013-05-23,1339.0
2013-05-24,1350.0
2013-05-25,1348.0
2013-05-26,1348.0
2013-05-27,1348.0
2013-05-28,1346.0
2013-05-29,1348.0
2013-05-30,1339.0
2013-05-31,1336.0
2013-06-01,1334.5
2013-06-02,1334.5
2013-06-03,1333.0
2013-06-04,1338.0
2013-06-05,1335.0
2013-06-06,1344.0
2013-06-07,1352.0
2013-06-08,1355.5
2013-06-09,1355.5
2013-06-10,1359.0
2013-06-11,1379.0
2013-06-12,1427.0
2013-06-13,1484.0
2013-06-14,1537.0
2013-06-15,1562.5
2013-06-16,1562.5
2013-06-17,1588.0
2013-06-18,1674.0
2013-06-19,1757.0
2013-06-20,1792.0
2013-06-21,1822.0
2013-06-22,1867.0
2013-06-23,1867.0
2013-06-24,1912.0
2013-06-25,1959.0
2013-06-26,2061.0
2013-06-27,2120.0
2013-06-28,2165.0
2013-06-29,2170.5
2013-06-30,2170.5
2013-07-01,2176.0
2013-07-02,2134.0
2013-07-03,2020.0
2013-07-04,1936.0
2013-07-05,1929.0
2013-07-06,1953.0
2013-07-07,1953.0
2013-07-08,1977.0
2013-07-09,2012.0
2013-07-10,2037.0
2013-07-11,2047.0
2013-07-12,2058.0
2013-07-13,2055.0
2013-07-14,2055.0
2013-07-15,2052.0
2013-07-16,2044.0
2013-07-17,2034.0
2013-07-18,2006.0
2013-07-19,1987.0
2013-07-20,1982.5
2013-07-21,1982.5
2013-07-22,1978.0
2013-07-23,1956.0
2013-07-24,1936.0
2013-07-25,1890.0
2013-07-26,1873.0
2013-07-27,1868.5
2013-07-28,1868.5
2013-07-29,1864.0
2013-07-30,1856.0
2013-07-31,1881.0
2013-08-01,1935.0
2013-08-02,1950.0
2013-08-03,1944.5
2013-08-04,1944.5
2013-08-05,1939.0
2013-08-06,1907.0
2013-08-07,1853.0
2013-08-08,1829.0
2013-08-09,1813.0
2013-08-10,1809.0
2013-08-11,1809.0
2013-08-12,1805.0
2013-08-13,1846.0
2013-08-14,2021.0
2013-08-15,2099.0
2013-08-16,2112.0
2013-08-17,2126.0
2013-08-18,2126.0
2013-08-19,2140.0
2013-08-20,2218.0
2013-08-21,2268.0
2013-08-22,2284.0
2013-08-23,2312.0
2013-08-24,2323.5
2013-08-25,2323.5
2013-08-26,2323.5
2013-08-27,2335.0
2013-08-28,2284.0
2013-08-29,2256.0
2013-08-30,2243.0
2013-08-31,2253.0
2013-09-01,2253.0
2013-09-02,2263.0
2013-09-03,2344.0
2013-09-04,2445.0
2013-09-05,2660.0
2013-09-06,2799.0
2013-09-07,2956.0
2013-09-08,2956.0
2013-09-09,3113.0
2013-09-10,3255.0
2013-09-11,3431.0
2013-09-12,3397.0
2013-09-13,3446.0
2013-09-14,3463.0
2013-09-15,3463.0
2013-09-16,3480.0
2013-09-17,3691.0
2013-09-18,3838.0
2013-09-19,3924.0
2013-09-20,4018.0
2013-09-21,4064.5
2013-09-22,4064.5
2013-09-23,4111.0
2013-09-24,4253.0
2013-09-25,4329.0
2013-09-26,4193.0
2013-09-27,3967.0
2013-09-28,3910.0
2013-09-29,3910.0
2013-09-30,3853.0
2013-10-01,3816.0
2013-10-02,3810.0
2013-10-03,3878.0
2013-10-04,3943.0
2013-10-05,3981.5
2013-10-06,3981.5
2013-10-07,4020.0
2013-10-08,4085.0
2013-10-09,3959.0
2013-10-10,3621.0
2013-10-11,3527.0
2013-10-12,3491.0
2013-10-13,3491.0
2013-10-14,3455.0
2013-10-15,3469.0
2013-10-16,3478.0
2013-10-17,3451.0
2013-10-18,3264.0
2013-10-19,3232.0
2013-10-20,3232.0
2013-10-21,3200.0
2013-10-22,3110.0
2013-10-23,2943.0
2013-10-24,2775.0
2013-10-25,2681.0
2013-10-26,2603.5
2013-10-27,2603.5
2013-10-28,2526.0
2013-10-29,2340.0
2013-10-30,2164.0
2013-10-31,2245.0
2013-11-01,2316.0
2013-11-02,2358.0
2013-11-03,2358.0
2013-11-04,2400.0
2013-11-05,2553.0
2013-11-06,2554.0
2013-11-07,2533.0
2013-11-08,2514.0
2013-11-09,2510.0
2013-11-10,2510.0
2013-11-11,2506.0
2013-11-12,2473.0
2013-11-13,2455.0
2013-11-14,2397.0
2013-11-15,2377.0
2013-11-16,2371.5
2013-11-17,2371.5
2013-11-18,2366.0
2013-11-19,2366.0
2013-11-20,2511.0
2013-11-21,2447.0
2013-11-22,2390.0
2013-11-23,2390.5
2013-11-24,2390.5
2013-11-25,2391.0
2013-11-26,2399.0
2013-11-27,2496.0
2013-11-28,2848.0
2013-11-29,3089.0
2013-11-30,3141.5
2013-12-01,3141.5
2013-12-02,3194.0
2013-12-03,3316.0
2013-12-04,3481.0
2013-12-05,3843.0
2013-12-06,3842.0
2013-12-07,3836.5
2013-12-08,3836.5
2013-12-09,3831.0
2013-12-10,4011.0
2013-12-11,4210.0
2013-12-12,4291.0
2013-12-13,4246.0
2013-12-14,4155.5
2013-12-15,4155.5
2013-12-16,4065.0
2013-12-17,3818.0
2013-12-18,3638.0
2013-12-19,3596.0
2013-12-20,3875.0
2013-12-21,3935.5
2013-12-22,3935.5
2013-12-23,3996.0
2013-12-24,4078.0
2013-12-25,3905.5
2013-12-26,3905.5
2013-12-27,3905.5
2013-12-28,3905.5
2013-12-29,3905.5
2013-12-30,3905.5
2013-12-31,3905.5
2014-01-01,3905.5
2014-01-02,3733.0
2014-01-03,3531.0
2014-01-04,3409.0
2014-01-05,3409.0
2014-01-06,3287.0
2014-01-07,3017.0
2014-01-08,2818.0
2014-01-09,2500.0
2014-01-10,2101.0
2014-01-11,1979.0
2014-01-12,1979.0
2014-01-13,1857.0
2014-01-14,1832.0
2014-01-15,1862.0
2014-01-16,1929.0
2014-01-17,2026.0
2014-01-18,2054.0
2014-01-19,2054.0
2014-01-20,2082.0
2014-01-21,1973.0
2014-01-22,1880.0
2014-01-23,1775.0
2014-01-24,1723.0
2014-01-25,1698.0
2014-01-26,1698.0
2014-01-27,1673.0
2014-01-28,1577.0
2014-01-29,1531.0
2014-01-30,1527.0
2014-01-31,1524.0
2014-02-01,1520.0
2014-02-02,1520.0
2014-02-03,1516.0
2014-02-04,1513.0
2014-02-05,1544.0
2014-02-06,1575.0
2014-02-07,1588.0
2014-02-08,1599.5
2014-02-09,1599.5
2014-02-10,1611.0
2014-02-11,1581.0
2014-02-12,1548.0
2014-02-13,1557.0
2014-02-14,1554.0
2014-02-15,1589.5
2014-02-16,1589.5
2014-02-17,1625.0
2014-02-18,1667.0
2014-02-19,1690.0
2014-02-20,1680.0
2014-02-21,1701.0
2014-02-22,1704.0
2014-02-23,1704.0
2014-02-24,1707.0
2014-02-25,1775.0
2014-02-26,1912.0
2014-02-27,2049.0
2014-02-28,2084.0
2014-03-01,2132.0
2014-03-02,2132.0
2014-03-03,2180.0
2014-03-04,2326.0
2014-03-05,2596.0
2014-03-06,2830.0
2014-03-07,2980.0
2014-03-08,3001.5
2014-03-09,3001.5
2014-03-10,3023.0
2014-03-11,3045.0
2014-03-12,2600.0
2014-03-13,2654.0
2014-03-14,2677.0
2014-03-15,2684.0
2014-03-16,2684.0
2014-03-17,2691.0
2014-03-18,2818.0
2014-03-19,2982.0
2014-03-20,3129.0
2014-03-21,3036.0
2014-03-22,3045.5
2014-03-23,3045.5
2014-03-24,3055.0
2014-03-25,2993.0
2014-03-26,2761.0
2014-03-27,2579.0
2014-03-28,2557.0
2014-03-29,2565.0
2014-03-30,2565.0
2014-03-31,2573.0
2014-04-01,2505.0
2014-04-02,2418.0
2014-04-03,2343.0
2014-04-04,2306.0
2014-04-05,2299.5
2014-04-06,2299.5
2014-04-07,2293.0
2014-04-08,2029.0
2014-04-09,1946.0
2014-04-10,1865.0
2014-04-11,1789.0
2014-04-12,1777.0
2014-04-13,1777.0
2014-04-14,1765.0
2014-04-15,1724.0
2014-04-16,1613.0
2014-04-17,1591.0
2014-04-18,1603.5
2014-04-19,1603.5
2014-04-20,1603.5
2014-04-21,1603.5
2014-04-22,1616.0
2014-04-23,1674.0
2014-04-24,1692.0
2014-04-25,1696.0
2014-04-26,1682.0
2014-04-27,1682.0
2014-04-28,1668.0
2014-04-29,1613.0
2014-04-30,1600.0
2014-05-01,1716.0
2014-05-02,1829.0
2014-05-03,1760.0
2014-05-04,1760.0
2014-05-05,1760.0
2014-05-06,1691.0
2014-05-07,1681.0
2014-05-08,1613.0
2014-05-09,1541.0
2014-05-10,1512.0
2014-05-11,1512.0
2014-05-12,1483.0
2014-05-13,1453.0
2014-05-14,1496.0
2014-05-15,1546.0
2014-05-16,1530.0
2014-05-17,1512.0
2014-05-18,1512.0
2014-05-19,1494.0
2014-05-20,1431.0
2014-05-21,1354.0
2014-05-22,1302.0
2014-05-23,1358.0
2014-05-24,1407.5
2014-05-25,1407.5
2014-05-26,1407.5
2014-05-27,1457.0
2014-05-28,1405.0
2014-05-29,1379.0
2014-05-30,1395.0
2014-05-31,1412.0
2014-06-01,1412.0
2014-06-02,1429.0
2014-06-03,1545.0
2014-06-04,1604.0
2014-06-05,1689.0
2014-06-06,1793.0
2014-06-07,1819.5
2014-06-08,1819.5
2014-06-09,1846.0
2014-06-10,1903.0
2014-06-11,1864.0
2014-06-12,1792.0
2014-06-13,1730.0
2014-06-14,1712.5
2014-06-15,1712.5
2014-06-16,1695.0
2014-06-17,1676.0
2014-06-18,1767.0
2014-06-19,1919.0
2014-06-20,1950.0
2014-06-21,1923.0
2014-06-22,1923.0
2014-06-23,1896.0
2014-06-24,1848.0
2014-06-25,1799.0
2014-06-26,1748.0
2014-06-27,1773.0
2014-06-28,1822.0
2014-06-29,1822.0
2014-06-30,1871.0
2014-07-01,2045.0
2014-07-02,1999.0
2014-07-03,1935.0
2014-07-04,1864.0
2014-07-05,1836.0
2014-07-06,1836.0
2014-07-07,1808.0
2014-07-08,1755.0
2014-07-09,1648.0
2014-07-10,1523.0
2014-07-11,1465.0
2014-07-12,1443.5
2014-07-13,1443.5
2014-07-14,1422.0
2014-07-15,1377.0
2014-07-16,1289.0
2014-07-17,1248.0
2014-07-18,1235.0
2014-07-19,1214.5
2014-07-20,1214.5
2014-07-21,1194.0
2014-07-22,1191.0
2014-07-23,1198.0
2014-07-24,1201.0
2014-07-25,1193.0
2014-07-26,1190.0
2014-07-27,1190.0
2014-07-28,1187.0
2014-07-29,1195.0
2014-07-30,1200.0
2014-07-31,1195.0
2014-08-01,1176.0
2014-08-02,1177.0
2014-08-03,1177.0
2014-08-04,1178.0
2014-08-05,1163.0
2014-08-06,1153.0
2014-08-07,1150.0
2014-08-08,1166.0
2014-08-09,1181.5
2014-08-10,1181.5
2014-08-11,1197.0
2014-08-12,1350.0
2014-08-13,1546.0
2014-08-14,1882.0
2014-08-15,2151.0
2014-08-16,2202.5
2014-08-17,2202.5
2014-08-18,2254.0
2014-08-19,2256.0
2014-08-20,2380.0
2014-08-21,2578.0
2014-08-22,2535.0
2014-08-23,2482.5
2014-08-24,2482.5
2014-08-25,2482.5
2014-08-26,2430.0
2014-08-27,2366.0
2014-08-28,2551.0
2014-08-29,2627.0
2014-08-30,2616.5
2014-08-31,2616.5
2014-09-01,2606.0
2014-09-02,2568.0
2014-09-03,2489.0
2014-09-04,2464.0
2014-09-05,2483.0
2014-09-06,2501.0
2014-09-07,2501.0
2014-09-08,2519.0
2014-09-09,2596.0
2014-09-10,2602.0
2014-09-11,2570.0
2014-09-12,2546.0
2014-09-13,2534.5
2014-09-14,2534.5
2014-09-15,2523.0
2014-09-16,2442.0
2014-09-17,2342.0
2014-09-18,2192.0
2014-09-19,2112.0
2014-09-20,2115.0
2014-09-21,2115.0
2014-09-22,2118.0
2014-09-23,2077.0
2014-09-24,1967.0
2014-09-25,1837.0
2014-09-26,1852.0
2014-09-27,1887.0
2014-09-28,1887.0
2014-09-29,1922.0
2014-09-30,1915.0
2014-10-01,1853.0
2014-10-02,1788.0
2014-10-03,1758.0
2014-10-04,1746.5
2014-10-05,1746.5
2014-10-06,1735.0
2014-10-07,1698.0
2014-10-08,1632.0
2014-10-09,1580.0
2014-10-10,1544.0
2014-10-11,1532.5
2014-10-12,1532.5
2014-10-13,1521.0
2014-10-14,1485.0
2014-10-15,1376.0
2014-10-16,1315.0
2014-10-17,1362.0
2014-10-18,1437.0
2014-10-19,1437.0
2014-10-20,1512.0
2014-10-21,2003.0
2014-10-22,2186.0
2014-10-23,2258.0
2014-10-24,2422.0
2014-10-25,2637.0
2014-10-26,2637.0
2014-10-27,2852.0
2014-10-28,3436.0
2014-10-29,3560.0
2014-10-30,3534.0
2014-10-31,3552.0
2014-11-01,3596.0
2014-11-02,3596.0
2014-11-03,3640.0
2014-11-04,3781.0
2014-11-05,3702.0
2014-11-06,3612.0
2014-11-07,3661.0
2014-11-08,3637.0
2014-11-09,3637.0
2014-11-10,3613.0
2014-11-11,3419.0
2014-11-12,3229.0
2014-11-13,2972.0
2014-11-14,2931.0
2014-11-15,2951.0
2014-11-16,2951.0
2014-11-17,2971.0
2014-11-18,3106.0
2014-11-19,3127.0
2014-11-20,3130.0
2014-11-21,3038.0
2014-11-22,3006.5
2014-11-23,3006.5
2014-11-24,2975.0
2014-11-25,2963.0
2014-11-26,2612.0
2014-11-27,2347.0
2014-11-28,2151.0
2014-11-29,2088.0
2014-11-30,2088.0
2014-12-01,2025.0
2014-12-02,1898.0
2014-12-03,1677.0
2014-12-04,1452.0
2014-12-05,1282.0
2014-12-06,1223.5
2014-12-07,1223.5
2014-12-08,1165.0
2014-12-09,1075.0
2014-12-10,979.0
2014-12-11,879.0
2014-12-12,763.0
2014-12-13,711.0
2014-12-14,711.0
2014-12-15,659.0
2014-12-16,617.0
2014-12-17,571.0
2014-12-18,517.0
2014-12-19,488.0
2014-12-20,484.0
2014-12-21,484.0
2014-12-22,480.0
2014-12-23,472.0
2014-12-24,474.0
2014-12-25,465.0
2014-12-26,465.0
2014-12-27,465.0
2014-12-28,465.0
2014-12-29,465.0
2014-12-30,465.0
2014-12-31,465.0
2015-01-01,465.0
2015-01-02,456.0
2015-01-03,449.0
2015-01-04,449.0
2015-01-05,442.0
2015-01-06,432.0
2015-01-07,397.0
2015-01-08,335.0
2015-01-09,311.0
2015-01-10,342.0
2015-01-11,342.0
2015-01-12,373.0
2015-01-13,537.0
2015-01-14,557.0
2015-01-15,585.0
2015-01-16,620.0
2015-01-17,641.0
2015-01-18,641.0
2015-01-19,662.0
2015-01-20,752.0
2015-01-21,971.0
2015-01-22,965.0
2015-01-23,887.0
2015-01-24,872.0
2015-01-25,872.0
2015-01-26,857.0
2015-01-27,831.0
2015-01-28,785.0
2015-01-29,725.0
2015-01-30,679.0
2015-01-31,672.0
2015-02-01,672.0
2015-02-02,665.0
2015-02-03,663.0
2015-02-04,669.0
2015-02-05,680.0
2015-02-06,689.0
2015-02-07,688.0
2015-02-08,688.0
2015-02-09,687.0
2015-02-10,711.0
2015-02-11,700.0
2015-02-12,652.0
2015-02-13,630.0
2015-02-14,622.0
2015-02-15,622.0
2015-02-16,614.0
2015-02-17,589.0
2015-02-18,564.0
2015-02-19,539.0
2015-02-20,542.0
2015-02-21,542.5
2015-02-22,542.5
2015-02-23,543.0
2015-02-24,534.0
2015-02-25,529.0
2015-02-26,525.0
2015-02-27,521.0
2015-02-28,518.5
2015-03-01,518.5
2015-03-02,516.0
2015-03-03,490.0
2015-03-04,478.0
2015-03-05,464.0
2015-03-06,470.0
2015-03-07,469.0
2015-03-08,469.0
2015-03-09,468.0
2015-03-10,457.0
2015-03-11,431.0
2015-03-12,394.0
2015-03-13,378.0
2015-03-14,375.0
2015-03-15,375.0
2015-03-16,372.0
2015-03-17,366.0
2015-03-18,357.0
2015-03-19,407.0
2015-03-20,423.0
2015-03-21,429.0
2015-03-22,429.0
2015-03-23,435.0
2015-03-24,448.0
2015-03-25,455.0
2015-03-26,456.0
2015-03-27,456.0
2015-03-28,458.0
2015-03-29,458.0
2015-03-30,460.0
2015-03-31,475.0
2015-04-01,463.0
2015-04-02,454.0
2015-04-03,451.0
2015-04-04,451.0
2015-04-05,451.0
2015-04-06,451.0
2015-04-07,448.0
2015-04-08,450.0
2015-04-09,461.0
2015-04-10,466.0
2015-04-11,463.0
2015-04-12,463.0
2015-04-13,460.0
2015-04-14,470.0
2015-04-15,494.0
2015-04-16,521.0
2015-04-17,532.0
2015-04-18,534.5
2015-04-19,534.5
2015-04-20,537.0
2015-04-21,549.0
2015-04-22,544.0
2015-04-23,543.0
2015-04-24,545.0
2015-04-25,545.5
2015-04-26,545.5
2015-04-27,546.0
2015-04-28,551.0
2015-04-29,558.0
2015-04-30,565.0
2015-05-01,574.0
2015-05-02,572.5
2015-05-03,572.5
2015-05-04,572.5
2015-05-05,571.0
2015-05-06,574.0
2015-05-07,594.0
2015-05-08,616.0
2015-05-09,638.0
2015-05-10,638.0
2015-05-11,660.0
2015-05-12,731.0
2015-05-13,942.0
2015-05-14,972.0
2015-05-15,954.0
2015-05-16,952.0
2015-05-17,952.0
2015-05-18,950.0
2015-05-19,923.0
2015-05-20,889.0
2015-05-21,844.0
2015-05-22,816.0
2015-05-23,811.0
2015-05-24,811.0
2015-05-25,811.0
2015-05-26,806.0
2015-05-27,823.0
2015-05-28,817.0
2015-05-29,810.0
2015-05-30,807.0
2015-05-31,807.0
2015-06-01,804.0
2015-06-02,821.0
2015-06-03,821.0
2015-06-04,818.0
2015-06-05,865.0
2015-06-06,860.5
2015-06-07,860.5
2015-06-08,856.0
2015-06-09,834.0
2015-06-10,816.0
2015-06-11,810.0
2015-06-12,820.0
2015-06-13,830.0
2015-06-14,830.0
2015-06-15,840.0
2015-06-16,904.0
2015-06-17,1045.0
2015-06-18,1234.0
2015-06-19,1241.0
2015-06-20,1244.5
2015-06-21,1244.5
2015-06-22,1248.0
2015-06-23,1300.0
2015-06-24,1428.0
2015-06-25,1432.0
2015-06-26,1393.0
2015-06-27,1369.5
2015-06-28,1369.5
2015-06-29,1346.0
2015-06-30,1292.0
2015-07-01,1251.0
2015-07-02,1226.0
2015-07-03,1249.0
2015-07-04,1257.5
2015-07-05,1257.5
2015-07-06,1266.0
2015-07-07,1285.0
2015-07-08,1278.0
2015-07-09,1279.0
2015-07-10,1318.0
2015-07-11,1353.5
2015-07-12,1353.5
2015-07-13,1389.0
2015-07-14,1394.0
2015-07-15,1462.0
2015-07-16,1611.0
2015-07-17,1712.0
2015-07-18,1737.5
2015-07-19,1737.5
2015-07-20,1763.0
2015-07-21,1935.0
2015-07-22,1952.0
2015-07-23,1924.0
2015-07-24,1896.0
2015-07-25,1915.5
2015-07-26,1915.5
2015-07-27,1935.0
2015-07-28,1990.0
2015-07-29,2103.0
2015-07-30,2116.0
2015-07-31,2209.0
2015-08-01,2258.5
2015-08-02,2258.5
2015-08-03,2308.0
2015-08-04,2512.0
2015-08-05,2604.0
2015-08-06,2514.0
2015-08-07,2512.0
2015-08-08,2505.5
2015-08-09,2505.5
2015-08-10,2499.0
2015-08-11,2367.0
2015-08-12,2107.0
2015-08-13,1875.0
2015-08-14,1884.0
2015-08-15,1898.5
2015-08-16,1898.5
2015-08-17,1913.0
2015-08-18,1838.0
2015-08-19,1773.0
2015-08-20,1679.0
2015-08-21,1559.0
2015-08-22,1481.0
2015-08-23,1481.0
2015-08-24,1403.0
2015-08-25,1248.0
2015-08-26,1089.0
2015-08-27,1051.0
2015-08-28,1071.0
2015-08-29,1123.5
2015-08-30,1123.5
2015-08-31,1123.5
2015-09-01,1176.0
2015-09-02,1194.0
2015-09-03,1195.0
2015-09-04,1187.0
2015-09-05,1215.0
2015-09-06,1215.0
2015-09-07,1243.0
2015-09-08,1286.0
2015-09-09,1256.0
2015-09-10,1202.0
2015-09-11,1198.0
2015-09-12,1191.5
2015-09-13,1191.5
2015-09-14,1185.0
2015-09-15,1196.0
2015-09-16,1264.0
2015-09-17,1637.0
2015-09-18,1995.0
2015-09-19,2045.5
2015-09-20,2045.5
2015-09-21,2096.0
2015-09-22,1873.0
2015-09-23,1872.0
2015-09-24,1911.0
2015-09-25,2024.0
2015-09-26,2049.5
2015-09-27,2049.5
2015-09-28,2075.0
2015-09-29,2031.0
2015-09-30,1936.0
2015-10-01,1911.0
2015-10-02,1931.0
2015-10-03,1916.0
2015-10-04,1916.0
2015-10-05,1901.0
2015-10-06,1860.0
2015-10-07,1742.0
2015-10-08,1598.0
2015-10-09,1549.0
2015-10-10,1550.0
2015-10-11,1550.0
2015-10-12,1551.0
2015-10-13,1531.0
2015-10-14,1457.0
2015-10-15,1368.0
2015-10-16,1318.0
2015-10-17,1315.0
2015-10-18,1315.0
2015-10-19,1312.0
2015-10-20,1399.0
2015-10-21,1483.0
2015-10-22,1512.0
2015-10-23,1461.0
2015-10-24,1432.0
2015-10-25,1432.0
2015-10-26,1403.0
2015-10-27,1307.0
2015-10-28,1275.0
2015-10-29,1254.0
2015-10-30,1229.0
2015-10-31,1206.5
2015-11-01,1206.5
2015-11-02,1184.0
2015-11-03,1099.0
2015-11-04,1043.0
2015-11-05,1002.0
2015-11-06,1003.0
2015-11-07,1012.0
2015-11-08,1012.0
2015-11-09,1021.0
2015-11-10,1018.0
2015-11-11,946.0
2015-11-12,881.0
2015-11-13,809.0
2015-11-14,789.5
2015-11-15,789.5
2015-11-16,770.0
2015-11-17,733.0
2015-11-18,671.0
2015-11-19,619.0
2015-11-20,606.0
2015-11-21,652.0
2015-11-22,652.0
2015-11-23,698.0
2015-11-24,731.0
2015-11-25,807.0
2015-11-26,898.0
2015-11-27,989.0
2015-11-28,998.0
2015-11-29,998.0
2015-11-30,1007.0
2015-12-01,1046.0
2015-12-02,1001.0
2015-12-03,931.0
2015-12-04,890.0
2015-12-05,871.0
2015-12-06,871.0
2015-12-07,852.0
2015-12-08,870.0
2015-12-09,857.0
2015-12-10,824.0
2015-12-11,779.0
2015-12-12,750.5
2015-12-13,750.5
2015-12-14,722.0
2015-12-15,623.0
2015-12-16,549.0
2015-12-17,524.0
2015-12-18,524.0
2015-12-19,518.0
2015-12-20,518.0
2015-12-21,512.0
2015-12-22,485.0
2015-12-23,469.0
2015-12-24,470.0
2015-12-25,471.0
2015-12-26,471.0
2015-12-27,471.0
2015-12-28,471.0
2015-12-29,471.0
2015-12-30,471.0
2015-12-31,471.0
2016-01-01,471.0
2016-01-02,471.0
2016-01-03,471.0
2016-01-04,472.0
2016-01-05,462.0
2016-01-06,467.0
2016-01-07,399.0
2016-01-08,343.0
2016-01-09,328.5
2016-01-10,328.5
2016-01-11,314.0
2016-01-12,266.0
2016-01-13,245.0
2016-01-14,225.0
2016-01-15,198.0
2016-01-16,197.5
2016-01-17,197.5
2016-01-18,197.0
2016-01-19,185.0
2016-01-20,186.0
2016-01-21,206.0
2016-01-22,229.0
2016-01-23,241.5
2016-01-24,241.5
2016-01-25,254.0
2016-01-26,242.0
2016-01-27,235.0
2016-01-28,216.0
2016-01-29,211.0
2016-01-30,214.0
2016-01-31,214.0
2016-02-01,217.0
2016-02-02,217.0
2016-02-03,209.0
2016-02-04,208.0
2016-02-05,212.0
2016-02-06,209.5
2016-02-07,209.5
2016-02-08,207.0
2016-02-09,207.0
2016-02-10,208.0
2016-02-11,206.0
2016-02-12,199.0
2016-02-13,201.5
2016-02-14,201.5
2016-02-15,204.0
2016-02-16,223.0
2016-02-17,223.0
2016-02-18,220.0
2016-02-19,207.0
2016-02-20,202.0
2016-02-21,202.0
2016-02-22,197.0
2016-02-23,189.0
2016-02-24,186.0
2016-02-25,182.0
2016-02-26,177.0
2016-02-27,175.5
2016-02-28,175.5
2016-02-29,174.0
2016-03-01,174.0
2016-03-02,171.0
2016-03-03,166.0
2016-03-04,164.0
2016-03-05,162.5
2016-03-06,162.5
2016-03-07,161.0
2016-03-08,180.0
2016-03-09,178.0
2016-03-10,178.0
2016-03-11,176.0
2016-03-12,177.5
2016-03-13,177.5
2016-03-14,179.0
2016-03-15,186.0
2016-03-16,172.0
2016-03-17,178.0
2016-03-18,197.0
2016-03-19,197.0
2016-03-20,197.0
2016-03-21,197.0
2016-03-22,186.0
2016-03-23,196.0
2016-03-24,203.0
2016-03-25,205.0
2016-03-26,205.0
2016-03-27,205.0
2016-03-28,205.0
2016-03-29,207.0
2016-03-30,210.0
2016-03-31,270.0
2016-04-01,345.0
2016-04-02,384.5
2016-04-03,384.5
2016-04-04,424.0
2016-04-05,466.0
2016-04-06,477.0
2016-04-07,562.0
2016-04-08,656.0
2016-04-09,694.5
2016-04-10,694.5
2016-04-11,733.0
2016-04-12,744.0
2016-04-13,744.0
2016-04-14,831.0
2016-04-15,949.0
2016-04-16,989.5
2016-04-17,989.5
2016-04-18,1030.0
2016-04-19,1065.0
2016-04-20,1022.0
2016-04-21,1004.0
2016-04-22,1085.0
2016-04-23,1086.0
2016-04-24,1086.0
2016-04-25,1087.0
2016-04-26,1135.0
2016-04-27,1160.0
2016-04-28,1137.0
2016-04-29,1117.0
2016-04-30,1086.0
2016-05-01,1086.0
2016-05-02,1086.0
2016-05-03,1055.0
2016-05-04,954.0
2016-05-05,915.0
2016-05-06,892.0
2016-05-07,864.5
2016-05-08,864.5
2016-05-09,837.0
2016-05-10,752.0
2016-05-11,713.0
2016-05-12,724.0
2016-05-13,798.0
2016-05-14,826.0
2016-05-15,826.0
2016-05-16,854.0
2016-05-17,988.0
2016-05-18,954.0
2016-05-19,906.0
2016-05-20,870.0
2016-05-21,870.0
2016-05-22,870.0
2016-05-23,870.0
2016-05-24,848.0
2016-05-25,799.0
2016-05-26,793.0
2016-05-27,830.0
2016-05-28,842.0
2016-05-29,842.0
2016-05-30,842.0
2016-05-31,854.0
2016-06-01,861.0
2016-06-02,854.0
2016-06-03,913.0
2016-06-04,917.5
2016-06-05,917.5
2016-06-06,922.0
2016-06-07,920.0
2016-06-08,973.0
2016-06-09,995.0
2016-06-10,1006.0
2016-06-11,1010.0
2016-06-12,1010.0
2016-06-13,1014.0
2016-06-14,1018.0
2016-06-15,1000.0
2016-06-16,976.0
2016-06-17,927.0
2016-06-18,912.0
2016-06-19,912.0
2016-06-20,897.0
2016-06-21,873.0
2016-06-22,878.0
2016-06-23,897.0
2016-06-24,913.0
2016-06-25,916.0
2016-06-26,916.0
2016-06-27,919.0
2016-06-28,936.0
2016-06-29,955.0
2016-06-30,996.0
2016-07-01,1030.0
2016-07-02,1039.5
2016-07-03,1039.5
2016-07-04,1049.0
2016-07-05,1034.0
2016-07-06,1019.0
2016-07-07,1008.0
2016-07-08,1002.0
2016-07-09,996.5
2016-07-10,996.5
2016-07-11,991.0
2016-07-12,987.0
2016-07-13,1010.0
2016-07-14,1020.0
2016-07-15,1023.0
2016-07-16,1019.5
2016-07-17,1019.5
2016-07-18,1016.0
2016-07-19,986.0
2016-07-20,937.0
2016-07-21,906.0
2016-07-22,895.0
2016-07-23,886.0
2016-07-24,886.0
2016-07-25,877.0
2016-07-26,841.0
2016-07-27,803.0
2016-07-28,780.0
2016-07-29,768.0
2016-07-30,762.5
2016-07-31,762.5
2016-08-01,757.0
2016-08-02,757.0
2016-08-03,758.0
2016-08-04,759.0
2016-08-05,770.0
2016-08-06,773.5
2016-08-07,773.5
2016-08-08,777.0
2016-08-09,770.0
2016-08-10,795.0
2016-08-11,833.0
2016-08-12,891.0
2016-08-13,905.5
2016-08-14,905.5
2016-08-15,920.0
2016-08-16,926.0
2016-08-17,885.0
2016-08-18,852.0
2016-08-19,843.0
2016-08-20,845.5
2016-08-21,845.5
2016-08-22,848.0
2016-08-23,861.0
2016-08-24,910.0
2016-08-25,974.0
2016-08-26,1001.0
2016-08-27,993.5
2016-08-28,993.5
2016-08-29,993.5
2016-08-30,986.0
2016-08-31,978.0
2016-09-01,1002.0
2016-09-02,1054.0
2016-09-03,1066.5
2016-09-04,1066.5
2016-09-05,1079.0
2016-09-06,1182.0
2016-09-07,1371.0
2016-09-08,1478.0
2016-09-09,1566.0
2016-09-10,1573.5
2016-09-11,1573.5
2016-09-12,1581.0
2016-09-13,1607.0
2016-09-14,1444.0
2016-09-15,1487.0
2016-09-16,1680.0
2016-09-17,1766.5
2016-09-18,1766.5
2016-09-19,1853.0
2016-09-20,1964.0
2016-09-21,2118.0
2016-09-22,2389.0
2016-09-23,2383.0
2016-09-24,2354.0
2016-09-25,2354.0
2016-09-26,2325.0
2016-09-27,2298.0
2016-09-28,2196.0
2016-09-29,2067.0
2016-09-30,2008.0
2016-10-01,1989.5
2016-10-02,1989.5
2016-10-03,1971.0
2016-10-04,1970.0
2016-10-05,2012.0
2016-10-06,2218.0
2016-10-07,2245.0
2016-10-08,2240.0
2016-10-09,2240.0
2016-10-10,2235.0
2016-10-11,2235.0
2016-10-12,2154.0
2016-10-13,2018.0
2016-10-14,2018.0
2016-10-15,2010.5
2016-10-16,2010.5
2016-10-17,2003.0
2016-10-18,1950.0
2016-10-19,1826.0
2016-10-20,1637.0
2016-10-21,1575.0
2016-10-22,1523.0
2016-10-23,1523.0
2016-10-24,1471.0
2016-10-25,1348.0
2016-10-26,1275.0
2016-10-27,1248.0
2016-10-28,1417.0
2016-10-29,1475.5
2016-10-30,1475.5
2016-10-31,1534.0
2016-11-01,1443.0
2016-11-02,1451.0
2016-11-03,1544.0
2016-11-04,1593.0
2016-11-05,1614.5
2016-11-06,1614.5
2016-11-07,1636.0
2016-11-08,1786.0
2016-11-09,1954.0
2016-11-10,2010.0
2016-11-11,2303.0
2016-11-12,2320.5
2016-11-13,2320.5
2016-11-14,2338.0
2016-11-15,2282.0
2016-11-16,2441.0
2016-11-17,2731.0
2016-11-18,2752.0
2016-11-19,2695.0
2016-11-20,2695.0
2016-11-21,2638.0
2016-11-22,2598.0
2016-11-23,2507.0
2016-11-24,2374.0
2016-11-25,2263.0
2016-11-26,2261.5
2016-11-27,2261.5
2016-11-28,2260.0
2016-11-29,2304.0
2016-11-30,2263.0
2016-12-01,2206.0
2016-12-02,2193.0
2016-12-03,2165.0
2016-12-04,2165.0
2016-12-05,2137.0
2016-12-06,2067.0
2016-12-07,1935.0
2016-12-08,1724.0
2016-12-09,1575.0
2016-12-10,1519.5
2016-12-11,1519.5
2016-12-12,1464.0
2016-12-13,1404.0
2016-12-14,1169.0
2016-12-15,1058.0
2016-12-16,1048.0
2016-12-17,1043.5
2016-12-18,1043.5
2016-12-19,1039.0
2016-12-20,1044.0
2016-12-21,1144.0
2016-12-22,1219.0
2016-12-23,1385.0
2016-12-24,1461.5
2016-12-25,1461.5
2016-12-26,1461.5
2016-12-27,1461.5
2016-12-28,1461.5
2016-12-29,1461.5
2016-12-30,1461.5
2016-12-31,1461.5
2017-01-01,1461.5
2017-01-02,1461.5
2017-01-03,1538.0
2017-01-04,1674.0
2017-01-05,1759.0
2017-01-06,1658.0
2017-01-07,1628.0
2017-01-08,1628.0
2017-01-09,1598.0
2017-01-10,1470.0
2017-01-11,1326.0
2017-01-12,1294.0
2017-01-13,1383.0
2017-01-14,1425.5
2017-01-15,1425.5
2017-01-16,1468.0
2017-01-17,1509.0
2017-01-18,1673.0
2017-01-19,1665.0
2017-01-20,1610.0
2017-01-21,1594.5
2017-01-22,1594.5
2017-01-23,1579.0
2017-01-24,1466.0
2017-01-25,1369.0
2017-01-26,1287.0
2017-01-27,1239.0
2017-01-28,1222.0
2017-01-29,1222.0
2017-01-30,1205.0
2017-01-31,1167.0
2017-02-01,1122.0
2017-02-02,1064.0
2017-02-03,981.0
2017-02-04,946.0
2017-02-05,946.0
2017-02-06,911.0
2017-02-07,803.0
2017-02-08,725.0
2017-02-09,728.0
2017-02-10,687.0
2017-02-11,648.0
2017-02-12,648.0
2017-02-13,609.0
2017-02-14,567.0
2017-02-15,556.0
2017-02-16,620.0
2017-02-17,739.0
2017-02-18,765.0
2017-02-19,765.0
2017-02-20,791.0
2017-02-21,856.0
2017-02-22,951.0
2017-02-23,1134.0
2017-02-24,1165.0
2017-02-25,1158.0
2017-02-26,1158.0
2017-02-27,1151.0
2017-02-28,1021.0
2017-03-01,994.0
2017-03-02,1097.0
2017-03-03,1227.0
2017-03-04,1286.0
2017-03-05,1286.0
2017-03-06,1345.0
2017-03-07,1556.0
2017-03-08,1578.0
2017-03-09,1678.0
2017-03-10,1789.0
2017-03-11,1816.0
2017-03-12,1816.0
2017-03-13,1843.0
2017-03-14,1929.0
2017-03-15,2136.0
2017-03-16,2265.0
2017-03-17,2413.0
2017-03-18,2439.5
2017-03-19,2439.5
2017-03-20,2466.0
2017-03-21,2441.0
2017-03-22,2378.0
2017-03-23,2345.0
2017-03-24,2482.0
2017-03-25,2551.0
2017-03-26,2551.0
2017-03-27,2620.0
2017-03-28,2765.0
2017-03-29,2755.0
2017-03-30,2690.0
2017-03-31,2597.0
2017-04-01,2557.5
2017-04-02,2557.5
2017-04-03,2518.0
2017-04-04,2382.0
2017-04-05,2229.0
2017-04-06,2184.0
2017-04-07,2173.0
2017-04-08,2169.0
2017-04-09,2169.0
2017-04-10,2165.0
2017-04-11,2227.0
2017-04-12,2252.0
2017-04-13,2249.0
2017-04-14,2234.5
2017-04-15,2234.5
2017-04-16,2234.5
2017-04-17,2234.5
2017-04-18,2220.0
2017-04-19,2130.0
2017-04-20,1991.0
2017-04-21,1830.0
2017-04-22,1805.0
2017-04-23,1805.0
2017-04-24,1780.0
2017-04-25,1767.0
2017-04-26,1790.0
2017-04-27,1798.0
2017-04-28,1779.0
2017-04-29,1723.5
2017-04-30,1723.5
2017-05-01,1723.5
2017-05-02,1668.0
2017-05-03,1542.0
2017-05-04,1458.0
2017-05-05,1480.0
2017-05-06,1525.5
2017-05-07,1525.5
2017-05-08,1571.0
2017-05-09,1635.0
2017-05-10,1645.0
2017-05-11,1695.0
2017-05-12,1725.0
2017-05-13,1693.0
2017-05-14,1693.0
2017-05-15,1661.0
2017-05-16,1632.0
2017-05-17,1590.0
2017-05-18,1638.0
2017-05-19,1668.0
2017-05-20,1686.0
2017-05-21,1686.0
2017-05-22,1704.0
2017-05-23,1706.0
2017-05-24,1654.0
2017-05-25,1595.0
2017-05-26,1591.0
2017-05-27,1577.5
2017-05-28,1577.5
2017-05-29,1577.5
2017-05-30,1564.0
2017-05-31,1511.0
2017-06-01,1430.0
2017-06-02,1374.0
2017-06-03,1363.5
2017-06-04,1363.5
2017-06-05,1353.0
2017-06-06,1366.0
2017-06-07,1379.0
2017-06-08,1381.0
2017-06-09,1438.0
2017-06-10,1459.5
2017-06-11,1459.5
2017-06-12,1481.0
2017-06-13,1442.0
2017-06-14,1362.0
2017-06-15,1277.0
2017-06-16,1213.0
2017-06-17,1191.0
2017-06-18,1191.0
2017-06-19,1169.0
2017-06-20,1110.0
2017-06-21,1020.0
2017-06-22,993.0
2017-06-23,987.0
2017-06-24,996.0
2017-06-25,996.0
2017-06-26,1005.0
2017-06-27,1066.0
2017-06-28,1170.0
2017-06-29,1146.0
2017-06-30,1086.0
2017-07-01,1059.0
2017-07-02,1059.0
2017-07-03,1032.0
2017-07-04,997.0
2017-07-05,901.0
2017-07-06,818.0
2017-07-07,753.0
2017-07-08,741.5
2017-07-09,741.5
2017-07-10,730.0
2017-07-11,755.0
2017-07-12,846.0
2017-07-13,928.0
2017-07-14,933.0
2017-07-15,933.0
2017-07-16,933.0
2017-07-17,933.0
2017-07-18,984.0
2017-07-19,1028.0
2017-07-20,1093.0
2017-07-21,1154.0
2017-07-22,1162.5
2017-07-23,1162.5
2017-07-24,1171.0
2017-07-25,1221.0
2017-07-26,1206.0
2017-07-27,1138.0
2017-07-28,1139.0
2017-07-29,1182.0
2017-07-30,1182.0
2017-07-31,1225.0
2017-08-01,1331.0
2017-08-02,1475.0
2017-08-03,1602.0
2017-08-04,1637.0
2017-08-05,1646.0
2017-08-06,1646.0
2017-08-07,1655.0
2017-08-08,1659.0
2017-08-09,1702.0
2017-08-10,1837.0
2017-08-11,2013.0
2017-08-12,2053.0
2017-08-13,2053.0
2017-08-14,2093.0
2017-08-15,2155.0
2017-08-16,2324.0
2017-08-17,2542.0
2017-08-18,2574.0
2017-08-19,2579.0
2017-08-20,2579.0
2017-08-21,2584.0
2017-08-22,2489.0
2017-08-23,2382.0
2017-08-24,2333.0
2017-08-25,2406.0
2017-08-26,2393.5
2017-08-27,2393.5
2017-08-28,2393.5
2017-08-29,2381.0
2017-08-30,2282.0
2017-08-31,2293.0
2017-09-01,2264.0
2017-09-02,2253.5
2017-09-03,2253.5
2017-09-04,2243.0
2017-09-05,2313.0
2017-09-06,2438.0
2017-09-07,2614.0
2017-09-08,2767.0
2017-09-09,2790.0
2017-09-10,2790.0
2017-09-11,2813.0
2017-09-12,2724.0
2017-09-13,2628.0
2017-09-14,2642.0
2017-09-15,2685.0
2017-09-16,2683.0
2017-09-17,2683.0
2017-09-18,2681.0
2017-09-19,2723.0
2017-09-20,2861.0
2017-09-21,2948.0
2017-09-22,3147.0
2017-09-23,3160.0
2017-09-24,3160.0
2017-09-25,3173.0
2017-09-26,3101.0
2017-09-27,2942.0
2017-09-28,2824.0
2017-09-29,2738.0
2017-09-30,2704.5
2017-10-01,2704.5
2017-10-02,2671.0
2017-10-03,2618.0
2017-10-04,2667.0
2017-10-05,2888.0
2017-10-06,2929.0
2017-10-07,2917.5
2017-10-08,2917.5
2017-10-09,2906.0
2017-10-10,2894.0
2017-10-11,2882.0
2017-10-12,2859.0
2017-10-13,2871.0
2017-10-14,2925.5
2017-10-15,2925.5
2017-10-16,2980.0
2017-10-17,3079.0
2017-10-18,3134.0
2017-10-19,3186.0
2017-10-20,3145.0
2017-10-21,3166.0
2017-10-22,3166.0
2017-10-23,3187.0
2017-10-24,3202.0
2017-10-25,3202.0
2017-10-26,3182.0
2017-10-27,3220.0
2017-10-28,3218.5
2017-10-29,3218.5
2017-10-30,3217.0
2017-10-31,3219.0
2017-11-01,3137.0
2017-11-02,3059.0
2017-11-03,3036.0
2017-11-04,3040.0
2017-11-05,3040.0
2017-11-06,3044.0
2017-11-07,3101.0
2017-11-08,3259.0
2017-11-09,3349.0
2017-11-10,3360.0
2017-11-11,3355.5
2017-11-12,3355.5
2017-11-13,3351.0
2017-11-14,3209.0
2017-11-15,3108.0
2017-11-16,3084.0
2017-11-17,3153.0
2017-11-18,3183.5
2017-11-19,3183.5
2017-11-20,3214.0
2017-11-21,3255.0
2017-11-22,3298.0
2017-11-23,3420.0
2017-11-24,3453.0
2017-11-25,3496.5
2017-11-26,3496.5
2017-11-27,3540.0
2017-11-28,3659.0
2017-11-29,3740.0
2017-11-30,3848.0
2017-12-01,4025.0
2017-12-02,4077.0
2017-12-03,4077.0
2017-12-04,4129.0
2017-12-05,4115.0
2017-12-06,4126.0
2017-12-07,4147.0
2017-12-08,4193.0
2017-12-09,4232.5
2017-12-10,4232.5
2017-12-11,4272.0
2017-12-12,4293.0
2017-12-13,4211.0
2017-12-14,3936.0
2017-12-15,3777.0
2017-12-16,3716.5
2017-12-17,3716.5
2017-12-18,3656.0
2017-12-19,3510.0
2017-12-20,3216.0
2017-12-21,3115.0
2017-12-22,2830.0
2017-12-23,2555.5
2017-12-24,2555.5
2017-12-25,2555.5
2017-12-26,2555.5
2017-12-27,2555.5
2017-12-28,2555.5
2017-12-29,2555.5
2017-12-30,2555.5
2017-12-31,2555.5
2018-01-01,2555.5
2018-01-02,2281.0
2018-01-03,2426.0
2018-01-04,2715.0
2018-01-05,2791.0
2018-01-06,2808.5
2018-01-07,2808.5
2018-01-08,2826.0
2018-01-09,2820.0
2018-01-10,2677.0
2018-01-11,2384.0
2018-01-12,2296.0
2018-01-13,2263.5
2018-01-14,2263.5
2018-01-15,2231.0
2018-01-16,2010.0
2018-01-17,1743.0
2018-01-18,1611.0
2018-01-19,1493.0
2018-01-20,1469.0
2018-01-21,1469.0
2018-01-22,1445.0
2018-01-23,1525.0
2018-01-24,1676.0
2018-01-25,1752.0
2018-01-26,1772.0
2018-01-27,1778.0
2018-01-28,1778.0
2018-01-29,1784.0
2018-01-30,1748.0
2018-01-31,1613.0
2018-02-01,1528.0
2018-02-02,1470.0
2018-02-03,1451.5
2018-02-04,1451.5
2018-02-05,1433.0
2018-02-06,1519.0
2018-02-07,1578.0
2018-02-08,1662.0
2018-02-09,1790.0
2018-02-10,1807.0
2018-02-11,1807.0
2018-02-12,1824.0
2018-02-13,1793.0
2018-02-14,1721.0
2018-02-15,1663.0
2018-02-16,1608.0
2018-02-17,1602.5
2018-02-18,1602.5
2018-02-19,1597.0
2018-02-20,1678.0
2018-02-21,1717.0
2018-02-22,1725.0
2018-02-23,1722.0
2018-02-24,1701.0
2018-02-25,1701.0
2018-02-26,1680.0
2018-02-27,1595.0
2018-02-28,1560.0
2018-03-01,1568.0
2018-03-02,1592.0
2018-03-03,1594.5
2018-03-04,1594.5
2018-03-05,1597.0
2018-03-06,1587.0
2018-03-07,1495.0
2018-03-08,1489.0
2018-03-09,1479.0
2018-03-10,1452.0
2018-03-11,1452.0
2018-03-12,1425.0
2018-03-13,1362.0
2018-03-14,1312.0
2018-03-15,1238.0
2018-03-16,1203.0
2018-03-17,1187.0
2018-03-18,1187.0
2018-03-19,1171.0
2018-03-20,1112.0
2018-03-21,1109.0
2018-03-22,1129.0
2018-03-23,1157.0
2018-03-24,1177.0
2018-03-25,1177.0
2018-03-26,1197.0
2018-03-27,1191.0
2018-03-28,1065.0
2018-03-29,1010.0
2018-03-30,967.0
2018-03-31,967.0
2018-04-01,967.0
2018-04-02,967.0
2018-04-03,924.0
2018-04-04,841.0
2018-04-05,809.0
2018-04-06,824.0
2018-04-07,839.0
2018-04-08,839.0
2018-04-09,854.0
2018-04-10,930.0
2018-04-11,940.0
2018-04-12,982.0
2018-04-13,1038.0
2018-04-14,1049.5
2018-04-15,1049.5
2018-04-16,1061.0
2018-04-17,1152.0
2018-04-18,1402.0
2018-04-19,1668.0
2018-04-20,1915.0
2018-04-21,1962.0
2018-04-22,1962.0
2018-04-23,2009.0
2018-04-24,2130.0
2018-04-25,2314.0
2018-04-26,2306.0
2018-04-27,2251.0
2018-04-28,2212.0
2018-04-29,2212.0
2018-04-30,2173.0
2018-05-01,2136.0
2018-05-02,2197.0
2018-05-03,2308.0
2018-05-04,2337.0
2018-05-05,2409.5
2018-05-06,2409.5
2018-05-07,2409.5
2018-05-08,2482.0
2018-05-09,2616.0
2018-05-10,2565.0
2018-05-11,2630.0
2018-05-12,2632.5
2018-05-13,2632.5
2018-05-14,2635.0
2018-05-15,2602.0
2018-05-16,2407.0
2018-05-17,2106.0
2018-05-18,2053.0
2018-05-19,2005.0
2018-05-20,2005.0
2018-05-21,1957.0
2018-05-22,1854.0
2018-05-23,1759.0
2018-05-24,1551.0
2018-05-25,1395.0
2018-05-26,1359.5
2018-05-27,1359.5
2018-05-28,1359.5
2018-05-29,1324.0
2018-05-30,1276.0
2018-05-31,1401.0
2018-06-01,1602.0
2018-06-02,1657.0
2018-06-03,1657.0
2018-06-04,1712.0
2018-06-05,1835.0
2018-06-06,2088.0
2018-06-07,2220.0
2018-06-08,2151.0
2018-06-09,2121.0
2018-06-10,2121.0
2018-06-11,2091.0
2018-06-12,2068.0
2018-06-13,2091.0
2018-06-14,2184.0
2018-06-15,2223.0
2018-06-16,2225.5
2018-06-17,2225.5
2018-06-18,2228.0
2018-06-19,2187.0
2018-06-20,2090.0
2018-06-21,2038.0
2018-06-22,2011.0
2018-06-23,2006.0
2018-06-24,2006.0
2018-06-25,2001.0
2018-06-26,1986.0
2018-06-27,1942.0
2018-06-28,2025.0
2018-06-29,2170.0
2018-06-30,2237.0
2018-07-01,2237.0
2018-07-02,2304.0
2018-07-03,2478.0
2018-07-04,2743.0
2018-07-05,3013.0
2018-07-06,3086.0
2018-07-07,3051.0
2018-07-08,3051.0
2018-07-09,3016.0
2018-07-10,2792.0
2018-07-11,2793.0
2018-07-12,3041.0
2018-07-13,3156.0
2018-07-14,3197.0
2018-07-15,3197.0
2018-07-16,3238.0
2018-07-17,3335.0
2018-07-18,3230.0
2018-07-19,3130.0
2018-07-20,3205.0
2018-07-21,3254.5
2018-07-22,3254.5
2018-07-23,3304.0
2018-07-24,3461.0
2018-07-25,3462.0
2018-07-26,3303.0
2018-07-27,3197.0
2018-07-28,3238.5
2018-07-29,3238.5
2018-07-30,3280.0
2018-07-31,3471.0
2018-08-01,3515.0
2018-08-02,3534.0
2018-08-03,3632.0
2018-08-04,3643.0
2018-08-05,3643.0
2018-08-06,3654.0
2018-08-07,3550.0
2018-08-08,3483.0
2018-08-09,3472.0
2018-08-10,3480.0
2018-08-11,3508.0
2018-08-12,3508.0
2018-08-13,3536.0
2018-08-14,3587.0
2018-08-15,3560.0
2018-08-16,3476.0
2018-08-17,3454.0
2018-08-18,3439.0
2018-08-19,3439.0
2018-08-20,3424.0
2018-08-21,3426.0
2018-08-22,3371.0
2018-08-23,3232.0
2018-08-24,3164.0
2018-08-25,3126.0
2018-08-26,3126.0
2018-08-27,3126.0
2018-08-28,3088.0
2018-08-29,2994.0
2018-08-30,2826.0
2018-08-31,2732.0
2018-09-01,2702.0
2018-09-02,2702.0
2018-09-03,2672.0
2018-09-04,2535.0
2018-09-05,2410.0
2018-09-06,2424.0
2018-09-07,2411.0
2018-09-08,2387.0
2018-09-09,2387.0
2018-09-10,2363.0
2018-09-11,2191.0
2018-09-12,2074.0
2018-09-13,1980.0
2018-09-14,1900.0
2018-09-15,1876.5
2018-09-16,1876.5
2018-09-17,1853.0
2018-09-18,1826.0
2018-09-19,1850.0
2018-09-20,1838.0
2018-09-21,1840.0
2018-09-22,1852.0
2018-09-23,1852.0
2018-09-24,1864.0
2018-09-25,1868.0
2018-09-26,1910.0
2018-09-27,1949.0
2018-09-28,2000.0
2018-09-29,2030.5
2018-09-30,2030.5
2018-10-01,2061.0
2018-10-02,2148.0
2018-10-03,2199.0
2018-10-04,2148.0
2018-10-05,2081.0
2018-10-06,2061.5
2018-10-07,2061.5
2018-10-08,2042.0
2018-10-09,1961.0
2018-10-10,1949.0
2018-10-11,2005.0
2018-10-12,2169.0
2018-10-13,2179.0
2018-10-14,2179.0
2018-10-15,2189.0
2018-10-16,2164.0
2018-10-17,2106.0
2018-10-18,2176.0
2018-10-19,2230.0
2018-10-20,2263.0
2018-10-21,2263.0
2018-10-22,2296.0
2018-10-23,2363.0
2018-10-24,2388.0
2018-10-25,2353.0
2018-10-26,2526.0
2018-10-27,2566.5
2018-10-28,2566.5
2018-10-29,2607.0
2018-10-30,2630.0
2018-10-31,2596.0
2018-11-01,2530.0
2018-11-02,2502.0
2018-11-03,2449.5
2018-11-04,2449.5
2018-11-05,2397.0
2018-11-06,2296.0
2018-11-07,1968.0
2018-11-08,1747.0
2018-11-09,1461.0
2018-11-10,1429.5
2018-11-11,1429.5
2018-11-12,1398.0
2018-11-13,1153.0
2018-11-14,940.0
2018-11-15,1007.0
2018-11-16,1057.0
2018-11-17,1053.5
2018-11-18,1053.5
2018-11-19,1050.0
2018-11-20,1002.0
2018-11-21,1056.0
2018-11-22,1089.0
2018-11-23,1358.0
2018-11-24,1573.5
2018-11-25,1573.5
2018-11-26,1789.0
2018-11-27,2170.0
2018-11-28,2121.0
2018-11-29,1950.0
2018-11-30,1755.0
2018-12-01,1696.5
2018-12-02,1696.5
2018-12-03,1638.0
2018-12-04,1739.0
2018-12-05,1925.0
2018-12-06,2080.0
2018-12-07,2197.0
2018-12-08,2220.5
2018-12-09,2220.5
2018-12-10,2244.0
2018-12-11,2183.0
2018-12-12,2153.0
2018-12-13,2180.0
2018-12-14,2383.0
2018-12-15,2408.0
2018-12-16,2408.0
2018-12-17,2433.0
2018-12-18,2393.0
2018-12-19,2264.0
2018-12-20,2071.0
2018-12-21,1913.0
2018-12-22,1909.0
2018-12-23,1909.0
2018-12-24,1905.0
2018-12-25,1946.0
2018-12-26,1946.0
2018-12-27,1946.0
2018-12-28,1946.0
2018-12-29,1946.0
2018-12-30,1946.0
2018-12-31,1946.0
2019-01-01,1946.0
2019-01-02,1987.0
2019-01-03,1963.0
2019-01-04,2003.0
2019-01-05,2009.5
2019-01-06,2009.5
2019-01-07,2016.0
2019-01-08,2117.0
2019-01-09,2078.0
2019-01-10,1987.0
2019-01-11,1966.0
2019-01-12,1959.0
2019-01-13,1959.0
2019-01-14,1952.0
2019-01-15,1831.0
2019-01-16,1748.0
2019-01-17,1868.0
2019-01-18,2037.0
2019-01-19,2030.5
2019-01-20,2030.5
2019-01-21,2024.0
2019-01-22,1892.0
2019-01-23,1775.0
2019-01-24,1726.0
2019-01-25,1730.0
2019-01-26,1680.5
2019-01-27,1680.5
2019-01-28,1631.0
2019-01-29,1508.0
2019-01-30,1295.0
2019-01-31,1116.0
2019-02-01,1014.0
2019-02-02,999.0
2019-02-03,999.0
2019-02-04,984.0
2019-02-05,972.0
2019-02-06,929.0
2019-02-07,846.0
2019-02-08,792.0
2019-02-09,764.0
2019-02-10,764.0
2019-02-11,736.0
2019-02-12,711.0
2019-02-13,707.0
2019-02-14,729.0
2019-02-15,727.0
2019-02-16,720.0
2019-02-17,720.0
2019-02-18,713.0
2019-02-19,650.0
2019-02-20,578.0
2019-02-21,570.0
2019-02-22,545.0
2019-02-23,532.5
2019-02-24,532.5
2019-02-25,520.0
2019-02-26,522.0
2019-02-27,500.0
2019-02-28,459.0
2019-03-01,383.0
2019-03-02,369.0
2019-03-03,369.0
2019-03-04,355.0
2019-03-05,299.0
2019-03-06,270.0
2019-03-07,236.0
2019-03-08,235.0
2019-03-09,242.5
2019-03-10,242.5
2019-03-11,250.0
2019-03-12,278.0
2019-03-13,327.0
2019-03-14,403.0
2019-03-15,520.0
2019-03-16,498.0
2019-03-17,498.0
2019-03-18,476.0
2019-03-19,421.0
2019-03-20,399.0
2019-03-21,288.0
2019-03-22,251.0
2019-03-23,240.5
2019-03-24,240.5
2019-03-25,230.0
2019-03-26,190.0
2019-03-27,178.0
2019-03-28,167.0
2019-03-29,150.0
2019-03-30,136.0
2019-03-31,136.0
2019-04-01,122.0
2019-04-02,92.0
2019-04-03,104.0
2019-04-04,210.0
2019-04-05,276.0
2019-04-06,294.0
2019-04-07,294.0
2019-04-08,312.0
2019-04-09,375.0
2019-04-10,428.0
2019-04-11,423.0
2019-04-12,418.0
2019-04-13,431.5
2019-04-14,431.5
2019-04-15,445.0
2019-04-16,459.0
2019-04-17,463.0
2019-04-18,490.0
2019-04-19,531.0
2019-04-20,531.0
2019-04-21,531.0
2019-04-22,531.0
2019-04-23,572.0
2019-04-24,648.0
2019-04-25,691.0
2019-04-26,783.0
2019-04-27,833.5
2019-04-28,833.5
2019-04-29,884.0
2019-04-30,1276.0
2019-05-01,1389.0
2019-05-02,1420.0
2019-05-03,1290.0
2019-05-04,1204.5
2019-05-05,1204.5
2019-05-06,1204.5
2019-05-07,1119.0
2019-05-08,1159.0
2019-05-09,1270.0
2019-05-10,1371.0
2019-05-11,1388.0
2019-05-12,1388.0
2019-05-13,1405.0
2019-05-14,1462.0
2019-05-15,1417.0
2019-05-16,1428.0
2019-05-17,1463.0
2019-05-18,1466.5
2019-05-19,1466.5
2019-05-20,1470.0
2019-05-21,1501.0
2019-05-22,1537.0
2019-05-23,1558.0
2019-05-24,1545.0
2019-05-25,1565.0
2019-05-26,1565.0
2019-05-27,1565.0
2019-05-28,1585.0
2019-05-29,1659.0
2019-05-30,1623.0
2019-05-31,1620.0
2019-06-01,1635.0
2019-06-02,1635.0
2019-06-03,1650.0
2019-06-04,1739.0
2019-06-05,1806.0
2019-06-06,1826.0
2019-06-07,1862.0
2019-06-08,1855.0
2019-06-09,1855.0
2019-06-10,1848.0
2019-06-11,1798.0
2019-06-12,1746.0
2019-06-13,1718.0
2019-06-14,1800.0
2019-06-15,1813.0
2019-06-16,1813.0
2019-06-17,1826.0
2019-06-18,1956.0
2019-06-19,2051.0
2019-06-20,2080.0
2019-06-21,2278.0
2019-06-22,2320.5
2019-06-23,2320.5
2019-06-24,2363.0
2019-06-25,2389.0
2019-06-26,2440.0
2019-06-27,2465.0
2019-06-28,2488.0
2019-06-29,2522.5
2019-06-30,2522.5
2019-07-01,2557.0
2019-07-02,2717.0
2019-07-03,2939.0
2019-07-04,3298.0
2019-07-05,3346.0
2019-07-06,3303.0
2019-07-07,3303.0
2019-07-08,3260.0
2019-07-09,3343.0
2019-07-10,3361.0
2019-07-11,3416.0
2019-07-12,3541.0
2019-07-13,3632.5
2019-07-14,3632.5
2019-07-15,3724.0
2019-07-16,3968.0
2019-07-17,4095.0
2019-07-18,4256.0
2019-07-19,4379.0
2019-07-20,4408.5
2019-07-21,4408.5
2019-07-22,4438.0
2019-07-23,4315.0
2019-07-24,3808.0
2019-07-25,3609.0
2019-07-26,3647.0
2019-07-27,3653.5
2019-07-28,3653.5
2019-07-29,3660.0
2019-07-30,3664.0
2019-07-31,3657.0
2019-08-01,3534.0
2019-08-02,3492.0
2019-08-03,3486.0
2019-08-04,3486.0
2019-08-05,3480.0
2019-08-06,3302.0
2019-08-07,3171.0
2019-08-08,3181.0
2019-08-09,3222.0
2019-08-10,3244.0
2019-08-11,3244.0
2019-08-12,3266.0
2019-08-13,3454.0
2019-08-14,3588.0
2019-08-15,3767.0
2019-08-16,3826.0
2019-08-17,3777.0
2019-08-18,3777.0
2019-08-19,3728.0
2019-08-20,3665.0
2019-08-21,3671.0
2019-08-22,3829.0
2019-08-23,3991.0
2019-08-24,4036.5
2019-08-25,4036.5
2019-08-26,4036.5
2019-08-27,4082.0
2019-08-28,4213.0
2019-08-29,4206.0
2019-08-30,4467.0
2019-08-31,4563.0
2019-09-01,4563.0
2019-09-02,4659.0
2019-09-03,4862.0
2019-09-04,5043.0
2019-09-05,5036.0
2019-09-06,4949.0
2019-09-07,4896.5
2019-09-08,4896.5
2019-09-09,4844.0
2019-09-10,4794.0
2019-09-11,4726.0
2019-09-12,4612.0
2019-09-13,4547.0
2019-09-14,4542.5
2019-09-15,4542.5
2019-09-16,4538.0
2019-09-17,4456.0
2019-09-18,4394.0
2019-09-19,4136.0
2019-09-20,3952.0
2019-09-21,3927.5
2019-09-22,3927.5
2019-09-23,3903.0
2019-09-24,3982.0
2019-09-25,3829.0
2019-09-26,3601.0
2019-09-27,3338.0
2019-09-28,3303.5
2019-09-29,3303.5
2019-09-30,3269.0
2019-10-01,3232.0
2019-10-02,3231.0
2019-10-03,3013.0
2019-10-04,3021.0
2019-10-05,3012.0
2019-10-06,3012.0
2019-10-07,3003.0
2019-10-08,3031.0
2019-10-09,3208.0
2019-10-10,3319.0
2019-10-11,3290.0
2019-10-12,3272.0
2019-10-13,3272.0
2019-10-14,3254.0
2019-10-15,3204.0
2019-10-16,3194.0
2019-10-17,3081.0
2019-10-18,3064.0
2019-10-19,3055.5
2019-10-20,3055.5
2019-10-21,3047.0
2019-10-22,2944.0
2019-10-23,2873.0
2019-10-24,2926.0
2019-10-25,3009.0
2019-10-26,3030.5
2019-10-27,3030.5
2019-10-28,3052.0
2019-10-29,3078.0
2019-10-30,3078.0
2019-10-31,2978.0
2019-11-01,2950.0
2019-11-02,2948.0
2019-11-03,2948.0
2019-11-04,2946.0
2019-11-05,2975.0
2019-11-06,2726.0
2019-11-07,2517.0
2019-11-08,2444.0
2019-11-09,2418.5
2019-11-10,2418.5
2019-11-11,2393.0
2019-11-12,2485.0
2019-11-13,2565.0
2019-11-14,2623.0
2019-11-15,2635.0
2019-11-16,2619.0
2019-11-17,2619.0
2019-11-18,2603.0
2019-11-19,2543.0
2019-11-20,2435.0
2019-11-21,2401.0
2019-11-22,2493.0
2019-11-23,2604.5
2019-11-24,2604.5
2019-11-25,2716.0
2019-11-26,2953.0
2019-11-27,2983.0
2019-11-28,2995.0
2019-11-29,3131.0
2019-11-30,3181.0
2019-12-01,3181.0
2019-12-02,3231.0
2019-12-03,3350.0
2019-12-04,3382.0
2019-12-05,3325.0
2019-12-06,3273.0
2019-12-07,3257.5
2019-12-08,3257.5
2019-12-09,3242.0
2019-12-10,3167.0
2019-12-11,2883.0
2019-12-12,2598.0
2019-12-13,2455.0
2019-12-14,2394.5
2019-12-15,2394.5
2019-12-16,2334.0
2019-12-17,2240.0
2019-12-18,2103.0
2019-12-19,1976.0
2019-12-20,1958.0
2019-12-21,1956.0
2019-12-22,1956.0
2019-12-23,1954.0
2019-12-24,1950.0
2019-12-25,1798.0
2019-12-26,1798.0
2019-12-27,1798.0
2019-12-28,1798.0
2019-12-29,1798.0
2019-12-30,1798.0
2019-12-31,1798.0
2020-01-01,1798.0
2020-01-02,1646.0
2020-01-03,1507.0
2020-01-04,1447.5
2020-01-05,1447.5
2020-01-06,1388.0
2020-01-07,1271.0
2020-01-08,1197.0
2020-01-09,1155.0
2020-01-10,1066.0
2020-01-11,1035.0
2020-01-12,1035.0
2020-01-13,1004.0
2020-01-14,970.0
2020-01-15,878.0
2020-01-16,784.0
2020-01-17,712.0
2020-01-18,652.5
2020-01-19,652.5
2020-01-20,593.0
2020-01-21,495.0
2020-01-22,325.0
2020-01-23,207.0
2020-01-24,165.0
2020-01-25,150.0
2020-01-26,150.0
2020-01-27,135.0
2020-01-28,129.0
2020-01-29,93.0
2020-01-30,1.0
2020-01-31,-20.0
2020-02-01,-61.0
2020-02-02,-61.0
2020-02-03,-102.0
2020-02-04,-133.0
2020-02-05,-183.0
2020-02-06,-187.0
2020-02-07,-234.0
2020-02-08,-244.0
2020-02-09,-244.0
2020-02-10,-254.0
2020-02-11,-253.0
2020-02-12,-259.0
2020-02-13,-284.0
2020-02-14,-294.0
2020-02-15,-290.5
2020-02-16,-290.5
2020-02-17,-287.0
2020-02-18,-257.0
2020-02-19,-241.0
2020-02-20,-232.0
2020-02-21,-226.0
2020-02-22,-232.5
2020-02-23,-232.5
2020-02-24,-239.0
2020-02-25,-278.0
2020-02-26,-290.0
2020-02-27,-300.0
2020-02-28,-328.0
2020-02-29,-333.0
2020-03-01,-338.0
2020-03-02,-348.0
2020-03-03,-346.0
2020-03-04,-353.0
2020-03-05,-307.0
2020-03-06,-312.0
2020-03-07,-342.0
2020-03-08,-342.0
2020-03-09,-372.0
2020-03-10,-347.0
2020-03-11,-350.0
2020-03-12,-355.0
2020-03-13,-311.0
2020-03-14,-302.0
2020-03-15,-302.0
2020-03-16,-293.0
2020-03-17,-289.0
2020-03-18,-204.0
2020-03-19,-166.0
2020-03-20,-121.0
2020-03-21,-115.0
2020-03-22,-115.0
2020-03-23,-109.0
2020-03-24,-110.0
2020-03-25,-113.0
2020-03-26,-106.0
2020-03-27,-97.0
2020-03-28,-83.0
2020-03-29,-83.0
2020-03-30,-69.0
2020-03-31,204.0
2020-04-01,219.0
2020-04-02,268.0
2020-04-03,319.0
2020-04-04,328.5
2020-04-05,328.5
2020-04-06,338.0
2020-04-07,356.0
2020-04-08,425.0
2020-04-09,541.0
2020-04-10,614.0
2020-04-11,614.0
2020-04-12,614.0
2020-04-13,614.0
2020-04-14,687.0
2020-04-15,794.0
2020-04-16,887.0
2020-04-17,993.0
2020-04-18,1025.0
2020-04-19,1025.0
2020-04-20,1057.0
2020-04-21,1004.0
2020-04-22,968.0
2020-04-23,970.0
2020-04-24,964.0
2020-04-25,963.0
2020-04-26,963.0
2020-04-27,962.0
2020-04-28,945.0
2020-04-29,926.0
2020-04-30,895.0
2020-05-01,820.0
2020-05-02,781.5
2020-05-03,781.5
2020-05-04,743.0
2020-05-05,669.0
2020-05-06,519.0
2020-05-07,461.0
2020-05-08,376.5
2020-05-09,376.5
2020-05-10,376.5
2020-05-11,292.0
2020-05-12,123.0
2020-05-13,-17.0
2020-05-14,-48.0
2020-05-15,26.0
2020-05-16,60.0
2020-05-17,60.0
2020-05-18,94.0
2020-05-19,174.0
2020-05-20,174.0
2020-05-21,180.0
2020-05-22,162.0
2020-05-23,154.5
2020-05-24,154.5
2020-05-25,154.5
2020-05-26,147.0
2020-05-27,108.0
2020-05-28,27.0
2020-05-29,46.0
2020-05-30,64.0
2020-05-31,64.0
2020-06-01,82.0
2020-06-02,167.0
2020-06-03,356.0
2020-06-04,518.0
2020-06-05,736.0
2020-06-06,773.0
2020-06-07,773.0
2020-06-08,810.0
2020-06-09,859.0
2020-06-10,1039.0
2020-06-11,1300.0
2020-06-12,1523.0
2020-06-13,1585.5
2020-06-14,1585.5
2020-06-15,1648.0
2020-06-16,1854.0
2020-06-17,2455.0
2020-06-18,3672.0
2020-06-19,3819.0
2020-06-20,3805.0
2020-06-21,3805.0
2020-06-22,3791.0
2020-06-23,3976.0
2020-06-24,4189.0
2020-06-25,4213.0
2020-06-26,4219.0
2020-06-27,4272.0
2020-06-28,4272.0
2020-06-29,4325.0
2020-06-30,4320.0
2020-07-01,4233.0
2020-07-02,4264.0
2020-07-03,4440.0
2020-07-04,4255.5
2020-07-05,4255.5
2020-07-06,4071.0
2020-07-07,3968.0
2020-07-08,3570.0
2020-07-09,3386.0
2020-07-10,3333.0
2020-07-11,3292.0
2020-07-12,3292.0
2020-07-13,3251.0
2020-07-14,3082.0
2020-07-15,2941.0
2020-07-16,2971.0
2020-07-17,3025.0
2020-07-18,2987.5
2020-07-19,2987.5
2020-07-20,2950.0
2020-07-21,2729.0
2020-07-22,2426.0
2020-07-23,2236.0
2020-07-24,2084.0
2020-07-25,2068.0
2020-07-26,2068.0
2020-07-27,2052.0
2020-07-28,1992.0
2020-07-29,2137.0
2020-07-30,2210.0
2020-07-31,2206.0
2020-08-01,2251.5
2020-08-02,2251.5
2020-08-03,2297.0
2020-08-04,2494.0
2020-08-05,2458.0
2020-08-06,2464.0
2020-08-07,2401.0
2020-08-08,2388.0
2020-08-09,2388.0
2020-08-10,2375.0
2020-08-11,2316.0
2020-08-12,2332.0
2020-08-13,2384.0
2020-08-14,2402.0
2020-08-15,2401.0
2020-08-16,2401.0
2020-08-17,2400.0
2020-08-18,2375.0
2020-08-19,2347.0
2020-08-20,2239.0
2020-08-21,2160.0
2020-08-22,2183.5
2020-08-23,2183.5
2020-08-24,2207.0
2020-08-25,2293.0
2020-08-26,2278.0
2020-08-27,2264.0
2020-08-28,2218.0
2020-08-29,2197.0
2020-08-30,2197.0
2020-08-31,2197.0
2020-09-01,2176.0
2020-09-02,2127.0
2020-09-03,2019.0
2020-09-04,1960.0
2020-09-05,1951.0
2020-09-06,1951.0
2020-09-07,1942.0
2020-09-08,1916.0
2020-09-09,1867.0
2020-09-10,1818.0
2020-09-11,1839.0
2020-09-12,1868.5
2020-09-13,1868.5
2020-09-14,1898.0
2020-09-15,1922.0
2020-09-16,1889.0
2020-09-17,1914.0
2020-09-18,1900.0
2020-09-19,1920.0
2020-09-20,1920.0
2020-09-21,1940.0
2020-09-22,2078.0
2020-09-23,2242.0
2020-09-24,2754.0
2020-09-25,2915.0
2020-09-26,2888.5
2020-09-27,2888.5
2020-09-28,2862.0
2020-09-29,2871.0
2020-09-30,3091.0
2020-10-01,3537.0
2020-10-02,3987.0
2020-10-03,4061.0
2020-10-04,4061.0
2020-10-05,4135.0
2020-10-06,4208.0
2020-10-07,4035.0
2020-10-08,3799.0
2020-10-09,3555.0
2020-10-10,3425.5
2020-10-11,3425.5
2020-10-12,3296.0
2020-10-13,3074.0
2020-10-14,2810.0
2020-10-15,2621.0
2020-10-16,2406.0
2020-10-17,2312.5
2020-10-18,2312.5
2020-10-19,2219.0
2020-10-20,2064.0
2020-10-21,2068.0
2020-10-22,2235.0
2020-10-23,2261.0
2020-10-24,2234.0
2020-10-25,2234.0
2020-10-26,2207.0
2020-10-27,2244.0
2020-10-28,2156.0
2020-10-29,1903.0
2020-10-30,1875.0
2020-10-31,1885.0
2020-11-01,1885.0
2020-11-02,1895.0
2020-11-03,1862.0
2020-11-04,1771.0
2020-11-05,1709.0
2020-11-06,1739.0
2020-11-07,1764.5
2020-11-08,1764.5
2020-11-09,1790.0
2020-11-10,1782.0
2020-11-11,1613.0
2020-11-12,1550.0
2020-11-13,1507.0
2020-11-14,1494.0
2020-11-15,1494.0
2020-11-16,1481.0
2020-11-17,1450.0
2020-11-18,1414.0
2020-11-19,1430.0
2020-11-20,1435.0
2020-11-21,1442.5
2020-11-22,1442.5
2020-11-23,1450.0
2020-11-24,1447.0
2020-11-25,1469.0
2020-11-26,1509.0
2020-11-27,1533.0
2020-11-28,1527.5
2020-11-29,1527.5
2020-11-30,1522.0
2020-12-01,1487.0
2020-12-02,1486.0
2020-12-03,1480.0
2020-12-04,1520.0
2020-12-05,1469.5
2020-12-06,1469.5
2020-12-07,1419.0
2020-12-08,1279.0
2020-12-09,1241.0
2020-12-10,1320.0
2020-12-11,1434.0
2020-12-12,1457.5
2020-12-13,1457.5
2020-12-14,1481.0
2020-12-15,1583.0
2020-12-16,1667.0
2020-12-17,1705.0
2020-12-18,1802.0
2020-12-19,1810.5
2020-12-20,1810.5
2020-12-21,1819.0
2020-12-22,1865.0
2020-12-23,1979.0
2020-12-24,2006.0
2020-12-25,2007.0
2020-12-26,2007.0
2020-12-27,2007.0
2020-12-28,2007.0
2020-12-29,2007.0
2020-12-30,2007.0
2020-12-31,2007.0
2021-01-01,2007.0
2021-01-02,2007.0
2021-01-03,2007.0
2021-01-04,2008.0
2021-01-05,2099.0
2021-01-06,2087.0
2021-01-07,2122.0
2021-01-08,2548.0
2021-01-09,2751.5
2021-01-10,2751.5
2021-01-11,2955.0
2021-01-12,3186.0
2021-01-13,3194.0
2021-01-14,3012.0
2021-01-15,2893.0
2021-01-16,2866.0
2021-01-17,2866.0
2021-01-18,2839.0
2021-01-19,2912.0
2021-01-20,3082.0
2021-01-21,3077.0
2021-01-22,2970.0
2021-01-23,2893.5
2021-01-24,2893.5
2021-01-25,2817.0
2021-01-26,2497.0
2021-01-27,2145.0
2021-01-28,1945.0
2021-01-29,1890.0
2021-01-30,1880.5
2021-01-31,1880.5
2021-02-01,1871.0
2021-02-02,1694.0
2021-02-03,1544.0
2021-02-04,1540.0
2021-02-05,1527.0
2021-02-06,1490.5
2021-02-07,1490.5
2021-02-08,1454.0
2021-02-09,1370.0
2021-02-10,1296.0
2021-02-11,1243.0
2021-02-12,1242.0
2021-02-13,1251.5
2021-02-14,1251.5
2021-02-15,1261.0
2021-02-16,1485.0
2021-02-17,1912.0
2021-02-18,1892.0
2021-02-19,1715.0
2021-02-20,1694.0
2021-02-21,1694.0
2021-02-22,1673.0
2021-02-23,1594.0
2021-02-24,1485.0
2021-02-25,1471.0
2021-02-26,1439.0
2021-02-27,1423.5
2021-02-28,1423.5
2021-03-01,1408.0
2021-03-02,1465.0
2021-03-03,1677.0
2021-03-04,1673.0
2021-03-05,1784.0
2021-03-06,1804.5
2021-03-07,1804.5
2021-03-08,1825.0
2021-03-09,1950.0
2021-03-10,2157.0
2021-03-11,2092.0
2021-03-12,2019.0
2021-03-13,2037.5
2021-03-14,2037.5
2021-03-15,2056.0
2021-03-16,2083.0
2021-03-17,2162.0
2021-03-18,2276.0
2021-03-19,2344.0
2021-03-20,2363.0
2021-03-21,2363.0
2021-03-22,2382.0
2021-03-23,2305.0
2021-03-24,2215.0
2021-03-25,2230.0
2021-03-26,2293.0
2021-03-27,2291.0
2021-03-28,2291.0
2021-03-29,2289.0
2021-03-30,2217.0
2021-03-31,2210.0
2021-04-01,2394.0
2021-04-02,2461.0
2021-04-03,2461.0
2021-04-04,2461.0
2021-04-05,2461.0
2021-04-06,2528.0
2021-04-07,2709.0
2021-04-08,2758.0
2021-04-09,2883.0
2021-04-10,3007.5
2021-04-11,3007.5
2021-04-12,3132.0
2021-04-13,3142.0
2021-04-14,3151.0
2021-04-15,3383.0
2021-04-16,3439.0
2021-04-17,3457.5
2021-04-18,3457.5
2021-04-19,3476.0
2021-04-20,3455.0
2021-04-21,4014.0
2021-04-22,4077.0
2021-04-23,4192.0
2021-04-24,4227.0
2021-04-25,4227.0
2021-04-26,4262.0
2021-04-27,4516.0
2021-04-28,4680.0
2021-04-29,4774.0
2021-04-30,4896.0
2021-05-01,5038.0
2021-05-02,5038.0
2021-05-03,5038.0
2021-05-04,5180.0
2021-05-05,5404.0
2021-05-06,5167.0
2021-05-07,5006.0
2021-05-08,5057.5
2021-05-09,5057.5
2021-05-10,5109.0
2021-05-11,5068.0
2021-05-12,4709.0
2021-05-13,4549.0
2021-05-14,4165.0
2021-05-15,4054.0
2021-05-16,4054.0
2021-05-17,3943.0
2021-05-18,3790.0
2021-05-19,3785.0
2021-05-20,3814.0
2021-05-21,3930.0
2021-05-22,3944.0
2021-05-23,3944.0
2021-05-24,3958.0
2021-05-25,3745.0
2021-05-26,3572.0
2021-05-27,3368.0
2021-05-28,3089.0
2021-05-29,3053.5
2021-05-30,3053.5
2021-05-31,3053.5
2021-06-01,3018.0
2021-06-02,2862.0
2021-06-03,2665.0
2021-06-04,2524.0
2021-06-05,2495.5
2021-06-06,2495.5
2021-06-07,2467.0
2021-06-08,2393.0
2021-06-09,2488.0
2021-06-10,2899.0
2021-06-11,3346.0
2021-06-12,3444.5
2021-06-13,3444.5
2021-06-14,3543.0
2021-06-15,3695.0
2021-06-16,4010.0
2021-06-17,4212.0
2021-06-18,4029.0
2021-06-19,3991.0
2021-06-20,3991.0
2021-06-21,3953.0
2021-06-22,3783.0
2021-06-23,3868.0
2021-06-24,3861.0
2021-06-25,3987.0
2021-06-26,4004.0
2021-06-27,4004.0
2021-06-28,4021.0
2021-06-29,4136.0
2021-06-30,3931.0
2021-07-01,3690.0
2021-07-02,3510.0
2021-07-03,3429.5
2021-07-04,3429.5
2021-07-05,3349.0
2021-07-06,3293.0
2021-07-07,3499.0
2021-07-08,3649.0
2021-07-09,3735.0
2021-07-10,3752.5
2021-07-11,3752.5
2021-07-12,3770.0
2021-07-13,3650.0
2021-07-14,3512.0
2021-07-15,3460.0
2021-07-16,3442.0
2021-07-17,3478.0
2021-07-18,3478.0
2021-07-19,3514.0
2021-07-20,3505.0
2021-07-21,3513.0
2021-07-22,3629.0
2021-07-23,3915.0
2021-07-24,3932.5
2021-07-25,3932.5
2021-07-26,3950.0
2021-07-27,3844.0
2021-07-28,3841.0
2021-07-29,4056.0
2021-07-30,4306.0
2021-07-31,4289.0
2021-08-01,4289.0
2021-08-02,4272.0
2021-08-03,4246.0
2021-08-04,4302.0
2021-08-05,4414.0
2021-08-06,4359.0
2021-08-07,4350.5
2021-08-08,4350.5
2021-08-09,4342.0
2021-08-10,4328.0
2021-08-11,4384.0
2021-08-12,4608.0
2021-08-13,4766.0
2021-08-14,4809.0
2021-08-15,4809.0
2021-08-16,4852.0
2021-08-17,4950.0
2021-08-18,5365.0
2021-08-19,5711.0
2021-08-20,5997.0
2021-08-21,6055.5
2021-08-22,6055.5
2021-08-23,6114.0
2021-08-24,6206.0
2021-08-25,6109.0
2021-08-26,6043.0
2021-08-27,6162.0
2021-08-28,6040.5
2021-08-29,6040.5
2021-08-30,6040.5
2021-08-31,5919.0
2021-09-01,5666.0
2021-09-02,5716.0
2021-09-03,5625.0
2021-09-04,5493.5
2021-09-05,5493.5
2021-09-06,5362.0
2021-09-07,5091.0
2021-09-08,4886.0
2021-09-09,4962.0
2021-09-10,5567.0
2021-09-11,5973.5
2021-09-12,5973.5
2021-09-13,6380.0
2021-09-14,6474.0
2021-09-15,6437.0
2021-09-16,6304.0
2021-09-17,6420.0
2021-09-18,6453.5
2021-09-19,6453.5
2021-09-20,6487.0
2021-09-21,6785.0
2021-09-22,7200.0
2021-09-23,7438.0
2021-09-24,7393.0
2021-09-25,7496.5
2021-09-26,7496.5
2021-09-27,7600.0
2021-09-28,8322.0
2021-09-29,9018.0
2021-09-30,8944.0
2021-10-01,9066.0
2021-10-02,9177.5
2021-10-03,9177.5
2021-10-04,9289.0
2021-10-05,9752.0
2021-10-06,10475.0
2021-10-07,10485.0
2021-10-08,10112.0
2021-10-09,10043.5
2021-10-10,10043.5
2021-10-11,9975.0
2021-10-12,9590.0
2021-10-13,8988.0
2021-10-14,8462.0
2021-10-15,7767.0
2021-10-16,7562.5
2021-10-17,7562.5
2021-10-18,7358.0
2021-10-19,7229.0
2021-10-20,7275.0
2021-10-21,6918.0
2021-10-22,6205.0
2021-10-23,5993.5
2021-10-24,5993.5
2021-10-25,5782.0
2021-10-26,5304.0
2021-10-27,4828.0
2021-10-28,4542.0
2021-10-29,4349.0
2021-10-30,4275.5
2021-10-31,4275.5
2021-11-01,4202.0
2021-11-02,3736.0
2021-11-03,3275.0
2021-11-04,3221.0
2021-11-05,3280.0
2021-11-06,3329.0
2021-11-07,3329.0
2021-11-08,3378.0
2021-11-09,3675.0
2021-11-10,3870.0
2021-11-11,3872.0
2021-11-12,3836.0
2021-11-13,3794.0
2021-11-14,3794.0
2021-11-15,3752.0
2021-11-16,3383.0
2021-11-17,3064.0
2021-11-18,3260.0
2021-11-19,3610.0
2021-11-20,3747.0
2021-11-21,3747.0
2021-11-22,3884.0
2021-11-23,4055.0
2021-11-24,3822.0
2021-11-25,3776.0
2021-11-26,3906.0
2021-11-27,4024.5
2021-11-28,4024.5
2021-11-29,4143.0
2021-11-30,4483.0
2021-12-01,4464.0
2021-12-02,4534.0
2021-12-03,4594.0
2021-12-04,4646.5
2021-12-05,4646.5
2021-12-06,4699.0
2021-12-07,4983.0
2021-12-08,5189.0
2021-12-09,4989.0
2021-12-10,4827.0
2021-12-11,4772.5
2021-12-12,4772.5
2021-12-13,4718.0
2021-12-14,3960.0
2021-12-15,3272.0
2021-12-16,2894.0
2021-12-17,2727.0
2021-12-18,2767.0
2021-12-19,2767.0
2021-12-20,2807.0
2021-12-21,2663.0
2021-12-22,2455.0
2021-12-23,2351.0
2021-12-24,2312.0
2021-12-25,2331.0
2021-12-26,2331.0
2021-12-27,2331.0
2021-12-28,2331.0
2021-12-29,2331.0
2021-12-30,2331.0
2021-12-31,2331.0
2022-01-01,2331.0
2022-01-02,2331.0
2022-01-03,2331.0
2022-01-04,2350.0
2022-01-05,2301.0
2022-01-06,2356.0
2022-01-07,2432.0
2022-01-08,2493.0
2022-01-09,2493.0
2022-01-10,2554.0
2022-01-11,2325.0
2022-01-12,2097.0
2022-01-13,1746.0
2022-01-14,1496.0
2022-01-15,1483.0
2022-01-16,1483.0
2022-01-17,1470.0
2022-01-18,1316.0
2022-01-19,1226.0
2022-01-20,1031.0
2022-01-21,891.0
2022-01-22,863.5
2022-01-23,863.5
2022-01-24,836.0
2022-01-25,745.0
2022-01-26,702.0
2022-01-27,818.0
2022-01-28,1075.0
2022-01-29,1141.5
2022-01-30,1141.5
2022-01-31,1208.0
2022-02-01,1297.0
2022-02-02,1280.0
2022-02-03,1291.0
2022-02-04,1242.0
2022-02-05,1195.0
2022-02-06,1195.0
2022-02-07,1148.0
2022-02-08,1202.0
2022-02-09,1503.0
2022-02-10,1904.0
2022-02-11,1857.0
2022-02-12,1826.0
2022-02-13,1826.0
2022-02-14,1795.0
2022-02-15,1713.0
2022-02-16,1476.0
2022-02-17,1447.0
2022-02-18,1675.0
2022-02-19,1762.0
2022-02-20,1762.0
2022-02-21,1849.0
2022-02-22,2015.0
2022-02-23,2192.0
2022-02-24,2000.0
2022-02-25,1691.0
2022-02-26,1654.0
2022-02-27,1654.0
2022-02-28,1617.0
2022-03-01,1690.0
2022-03-02,1840.0
2022-03-03,1639.0
2022-03-04,1635.0
2022-03-05,1692.0
2022-03-06,1692.0
2022-03-07,1749.0
2022-03-08,1896.0
2022-03-09,2282.0
2022-03-10,2613.0
2022-03-11,2676.0
2022-03-12,2731.0
2022-03-13,2731.0
2022-03-14,2786.0
2022-03-15,2823.0
2022-03-16,2632.0
2022-03-17,2604.0
2022-03-18,2605.0
2022-03-19,2537.5
2022-03-20,2537.5
2022-03-21,2470.0
2022-03-22,2175.0
2022-03-23,2100.0
2022-03-24,1969.0
2022-03-25,1887.0
2022-03-26,1810.5
2022-03-27,1810.5
2022-03-28,1734.0
2022-03-29,1639.0
2022-03-30,1646.0
2022-03-31,1760.0
2022-04-01,1864.0
2022-04-02,1830.0
2022-04-03,1830.0
2022-04-04,1796.0
2022-04-05,1624.0
2022-04-06,1490.0
2022-04-07,1417.0
2022-04-08,1444.0
2022-04-09,1419.5
2022-04-10,1419.5
2022-04-11,1395.0
2022-04-12,1368.0
2022-04-13,1371.0
2022-04-14,1481.0
2022-04-15,1411.5
2022-04-16,1411.5
2022-04-17,1411.5
2022-04-18,1411.5
2022-04-19,1342.0
2022-04-20,1363.0
2022-04-21,1636.0
2022-04-22,1845.0
2022-04-23,1924.0
2022-04-24,1924.0
2022-04-25,2003.0
2022-04-26,2169.0
2022-04-27,2226.0
2022-04-28,2149.0
2022-04-29,2136.0
2022-04-30,2141.5
