Date,bsi
2012-07-04,1284.0
2012-07-05,1293.0
2012-07-06,1296.0
2012-07-07,1297.5
2012-07-08,1297.5
2012-07-09,1299.0
2012-07-10,1300.0
2012-07-11,1299.0
2012-07-12,1294.0
2012-07-13,1287.0
2012-07-14,1282.0
2012-07-15,1282.0
2012-07-16,1277.0
2012-07-17,1261.0
2012-07-18,1239.0
2012-07-19,1212.0
2012-07-20,1192.0
2012-07-21,1182.5
2012-07-22,1182.5
2012-07-23,1173.0
2012-07-24,1156.0
2012-07-25,1133.0
2012-07-26,1099.0
2012-07-27,1069.0
2012-07-28,1058.0
2012-07-29,1058.0
2012-07-30,1047.0
2012-07-31,1032.0
2012-08-01,1023.0
2012-08-02,1010.0
2012-08-03,995.0
2012-08-04,988.5
2012-08-05,988.5
2012-08-06,982.0
2012-08-07,966.0
2012-08-08,946.0
2012-08-09,906.0
2012-08-10,886.0
2012-08-11,881.5
2012-08-12,881.5
2012-08-13,877.0
2012-08-14,865.0
2012-08-15,856.0
2012-08-16,847.0
2012-08-17,841.0
2012-08-18,839.5
2012-08-19,839.5
2012-08-20,838.0
2012-08-21,833.0
2012-08-22,833.0
2012-08-23,845.0
2012-08-24,853.0
2012-08-25,855.0
2012-08-26,855.0
2012-08-27,855.0
2012-08-28,857.0
2012-08-29,858.0
2012-08-30,855.0
2012-08-31,857.0
2012-09-01,854.5
2012-09-02,854.5
2012-09-03,852.0
2012-09-04,849.0
2012-09-05,845.0
2012-09-06,837.0
2012-09-07,832.0
2012-09-08,829.5
2012-09-09,829.5
2012-09-10,827.0
2012-09-11,821.0
2012-09-12,825.0
2012-09-13,828.0
2012-09-14,834.0
2012-09-15,836.5
2012-09-16,836.5
2012-09-17,839.0
2012-09-18,843.0
2012-09-19,845.0
2012-09-20,850.0
2012-09-21,847.0
2012-09-22,847.0
2012-09-23,847.0
2012-09-24,847.0
2012-09-25,847.0
2012-09-26,844.0
2012-09-27,836.0
2012-09-28,830.0
2012-09-29,827.5
2012-09-30,827.5
2012-10-01,825.0
2012-10-02,818.0
2012-10-03,810.0
2012-10-04,802.0
2012-10-05,795.0
2012-10-06,793.0
2012-10-07,793.0
2012-10-08,791.0
2012-10-09,789.0
2012-10-10,787.0
2012-10-11,783.0
2012-10-12,776.0
2012-10-13,772.0
2012-10-14,772.0
2012-10-15,768.0
2012-10-16,754.0
2012-10-17,746.0
2012-10-18,740.0
2012-10-19,732.0
2012-10-20,726.5
2012-10-21,726.5
2012-10-22,721.0
2012-10-23,716.0
2012-10-24,712.0
2012-10-25,706.0
2012-10-26,699.0
2012-10-27,696.0
2012-10-28,696.0
2012-10-29,693.0
2012-10-30,689.0
2012-10-31,678.0
2012-11-01,671.0
2012-11-02,669.0
2012-11-03,665.5
2012-11-04,665.5
2012-11-05,662.0
2012-11-06,654.0
2012-11-07,647.0
2012-11-08,644.0
2012-11-09,649.0
2012-11-10,650.5
2012-11-11,650.5
2012-11-12,652.0
2012-11-13,653.0
2012-11-14,655.0
2012-11-15,664.0
2012-11-16,674.0
2012-11-17,680.5
2012-11-18,680.5
2012-11-19,687.0
2012-11-20,695.0
2012-11-21,706.0
2012-11-22,716.0
2012-11-23,724.0
2012-11-24,728.0
2012-11-25,728.0
2012-11-26,732.0
2012-11-27,742.0
2012-11-28,751.0
2012-11-29,760.0
2012-11-30,766.0
2012-12-01,769.0
2012-12-02,769.0
2012-12-03,772.0
2012-12-04,771.0
2012-12-05,768.0
2012-12-06,765.0
2012-12-07,760.0
2012-12-08,755.5
2012-12-09,755.5
2012-12-10,751.0
2012-12-11,751.0
2012-12-12,748.0
2012-12-13,746.0
2012-12-14,745.0
2012-12-15,743.5
2012-12-16,743.5
2012-12-17,742.0
2012-12-18,738.0
2012-12-19,738.0
2012-12-20,735.0
2012-12-21,732.0
2012-12-22,734.5
2012-12-23,734.5
2012-12-24,734.5
2012-12-25,734.5
2012-12-26,734.5
2012-12-27,734.5
2012-12-28,734.5
2012-12-29,734.5
2012-12-30,734.5
2012-12-31,734.5
2013-01-01,734.5
2013-01-02,737.0
2013-01-03,739.0
2013-01-04,739.0
2013-01-05,739.0
2013-01-06,739.0
2013-01-07,739.0
2013-01-08,740.0
2013-01-09,741.0
2013-01-10,743.0
2013-01-11,745.0
2013-01-12,744.0
2013-01-13,744.0
2013-01-14,743.0
2013-01-15,740.0
2013-01-16,738.0
2013-01-17,735.0
2013-01-18,730.0
2013-01-19,729.0
2013-01-20,729.0
2013-01-21,728.0
2013-01-22,721.0
2013-01-23,713.0
2013-01-24,712.0
2013-01-25,711.0
2013-01-26,710.5
2013-01-27,710.5
2013-01-28,710.0
2013-01-29,695.0
2013-01-30,688.0
2013-01-31,684.0
2013-02-01,682.0
2013-02-02,681.5
2013-02-03,681.5
2013-02-04,681.0
2013-02-05,677.0
2013-02-06,674.0
2013-02-07,671.0
2013-02-08,669.0
2013-02-09,667.5
2013-02-10,667.5
2013-02-11,666.0
2013-02-12,668.0
2013-02-13,664.0
2013-02-14,667.0
2013-02-15,672.0
2013-02-16,675.5
2013-02-17,675.5
2013-02-18,679.0
2013-02-19,687.0
2013-02-20,695.0
2013-02-21,705.0
2013-02-22,717.0
2013-02-23,720.5
2013-02-24,720.5
2013-02-25,724.0
2013-02-26,734.0
2013-02-27,745.0
2013-02-28,764.0
2013-03-01,781.0
2013-03-02,791.0
2013-03-03,791.0
2013-03-04,801.0
2013-03-05,818.0
2013-03-06,837.0
2013-03-07,852.0
2013-03-08,864.0
2013-03-09,870.0
2013-03-10,870.0
2013-03-11,876.0
2013-03-12,889.0
2013-03-13,903.0
2013-03-14,913.0
2013-03-15,925.0
2013-03-16,931.0
2013-03-17,931.0
2013-03-18,937.0
2013-03-19,950.0
2013-03-20,959.0
2013-03-21,968.0
2013-03-22,978.0
2013-03-23,979.5
2013-03-24,979.5
2013-03-25,981.0
2013-03-26,977.0
2013-03-27,965.0
2013-03-28,944.0
2013-03-29,938.5
2013-03-30,938.5
2013-03-31,938.5
2013-04-01,938.5
2013-04-02,933.0
2013-04-03,924.0
2013-04-04,915.0
2013-04-05,912.0
2013-04-06,909.5
2013-04-07,909.5
2013-04-08,907.0
2013-04-09,902.0
2013-04-10,900.0
2013-04-11,901.0
2013-04-12,902.0
2013-04-13,902.0
2013-04-14,902.0
2013-04-15,902.0
2013-04-16,900.0
2013-04-17,899.0
2013-04-18,898.0
2013-04-19,902.0
2013-04-20,902.0
2013-04-21,902.0
2013-04-22,902.0
2013-04-23,903.0
2013-04-24,905.0
2013-04-25,904.0
2013-04-26,900.0
2013-04-27,897.5
2013-04-28,897.5
2013-04-29,895.0
2013-04-30,888.0
2013-05-01,884.0
2013-05-02,880.0
2013-05-03,876.0
2013-05-04,875.0
2013-05-05,875.0
2013-05-06,875.0
2013-05-07,874.0
2013-05-08,872.0
2013-05-09,869.0
2013-05-10,866.0
2013-05-11,863.5
2013-05-12,863.5
2013-05-13,861.0
2013-05-14,857.0
2013-05-15,854.0
2013-05-16,853.0
2013-05-17,851.0
2013-05-18,851.5
2013-05-19,851.5
2013-05-20,852.0
2013-05-21,851.0
2013-05-22,853.0
2013-05-23,855.0
2013-05-24,857.0
2013-05-25,857.5
2013-05-26,857.5
2013-05-27,857.5
2013-05-28,858.0
2013-05-29,859.0
2013-05-30,865.0
2013-05-31,871.0
2013-06-01,872.0
2013-06-02,872.0
2013-06-03,873.0
2013-06-04,877.0
2013-06-05,880.0
2013-06-06,885.0
2013-06-07,889.0
2013-06-08,889.5
2013-06-09,889.5
2013-06-10,890.0
2013-06-11,892.0
2013-06-12,895.0
2013-06-13,895.0
2013-06-14,900.0
2013-06-15,900.0
2013-06-16,900.0
2013-06-17,900.0
2013-06-18,903.0
2013-06-19,909.0
2013-06-20,916.0
2013-06-21,923.0
2013-06-22,926.5
2013-06-23,926.5
2013-06-24,930.0
2013-06-25,937.0
2013-06-26,944.0
2013-06-27,950.0
2013-06-28,954.0
2013-06-29,954.0
2013-06-30,954.0
2013-07-01,954.0
2013-07-02,952.0
2013-07-03,943.0
2013-07-04,932.0
2013-07-05,924.0
2013-07-06,922.0
2013-07-07,922.0
2013-07-08,920.0
2013-07-09,911.0
2013-07-10,904.0
2013-07-11,901.0
2013-07-12,897.0
2013-07-13,895.5
2013-07-14,895.5
2013-07-15,894.0
2013-07-16,895.0
2013-07-17,894.0
2013-07-18,897.0
2013-07-19,898.0
2013-07-20,900.0
2013-07-21,900.0
2013-07-22,902.0
2013-07-23,907.0
2013-07-24,914.0
2013-07-25,917.0
2013-07-26,917.0
2013-07-27,918.0
2013-07-28,918.0
2013-07-29,919.0
2013-07-30,916.0
2013-07-31,912.0
2013-08-01,909.0
2013-08-02,908.0
2013-08-03,908.0
2013-08-04,908.0
2013-08-05,908.0
2013-08-06,907.0
2013-08-07,911.0
2013-08-08,913.0
2013-08-09,911.0
2013-08-10,910.5
2013-08-11,910.5
2013-08-12,910.0
2013-08-13,909.0
2013-08-14,910.0
2013-08-15,913.0
2013-08-16,916.0
2013-08-17,916.5
2013-08-18,916.5
2013-08-19,917.0
2013-08-20,919.0
2013-08-21,920.0
2013-08-22,925.0
2013-08-23,927.0
2013-08-24,928.0
2013-08-25,928.0
2013-08-26,928.0
2013-08-27,929.0
2013-08-28,934.0
2013-08-29,937.0
2013-08-30,939.0
2013-08-31,939.0
2013-09-01,939.0
2013-09-02,939.0
2013-09-03,939.0
2013-09-04,943.0
2013-09-05,952.0
2013-09-06,959.0
2013-09-07,962.0
2013-09-08,962.0
2013-09-09,965.0
2013-09-10,958.0
2013-09-11,954.0
2013-09-12,946.0
2013-09-13,940.0
2013-09-14,938.0
2013-09-15,938.0
2013-09-16,936.0
2013-09-17,934.0
2013-09-18,942.0
2013-09-19,951.0
2013-09-20,964.0
2013-09-21,967.5
2013-09-22,967.5
2013-09-23,971.0
2013-09-24,986.0
2013-09-25,1012.0
2013-09-26,1046.0
2013-09-27,1069.0
2013-09-28,1074.0
2013-09-29,1074.0
2013-09-30,1079.0
2013-10-01,1087.0
2013-10-02,1093.0
2013-10-03,1101.0
2013-10-04,1113.0
2013-10-05,1120.0
2013-10-06,1120.0
2013-10-07,1127.0
2013-10-08,1145.0
2013-10-09,1162.0
2013-10-10,1175.0
2013-10-11,1182.0
2013-10-12,1183.5
2013-10-13,1183.5
2013-10-14,1185.0
2013-10-15,1186.0
2013-10-16,1199.0
2013-10-17,1206.0
2013-10-18,1213.0
2013-10-19,1217.0
2013-10-20,1217.0
2013-10-21,1221.0
2013-10-22,1228.0
2013-10-23,1243.0
2013-10-24,1252.0
2013-10-25,1258.0
2013-10-26,1259.0
2013-10-27,1259.0
2013-10-28,1260.0
2013-10-29,1266.0
2013-10-30,1268.0
2013-10-31,1269.0
2013-11-01,1273.0
2013-11-02,1276.5
2013-11-03,1276.5
2013-11-04,1280.0
2013-11-05,1285.0
2013-11-06,1291.0
2013-11-07,1305.0
2013-11-08,1315.0
2013-11-09,1317.5
2013-11-10,1317.5
2013-11-11,1320.0
2013-11-12,1321.0
2013-11-13,1325.0
2013-11-14,1339.0
2013-11-15,1354.0
2013-11-16,1357.0
2013-11-17,1357.0
2013-11-18,1360.0
2013-11-19,1363.0
2013-11-20,1371.0
2013-11-21,1378.0
2013-11-22,1393.0
2013-11-23,1398.5
2013-11-24,1398.5
2013-11-25,1404.0
2013-11-26,1418.0
2013-11-27,1441.0
2013-11-28,1458.0
2013-11-29,1475.0
2013-11-30,1481.5
2013-12-01,1481.5
2013-12-02,1488.0
2013-12-03,1507.0
2013-12-04,1522.0
2013-12-05,1531.0
2013-12-06,1552.0
2013-12-07,1554.5
2013-12-08,1554.5
2013-12-09,1557.0
2013-12-10,1554.0
2013-12-11,1560.0
2013-12-12,1562.0
2013-12-13,1553.0
2013-12-14,1549.5
2013-12-15,1549.5
2013-12-16,1546.0
2013-12-17,1541.0
2013-12-18,1517.0
2013-12-19,1499.0
2013-12-20,1482.0
2013-12-21,1475.0
2013-12-22,1475.0
2013-12-23,1468.0
2013-12-24,1453.0
2013-12-25,1391.5
2013-12-26,1391.5
2013-12-27,1391.5
2013-12-28,1391.5
2013-12-29,1391.5
2013-12-30,1391.5
2013-12-31,1391.5
2014-01-01,1391.5
2014-01-02,1330.0
2014-01-03,1276.0
2014-01-04,1257.5
2014-01-05,1257.5
2014-01-06,1239.0
2014-01-07,1204.0
2014-01-08,1191.0
2014-01-09,1188.0
2014-01-10,1190.0
2014-01-11,1190.5
2014-01-12,1190.5
2014-01-13,1191.0
2014-01-14,1189.0
2014-01-15,1182.0
2014-01-16,1175.0
2014-01-17,1165.0
2014-01-18,1159.5
2014-01-19,1159.5
2014-01-20,1154.0
2014-01-21,1141.0
2014-01-22,1130.0
2014-01-23,1121.0
2014-01-24,1112.0
2014-01-25,1105.0
2014-01-26,1105.0
2014-01-27,1098.0
2014-01-28,1079.0
2014-01-29,1056.0
2014-01-30,1018.0
2014-01-31,996.0
2014-02-01,985.5
2014-02-02,985.5
2014-02-03,975.0
2014-02-04,961.0
2014-02-05,948.0
2014-02-06,937.0
2014-02-07,929.0
2014-02-08,929.0
2014-02-09,929.0
2014-02-10,929.0
2014-02-11,928.0
2014-02-12,938.0
2014-02-13,965.0
2014-02-14,998.0
2014-02-15,1012.0
2014-02-16,1012.0
2014-02-17,1026.0
2014-02-18,1049.0
2014-02-19,1068.0
2014-02-20,1087.0
2014-02-21,1098.0
2014-02-22,1097.0
2014-02-23,1097.0
2014-02-24,1096.0
2014-02-25,1096.0
2014-02-26,1097.0
2014-02-27,1100.0
2014-02-28,1103.0
2014-03-01,1105.0
2014-03-02,1105.0
2014-03-03,1107.0
2014-03-04,1115.0
2014-03-05,1116.0
2014-03-06,1122.0
2014-03-07,1131.0
2014-03-08,1134.0
2014-03-09,1134.0
2014-03-10,1137.0
2014-03-11,1149.0
2014-03-12,1159.0
2014-03-13,1173.0
2014-03-14,1183.0
2014-03-15,1187.0
2014-03-16,1187.0
2014-03-17,1191.0
2014-03-18,1198.0
2014-03-19,1200.0
2014-03-20,1205.0
2014-03-21,1209.0
2014-03-22,1208.0
2014-03-23,1208.0
2014-03-24,1207.0
2014-03-25,1201.0
2014-03-26,1180.0
2014-03-27,1139.0
2014-03-28,1115.0
2014-03-29,1102.5
2014-03-30,1102.5
2014-03-31,1090.0
2014-04-01,1068.0
2014-04-02,1047.0
2014-04-03,1025.0
2014-04-04,1003.0
2014-04-05,992.5
2014-04-06,992.5
2014-04-07,982.0
2014-04-08,965.0
2014-04-09,949.0
2014-04-10,936.0
2014-04-11,927.0
2014-04-12,924.0
2014-04-13,924.0
2014-04-14,921.0
2014-04-15,916.0
2014-04-16,909.0
2014-04-17,908.0
2014-04-18,908.5
2014-04-19,908.5
2014-04-20,908.5
2014-04-21,908.5
2014-04-22,909.0
2014-04-23,911.0
2014-04-24,909.0
2014-04-25,912.0
2014-04-26,914.0
2014-04-27,914.0
2014-04-28,916.0
2014-04-29,922.0
2014-04-30,919.0
2014-05-01,915.0
2014-05-02,915.0
2014-05-03,916.0
2014-05-04,916.0
2014-05-05,916.0
2014-05-06,917.0
2014-05-07,920.0
2014-05-08,918.0
2014-05-09,909.0
2014-05-10,907.0
2014-05-11,907.0
2014-05-12,905.0
2014-05-13,904.0
2014-05-14,904.0
2014-05-15,901.0
2014-05-16,899.0
2014-05-17,897.5
2014-05-18,897.5
2014-05-19,896.0
2014-05-20,891.0
2014-05-21,884.0
2014-05-22,872.0
2014-05-23,866.0
2014-05-24,860.5
2014-05-25,860.5
2014-05-26,860.5
2014-05-27,855.0
2014-05-28,846.0
2014-05-29,839.0
2014-05-30,830.0
2014-05-31,829.5
2014-06-01,829.5
2014-06-02,829.0
2014-06-03,829.0
2014-06-04,821.0
2014-06-05,811.0
2014-06-06,802.0
2014-06-07,799.5
2014-06-08,799.5
2014-06-09,797.0
2014-06-10,787.0
2014-06-11,774.0
2014-06-12,760.0
2014-06-13,748.0
2014-06-14,744.0
2014-06-15,744.0
2014-06-16,740.0
2014-06-17,724.0
2014-06-18,715.0
2014-06-19,708.0
2014-06-20,704.0
2014-06-21,702.5
2014-06-22,702.5
2014-06-23,701.0
2014-06-24,694.0
2014-06-25,687.0
2014-06-26,679.0
2014-06-27,678.0
2014-06-28,676.5
2014-06-29,676.5
2014-06-30,675.0
2014-07-01,676.0
2014-07-02,677.0
2014-07-03,680.0
2014-07-04,682.0
2014-07-05,684.0
2014-07-06,684.0
2014-07-07,686.0
2014-07-08,687.0
2014-07-09,684.0
2014-07-10,681.0
2014-07-11,679.0
2014-07-12,677.0
2014-07-13,677.0
2014-07-14,675.0
2014-07-15,671.0
2014-07-16,666.0
2014-07-17,660.0
2014-07-18,659.0
2014-07-19,659.0
2014-07-20,659.0
2014-07-21,659.0
2014-07-22,661.0
2014-07-23,661.0
2014-07-24,666.0
2014-07-25,679.0
2014-07-26,681.5
2014-07-27,681.5
2014-07-28,684.0
2014-07-29,688.0
2014-07-30,704.0
2014-07-31,716.0
2014-08-01,728.0
2014-08-02,734.0
2014-08-03,734.0
2014-08-04,740.0
2014-08-05,753.0
2014-08-06,767.0
2014-08-07,785.0
2014-08-08,804.0
2014-08-09,811.5
2014-08-10,811.5
2014-08-11,819.0
2014-08-12,829.0
2014-08-13,845.0
2014-08-14,861.0
2014-08-15,877.0
2014-08-16,883.0
2014-08-17,883.0
2014-08-18,889.0
2014-08-19,902.0
2014-08-20,912.0
2014-08-21,925.0
2014-08-22,937.0
2014-08-23,940.5
2014-08-24,940.5
2014-08-25,940.5
2014-08-26,944.0
2014-08-27,952.0
2014-08-28,963.0
2014-08-29,970.0
2014-08-30,973.5
2014-08-31,973.5
2014-09-01,977.0
2014-09-02,983.0
2014-09-03,988.0
2014-09-04,993.0
2014-09-05,997.0
2014-09-06,996.0
2014-09-07,996.0
2014-09-08,995.0
2014-09-09,1001.0
2014-09-10,1003.0
2014-09-11,1000.0
2014-09-12,1006.0
2014-09-13,1011.0
2014-09-14,1011.0
2014-09-15,1016.0
2014-09-16,1028.0
2014-09-17,1031.0
2014-09-18,1030.0
2014-09-19,1029.0
2014-09-20,1030.5
2014-09-21,1030.5
2014-09-22,1032.0
2014-09-23,1041.0
2014-09-24,1045.0
2014-09-25,1046.0
2014-09-26,1053.0
2014-09-27,1053.5
2014-09-28,1053.5
2014-09-29,1054.0
2014-09-30,1051.0
2014-10-01,1045.0
2014-10-02,1033.0
2014-10-03,1028.0
2014-10-04,1022.5
2014-10-05,1022.5
2014-10-06,1017.0
2014-10-07,1007.0
2014-10-08,993.0
2014-10-09,980.0
2014-10-10,970.0
2014-10-11,964.5
2014-10-12,964.5
2014-10-13,959.0
2014-10-14,952.0
2014-10-15,944.0
2014-10-16,933.0
2014-10-17,923.0
2014-10-18,919.5
2014-10-19,919.5
2014-10-20,916.0
2014-10-21,911.0
2014-10-22,907.0
2014-10-23,906.0
2014-10-24,900.0
2014-10-25,899.5
2014-10-26,899.5
2014-10-27,899.0
2014-10-28,898.0
2014-10-29,896.0
2014-10-30,891.0
2014-10-31,892.0
2014-11-01,890.5
2014-11-02,890.5
2014-11-03,889.0
2014-11-04,888.0
2014-11-05,888.0
2014-11-06,886.0
2014-11-07,881.0
2014-11-08,880.0
2014-11-09,880.0
2014-11-10,879.0
2014-11-11,876.0
2014-11-12,873.0
2014-11-13,873.0
2014-11-14,875.0
2014-11-15,875.0
2014-11-16,875.0
2014-11-17,875.0
2014-11-18,881.0
2014-11-19,904.0
2014-11-20,926.0
2014-11-21,942.0
2014-11-22,949.0
2014-11-23,949.0
2014-11-24,956.0
2014-11-25,970.0
2014-11-26,980.0
2014-11-27,984.0
2014-11-28,986.0
2014-11-29,987.5
2014-11-30,987.5
2014-12-01,989.0
2014-12-02,987.0
2014-12-03,984.0
2014-12-04,980.0
2014-12-05,971.0
2014-12-06,970.0
2014-12-07,970.0
2014-12-08,969.0
2014-12-09,966.0
2014-12-10,960.0
2014-12-11,953.0
2014-12-12,950.0
2014-12-13,948.5
2014-12-14,948.5
2014-12-15,947.0
2014-12-16,942.0
2014-12-17,932.0
2014-12-18,925.0
2014-12-19,917.0
2014-12-20,911.5
2014-12-21,911.5
2014-12-22,906.0
2014-12-23,897.0
2014-12-24,887.0
2014-12-25,885.5
2014-12-26,885.5
2014-12-27,885.5
2014-12-28,885.5
2014-12-29,885.5
2014-12-30,885.5
2014-12-31,885.5
2015-01-01,885.5
2015-01-02,884.0
2015-01-03,878.5
2015-01-04,878.5
2015-01-05,873.0
2015-01-06,861.0
2015-01-07,843.0
2015-01-08,820.0
2015-01-09,800.0
2015-01-10,789.0
2015-01-11,789.0
2015-01-12,778.0
2015-01-13,763.0
2015-01-14,752.0
2015-01-15,735.0
2015-01-16,716.0
2015-01-17,707.5
2015-01-18,707.5
2015-01-19,699.0
2015-01-20,684.0
2015-01-21,673.0
2015-01-22,659.0
2015-01-23,650.0
2015-01-24,646.0
2015-01-25,646.0
2015-01-26,642.0
2015-01-27,632.0
2015-01-28,618.0
2015-01-29,599.0
2015-01-30,585.0
2015-01-31,576.0
2015-02-01,576.0
2015-02-02,567.0
2015-02-03,556.0
2015-02-04,545.0
2015-02-05,538.0
2015-02-06,530.0
2015-02-07,526.5
2015-02-08,526.5
2015-02-09,523.0
2015-02-10,516.0
2015-02-11,508.0
2015-02-12,496.0
2015-02-13,486.0
2015-02-14,483.0
2015-02-15,483.0
2015-02-16,480.0
2015-02-17,480.0
2015-02-18,478.0
2015-02-19,483.0
2015-02-20,490.0
2015-02-21,491.0
2015-02-22,491.0
2015-02-23,492.0
2015-02-24,490.0
2015-02-25,496.0
2015-02-26,506.0
2015-02-27,515.0
2015-02-28,521.5
2015-03-01,521.5
2015-03-02,528.0
2015-03-03,541.0
2015-03-04,550.0
2015-03-05,560.0
2015-03-06,566.0
2015-03-07,569.5
2015-03-08,569.5
2015-03-09,573.0
2015-03-10,580.0
2015-03-11,589.0
2015-03-12,596.0
2015-03-13,606.0
2015-03-14,608.5
2015-03-15,608.5
2015-03-16,611.0
2015-03-17,616.0
2015-03-18,623.0
2015-03-19,627.0
2015-03-20,635.0
2015-03-21,637.5
2015-03-22,637.5
2015-03-23,640.0
2015-03-24,645.0
2015-03-25,648.0
2015-03-26,648.0
2015-03-27,647.0
2015-03-28,648.0
2015-03-29,648.0
2015-03-30,649.0
2015-03-31,650.0
2015-04-01,646.0
2015-04-02,636.0
2015-04-03,633.5
2015-04-04,633.5
2015-04-05,633.5
2015-04-06,633.5
2015-04-07,631.0
2015-04-08,624.0
2015-04-09,617.0
2015-04-10,613.0
2015-04-11,611.0
2015-04-12,611.0
2015-04-13,609.0
2015-04-14,608.0
2015-04-15,608.0
2015-04-16,612.0
2015-04-17,619.0
2015-04-18,618.5
2015-04-19,618.5
2015-04-20,618.0
2015-04-21,619.0
2015-04-22,620.0
2015-04-23,621.0
2015-04-24,624.0
2015-04-25,625.0
2015-04-26,625.0
2015-04-27,626.0
2015-04-28,628.0
2015-04-29,627.0
2015-04-30,625.0
2015-05-01,621.0
2015-05-02,619.5
2015-05-03,619.5
2015-05-04,619.5
2015-05-05,618.0
2015-05-06,618.0
2015-05-07,618.0
2015-05-08,618.0
2015-05-09,617.5
2015-05-10,617.5
2015-05-11,617.0
2015-05-12,619.0
2015-05-13,624.0
2015-05-14,626.0
2015-05-15,628.0
2015-05-16,627.0
2015-05-17,627.0
2015-05-18,626.0
2015-05-19,625.0
2015-05-20,623.0
2015-05-21,624.0
2015-05-22,627.0
2015-05-23,629.0
2015-05-24,629.0
2015-05-25,629.0
2015-05-26,631.0
2015-05-27,635.0
2015-05-28,642.0
2015-05-29,647.0
2015-05-30,649.5
2015-05-31,649.5
2015-06-01,652.0
2015-06-02,653.0
2015-06-03,654.0
2015-06-04,654.0
2015-06-05,656.0
2015-06-06,655.5
2015-06-07,655.5
2015-06-08,655.0
2015-06-09,654.0
2015-06-10,661.0
2015-06-11,669.0
2015-06-12,678.0
2015-06-13,681.5
2015-06-14,681.5
2015-06-15,685.0
2015-06-16,695.0
2015-06-17,706.0
2015-06-18,715.0
2015-06-19,721.0
2015-06-20,721.5
2015-06-21,721.5
2015-06-22,722.0
2015-06-23,721.0
2015-06-24,723.0
2015-06-25,723.0
2015-06-26,723.0
2015-06-27,722.5
2015-06-28,722.5
2015-06-29,722.0
2015-06-30,715.0
2015-07-01,713.0
2015-07-02,712.0
2015-07-03,716.0
2015-07-04,719.5
2015-07-05,719.5
2015-07-06,723.0
2015-07-07,742.0
2015-07-08,750.0
2015-07-09,759.0
2015-07-10,767.0
2015-07-11,770.5
2015-07-12,770.5
2015-07-13,774.0
2015-07-14,784.0
2015-07-15,801.0
2015-07-16,823.0
2015-07-17,846.0
2015-07-18,854.0
2015-07-19,854.0
2015-07-20,862.0
2015-07-21,875.0
2015-07-22,889.0
2015-07-23,896.0
2015-07-24,899.0
2015-07-25,901.0
2015-07-26,901.0
2015-07-27,903.0
2015-07-28,903.0
2015-07-29,898.0
2015-07-30,892.0
2015-07-31,899.0
2015-08-01,899.5
2015-08-02,899.5
2015-08-03,900.0
2015-08-04,899.0
2015-08-05,901.0
2015-08-06,904.0
2015-08-07,904.0
2015-08-08,902.5
2015-08-09,902.5
2015-08-10,901.0
2015-08-11,900.0
2015-08-12,899.0
2015-08-13,901.0
2015-08-14,905.0
2015-08-15,906.5
2015-08-16,906.5
2015-08-17,908.0
2015-08-18,915.0
2015-08-19,920.0
2015-08-20,924.0
2015-08-21,930.0
2015-08-22,931.5
2015-08-23,931.5
2015-08-24,933.0
2015-08-25,934.0
2015-08-26,933.0
2015-08-27,931.0
2015-08-28,925.0
2015-08-29,918.5
2015-08-30,918.5
2015-08-31,918.5
2015-09-01,912.0
2015-09-02,896.0
2015-09-03,882.0
2015-09-04,870.0
2015-09-05,863.5
2015-09-06,863.5
2015-09-07,857.0
2015-09-08,848.0
2015-09-09,838.0
2015-09-10,824.0
2015-09-11,810.0
2015-09-12,804.5
2015-09-13,804.5
2015-09-14,799.0
2015-09-15,789.0
2015-09-16,783.0
2015-09-17,772.0
2015-09-18,762.0
2015-09-19,759.5
2015-09-20,759.5
2015-09-21,757.0
2015-09-22,749.0
2015-09-23,742.0
2015-09-24,738.0
2015-09-25,733.0
2015-09-26,728.5
2015-09-27,728.5
2015-09-28,724.0
2015-09-29,713.0
2015-09-30,703.0
2015-10-01,695.0
2015-10-02,691.0
2015-10-03,689.5
2015-10-04,689.5
2015-10-05,688.0
2015-10-06,681.0
2015-10-07,676.0
2015-10-08,672.0
2015-10-09,669.0
2015-10-10,667.5
2015-10-11,667.5
2015-10-12,666.0
2015-10-13,664.0
2015-10-14,662.0
2015-10-15,661.0
2015-10-16,658.0
2015-10-17,657.0
2015-10-18,657.0
2015-10-19,656.0
2015-10-20,654.0
2015-10-21,652.0
2015-10-22,649.0
2015-10-23,648.0
2015-10-24,647.0
2015-10-25,647.0
2015-10-26,646.0
2015-10-27,645.0
2015-10-28,643.0
2015-10-29,633.0
2015-10-30,629.0
2015-10-31,624.5
2015-11-01,624.5
2015-11-02,620.0
2015-11-03,609.0
2015-11-04,596.0
2015-11-05,584.0
2015-11-06,571.0
2015-11-07,566.5
2015-11-08,566.5
2015-11-09,562.0
2015-11-10,554.0
2015-11-11,543.0
2015-11-12,533.0
2015-11-13,523.0
2015-11-14,519.5
2015-11-15,519.5
2015-11-16,516.0
2015-11-17,504.0
2015-11-18,491.0
2015-11-19,479.0
2015-11-20,472.0
2015-11-21,470.5
2015-11-22,470.5
2015-11-23,469.0
2015-11-24,467.0
2015-11-25,467.0
2015-11-26,467.0
2015-11-27,467.0
2015-11-28,468.0
2015-11-29,468.0
2015-11-30,469.0
2015-12-01,471.0
2015-12-02,472.0
2015-12-03,470.0
2015-12-04,469.0
2015-12-05,467.0
2015-12-06,467.0
2015-12-07,465.0
2015-12-08,461.0
2015-12-09,460.0
2015-12-10,455.0
2015-12-11,451.0
2015-12-12,450.5
2015-12-13,450.5
2015-12-14,450.0
2015-12-15,449.0
2015-12-16,448.0
2015-12-17,448.0
2015-12-18,449.0
2015-12-19,449.0
2015-12-20,449.0
2015-12-21,449.0
2015-12-22,449.0
2015-12-23,450.0
2015-12-24,450.0
2015-12-25,449.5
2015-12-26,449.5
2015-12-27,449.5
2015-12-28,449.5
2015-12-29,449.5
2015-12-30,449.5
2015-12-31,449.5
2016-01-01,449.5
2016-01-02,449.5
2016-01-03,449.5
2016-01-04,449.0
2016-01-05,445.0
2016-01-06,442.0
2016-01-07,436.0
2016-01-08,430.0
2016-01-09,426.0
2016-01-10,426.0
2016-01-11,422.0
2016-01-12,416.0
2016-01-13,412.0
2016-01-14,402.0
2016-01-15,394.0
2016-01-16,391.0
2016-01-17,391.0
2016-01-18,388.0
2016-01-19,381.0
2016-01-20,372.0
2016-01-21,366.0
2016-01-22,358.0
2016-01-23,354.0
2016-01-24,354.0
2016-01-25,350.0
2016-01-26,338.0
2016-01-27,327.0
2016-01-28,316.0
2016-01-29,304.0
2016-01-30,301.5
2016-01-31,301.5
2016-02-01,299.0
2016-02-02,289.0
2016-02-03,280.0
2016-02-04,271.0
2016-02-05,262.0
2016-02-06,258.5
2016-02-07,258.5
2016-02-08,255.0
2016-02-09,250.0
2016-02-10,247.0
2016-02-11,244.0
2016-02-12,243.0
2016-02-13,245.0
2016-02-14,245.0
2016-02-15,247.0
2016-02-16,252.0
2016-02-17,259.0
2016-02-18,270.0
2016-02-19,286.0
2016-02-20,292.0
2016-02-21,292.0
2016-02-22,298.0
2016-02-23,310.0
2016-02-24,321.0
2016-02-25,328.0
2016-02-26,333.0
2016-02-27,336.0
2016-02-28,336.0
2016-02-29,339.0
2016-03-01,345.0
2016-03-02,350.0
2016-03-03,363.0
2016-03-04,371.0
2016-03-05,374.0
2016-03-06,374.0
2016-03-07,377.0
2016-03-08,386.0
2016-03-09,399.0
2016-03-10,412.0
2016-03-11,420.0
2016-03-12,423.5
2016-03-13,423.5
2016-03-14,427.0
2016-03-15,432.0
2016-03-16,439.0
2016-03-17,445.0
2016-03-18,449.0
2016-03-19,454.5
2016-03-20,454.5
2016-03-21,460.0
2016-03-22,464.0
2016-03-23,468.0
2016-03-24,473.0
2016-03-25,473.5
2016-03-26,473.5
2016-03-27,473.5
2016-03-28,473.5
2016-03-29,474.0
2016-03-30,475.0
2016-03-31,476.0
2016-04-01,476.0
2016-04-02,477.5
2016-04-03,477.5
2016-04-04,479.0
2016-04-05,479.0
2016-04-06,482.0
2016-04-07,485.0
2016-04-08,488.0
2016-04-09,490.0
2016-04-10,490.0
2016-04-11,492.0
2016-04-12,498.0
2016-04-13,506.0
2016-04-14,514.0
2016-04-15,525.0
2016-04-16,527.0
2016-04-17,527.0
2016-04-18,529.0
2016-04-19,534.0
2016-04-20,543.0
2016-04-21,551.0
2016-04-22,558.0
2016-04-23,560.0
2016-04-24,560.0
2016-04-25,562.0
2016-04-26,564.0
2016-04-27,573.0
2016-04-28,578.0
2016-04-29,582.0
2016-04-30,582.5
2016-05-01,582.5
2016-05-02,582.5
2016-05-03,583.0
2016-05-04,583.0
2016-05-05,582.0
2016-05-06,578.0
2016-05-07,576.5
2016-05-08,576.5
2016-05-09,575.0
2016-05-10,567.0
2016-05-11,560.0
2016-05-12,555.0
2016-05-13,553.0
2016-05-14,552.5
2016-05-15,552.5
2016-05-16,552.0
2016-05-17,552.0
2016-05-18,553.0
2016-05-19,558.0
2016-05-20,562.0
2016-05-21,563.5
2016-05-22,563.5
2016-05-23,565.0
2016-05-24,568.0
2016-05-25,571.0
2016-05-26,575.0
2016-05-27,579.0
2016-05-28,579.5
2016-05-29,579.5
2016-05-30,579.5
2016-05-31,580.0
2016-06-01,578.0
2016-06-02,575.0
2016-06-03,574.0
2016-06-04,572.0
2016-06-05,572.0
2016-06-06,570.0
2016-06-07,567.0
2016-06-08,564.0
2016-06-09,560.0
2016-06-10,557.0
2016-06-11,555.5
2016-06-12,555.5
2016-06-13,554.0
2016-06-14,552.0
2016-06-15,552.0
2016-06-16,554.0
2016-06-17,555.0
2016-06-18,557.0
2016-06-19,557.0
2016-06-20,559.0
2016-06-21,563.0
2016-06-22,570.0
2016-06-23,577.0
2016-06-24,583.0
2016-06-25,585.0
2016-06-26,585.0
2016-06-27,587.0
2016-06-28,593.0
2016-06-29,606.0
2016-06-30,619.0
2016-07-01,627.0
2016-07-02,630.0
2016-07-03,630.0
2016-07-04,633.0
2016-07-05,637.0
2016-07-06,639.0
2016-07-07,644.0
2016-07-08,647.0
2016-07-09,649.0
2016-07-10,649.0
2016-07-11,651.0
2016-07-12,666.0
2016-07-13,679.0
2016-07-14,686.0
2016-07-15,693.0
2016-07-16,695.0
2016-07-17,695.0
2016-07-18,697.0
2016-07-19,700.0
2016-07-20,702.0
2016-07-21,701.0
2016-07-22,698.0
2016-07-23,697.5
2016-07-24,697.5
2016-07-25,697.0
2016-07-26,690.0
2016-07-27,684.0
2016-07-28,676.0
2016-07-29,671.0
2016-07-30,669.0
2016-07-31,669.0
2016-08-01,667.0
2016-08-02,663.0
2016-08-03,660.0
2016-08-04,654.0
2016-08-05,647.0
2016-08-06,646.0
2016-08-07,646.0
2016-08-08,645.0
2016-08-09,642.0
2016-08-10,639.0
2016-08-11,640.0
2016-08-12,643.0
2016-08-13,644.5
2016-08-14,644.5
2016-08-15,646.0
2016-08-16,652.0
2016-08-17,666.0
2016-08-18,677.0
2016-08-19,686.0
2016-08-20,690.0
2016-08-21,690.0
2016-08-22,694.0
2016-08-23,702.0
2016-08-24,707.0
2016-08-25,712.0
2016-08-26,715.0
2016-08-27,717.0
2016-08-28,717.0
2016-08-29,717.0
2016-08-30,719.0
2016-08-31,721.0
2016-09-01,723.0
2016-09-02,721.0
2016-09-03,719.5
2016-09-04,719.5
2016-09-05,718.0
2016-09-06,714.0
2016-09-07,702.0
2016-09-08,694.0
2016-09-09,688.0
2016-09-10,684.5
2016-09-11,684.5
2016-09-12,681.0
2016-09-13,671.0
2016-09-14,665.0
2016-09-15,661.0
2016-09-16,660.0
2016-09-17,660.5
2016-09-18,660.5
2016-09-19,661.0
2016-09-20,660.0
2016-09-21,662.0
2016-09-22,688.0
2016-09-23,671.0
2016-09-24,672.0
2016-09-25,672.0
2016-09-26,673.0
2016-09-27,674.0
2016-09-28,676.0
2016-09-29,676.0
2016-09-30,679.0
2016-10-01,680.0
2016-10-02,680.0
2016-10-03,681.0
2016-10-04,681.0
2016-10-05,680.0
2016-10-06,678.0
2016-10-07,677.0
2016-10-08,677.0
2016-10-09,677.0
2016-10-10,677.0
2016-10-11,676.0
2016-10-12,674.0
2016-10-13,673.0
2016-10-14,674.0
2016-10-15,675.0
2016-10-16,675.0
2016-10-17,676.0
2016-10-18,678.0
2016-10-19,682.0
2016-10-20,691.0
2016-10-21,700.0
2016-10-22,702.5
2016-10-23,702.5
2016-10-24,705.0
2016-10-25,710.0
2016-10-26,714.0
2016-10-27,719.0
2016-10-28,722.0
2016-10-29,722.0
2016-10-30,722.0
2016-10-31,722.0
2016-11-01,721.0
2016-11-02,718.0
2016-11-03,718.0
2016-11-04,716.0
2016-11-05,714.0
2016-11-06,714.0
2016-11-07,712.0
2016-11-08,708.0
2016-11-09,703.0
2016-11-10,703.0
2016-11-11,705.0
2016-11-12,706.0
2016-11-13,706.0
2016-11-14,707.0
2016-11-15,713.0
2016-11-16,722.0
2016-11-17,748.0
2016-11-18,809.0
2016-11-19,822.0
2016-11-20,822.0
2016-11-21,835.0
2016-11-22,852.0
2016-11-23,874.0
2016-11-24,897.0
2016-11-25,908.0
2016-11-26,906.0
2016-11-27,906.0
2016-11-28,904.0
2016-11-29,908.0
2016-11-30,912.0
2016-12-01,917.0
2016-12-02,921.0
2016-12-03,925.0
2016-12-04,925.0
2016-12-05,929.0
2016-12-06,934.0
2016-12-07,941.0
2016-12-08,957.0
2016-12-09,966.0
2016-12-10,967.0
2016-12-11,967.0
2016-12-12,968.0
2016-12-13,972.0
2016-12-14,975.0
2016-12-15,968.0
2016-12-16,960.0
2016-12-17,956.5
2016-12-18,956.5
2016-12-19,953.0
2016-12-20,941.0
2016-12-21,926.0
2016-12-22,914.0
2016-12-23,903.0
2016-12-24,873.0
2016-12-25,873.0
2016-12-26,873.0
2016-12-27,873.0
2016-12-28,873.0
2016-12-29,873.0
2016-12-30,873.0
2016-12-31,873.0
2017-01-01,873.0
2017-01-02,873.0
2017-01-03,843.0
2017-01-04,820.0
2017-01-05,795.0
2017-01-06,783.0
2017-01-07,777.5
2017-01-08,777.5
2017-01-09,772.0
2017-01-10,766.0
2017-01-11,758.0
2017-01-12,748.0
2017-01-13,739.0
2017-01-14,736.0
2017-01-15,736.0
2017-01-16,733.0
2017-01-17,730.0
2017-01-18,725.0
2017-01-19,722.0
2017-01-20,718.0
2017-01-21,716.0
2017-01-22,716.0
2017-01-23,714.0
2017-01-24,708.0
2017-01-25,702.0
2017-01-26,696.0
2017-01-27,692.0
2017-01-28,690.0
2017-01-29,690.0
2017-01-30,688.0
2017-01-31,679.0
2017-02-01,674.0
2017-02-02,670.0
2017-02-03,667.0
2017-02-04,666.0
2017-02-05,666.0
2017-02-06,665.0
2017-02-07,663.0
2017-02-08,665.0
2017-02-09,668.0
2017-02-10,672.0
2017-02-11,674.0
2017-02-12,674.0
2017-02-13,676.0
2017-02-14,681.0
2017-02-15,689.0
2017-02-16,707.0
2017-02-17,729.0
2017-02-18,738.0
2017-02-19,738.0
2017-02-20,747.0
2017-02-21,764.0
2017-02-22,783.0
2017-02-23,797.0
2017-02-24,809.0
2017-02-25,813.0
2017-02-26,813.0
2017-02-27,817.0
2017-02-28,825.0
2017-03-01,833.0
2017-03-02,840.0
2017-03-03,846.0
2017-03-04,849.0
2017-03-05,849.0
2017-03-06,852.0
2017-03-07,861.0
2017-03-08,868.0
2017-03-09,872.0
2017-03-10,874.0
2017-03-11,874.5
2017-03-12,874.5
2017-03-13,875.0
2017-03-14,877.0
2017-03-15,877.0
2017-03-16,877.0
2017-03-17,879.0
2017-03-18,881.5
2017-03-19,881.5
2017-03-20,884.0
2017-03-21,886.0
2017-03-22,888.0
2017-03-23,892.0
2017-03-24,896.0
2017-03-25,895.5
2017-03-26,895.5
2017-03-27,895.0
2017-03-28,893.0
2017-03-29,885.0
2017-03-30,882.0
2017-03-31,881.0
2017-04-01,881.5
2017-04-02,881.5
2017-04-03,882.0
2017-04-04,881.0
2017-04-05,880.0
2017-04-06,882.0
2017-04-07,886.0
2017-04-08,887.0
2017-04-09,887.0
2017-04-10,888.0
2017-04-11,891.0
2017-04-12,893.0
2017-04-13,899.0
2017-04-14,898.5
2017-04-15,898.5
2017-04-16,898.5
2017-04-17,898.5
2017-04-18,898.0
2017-04-19,900.0
2017-04-20,899.0
2017-04-21,895.0
2017-04-22,893.5
2017-04-23,893.5
2017-04-24,892.0
2017-04-25,887.0
2017-04-26,881.0
2017-04-27,870.0
2017-04-28,861.0
2017-04-29,855.0
2017-04-30,855.0
2017-05-01,855.0
2017-05-02,849.0
2017-05-03,835.0
2017-05-04,822.0
2017-05-05,811.0
2017-05-06,805.0
2017-05-07,805.0
2017-05-08,799.0
2017-05-09,794.0
2017-05-10,790.0
2017-05-11,787.0
2017-05-12,784.0
2017-05-13,783.0
2017-05-14,783.0
2017-05-15,782.0
2017-05-16,778.0
2017-05-17,771.0
2017-05-18,764.0
2017-05-19,759.0
2017-05-20,756.0
2017-05-21,756.0
2017-05-22,753.0
2017-05-23,746.0
2017-05-24,737.0
2017-05-25,728.0
2017-05-26,721.0
2017-05-27,716.5
2017-05-28,716.5
2017-05-29,716.5
2017-05-30,712.0
2017-05-31,698.0
2017-06-01,685.0
2017-06-02,674.0
2017-06-03,670.0
2017-06-04,670.0
2017-06-05,666.0
2017-06-06,658.0
2017-06-07,652.0
2017-06-08,649.0
2017-06-09,654.0
2017-06-10,656.0
2017-06-11,656.0
2017-06-12,658.0
2017-06-13,665.0
2017-06-14,679.0
2017-06-15,690.0
2017-06-16,701.0
2017-06-17,704.5
2017-06-18,704.5
2017-06-19,708.0
2017-06-20,717.0
2017-06-21,724.0
2017-06-22,734.0
2017-06-23,744.0
2017-06-24,747.0
2017-06-25,747.0
2017-06-26,750.0
2017-06-27,757.0
2017-06-28,761.0
2017-06-29,758.0
2017-06-30,754.0
2017-07-01,752.5
2017-07-02,752.5
2017-07-03,751.0
2017-07-04,747.0
2017-07-05,742.0
2017-07-06,735.0
2017-07-07,732.0
2017-07-08,730.5
2017-07-09,730.5
2017-07-10,729.0
2017-07-11,733.0
2017-07-12,744.0
2017-07-13,758.0
2017-07-14,769.0
2017-07-15,772.5
2017-07-16,772.5
2017-07-17,776.0
2017-07-18,786.0
2017-07-19,798.0
2017-07-20,807.0
2017-07-21,812.0
2017-07-22,813.0
2017-07-23,813.0
2017-07-24,814.0
2017-07-25,813.0
2017-07-26,807.0
2017-07-27,798.0
2017-07-28,789.0
2017-07-29,786.0
2017-07-30,786.0
2017-07-31,783.0
2017-08-01,779.0
2017-08-02,772.0
2017-08-03,767.0
2017-08-04,764.0
2017-08-05,763.0
2017-08-06,763.0
2017-08-07,762.0
2017-08-08,759.0
2017-08-09,756.0
2017-08-10,756.0
2017-08-11,759.0
2017-08-12,759.5
2017-08-13,759.5
2017-08-14,760.0
2017-08-15,765.0
2017-08-16,776.0
2017-08-17,791.0
2017-08-18,806.0
2017-08-19,811.5
2017-08-20,811.5
2017-08-21,817.0
2017-08-22,824.0
2017-08-23,833.0
2017-08-24,840.0
2017-08-25,845.0
2017-08-26,846.5
2017-08-27,846.5
2017-08-28,846.5
2017-08-29,848.0
2017-08-30,851.0
2017-08-31,853.0
2017-09-01,856.0
2017-09-02,858.0
2017-09-03,858.0
2017-09-04,860.0
2017-09-05,863.0
2017-09-06,868.0
2017-09-07,875.0
2017-09-08,888.0
2017-09-09,893.0
2017-09-10,893.0
2017-09-11,898.0
2017-09-12,908.0
2017-09-13,923.0
2017-09-14,950.0
2017-09-15,977.0
2017-09-16,987.0
2017-09-17,987.0
2017-09-18,997.0
2017-09-19,1017.0
2017-09-20,1033.0
2017-09-21,1050.0
2017-09-22,1061.0
2017-09-23,1064.5
2017-09-24,1064.5
2017-09-25,1068.0
2017-09-26,1065.0
2017-09-27,1054.0
2017-09-28,1041.0
2017-09-29,1021.0
2017-09-30,1013.5
2017-10-01,1013.5
2017-10-02,1006.0
2017-10-03,984.0
2017-10-04,968.0
2017-10-05,965.0
2017-10-06,971.0
2017-10-07,974.5
2017-10-08,974.5
2017-10-09,978.0
2017-10-10,996.0
2017-10-11,1020.0
2017-10-12,1050.0
2017-10-13,1069.0
2017-10-14,1075.5
2017-10-15,1075.5
2017-10-16,1082.0
2017-10-17,1094.0
2017-10-18,1105.0
2017-10-19,1116.0
2017-10-20,1126.0
2017-10-21,1127.0
2017-10-22,1127.0
2017-10-23,1128.0
2017-10-24,1130.0
2017-10-25,1129.0
2017-10-26,1117.0
2017-10-27,1100.0
2017-10-28,1090.5
2017-10-29,1090.5
2017-10-30,1081.0
2017-10-31,1060.0
2017-11-01,1043.0
2017-11-02,1027.0
2017-11-03,1014.0
2017-11-04,1007.5
2017-11-05,1007.5
2017-11-06,1001.0
2017-11-07,988.0
2017-11-08,961.0
2017-11-09,936.0
2017-11-10,912.0
2017-11-11,900.0
2017-11-12,900.0
2017-11-13,888.0
2017-11-14,872.0
2017-11-15,858.0
2017-11-16,849.0
2017-11-17,845.0
2017-11-18,847.5
2017-11-19,847.5
2017-11-20,850.0
2017-11-21,856.0
2017-11-22,875.0
2017-11-23,899.0
2017-11-24,914.0
2017-11-25,918.5
2017-11-26,918.5
2017-11-27,923.0
2017-11-28,929.0
2017-11-29,936.0
2017-11-30,941.0
2017-12-01,944.0
2017-12-02,944.0
2017-12-03,944.0
2017-12-04,944.0
2017-12-05,944.0
2017-12-06,945.0
2017-12-07,944.0
2017-12-08,943.0
2017-12-09,941.0
2017-12-10,941.0
2017-12-11,939.0
2017-12-12,942.0
2017-12-13,943.0
2017-12-14,944.0
2017-12-15,942.0
2017-12-16,942.5
2017-12-17,942.5
2017-12-18,943.0
2017-12-19,938.0
2017-12-20,933.0
2017-12-21,925.0
2017-12-22,914.0
2017-12-23,907.5
2017-12-24,907.5
2017-12-25,907.5
2017-12-26,907.5
2017-12-27,907.5
2017-12-28,907.5
2017-12-29,907.5
2017-12-30,907.5
2017-12-31,907.5
2018-01-01,907.5
2018-01-02,901.0
2018-01-03,894.0
2018-01-04,884.0
2018-01-05,884.0
2018-01-06,885.0
2018-01-07,885.0
2018-01-08,886.0
2018-01-09,889.0
2018-01-10,898.0
2018-01-11,902.0
2018-01-12,907.0
2018-01-13,907.5
2018-01-14,907.5
2018-01-15,908.0
2018-01-16,910.0
2018-01-17,910.0
2018-01-18,910.0
2018-01-19,911.0
2018-01-20,912.0
2018-01-21,912.0
2018-01-22,913.0
2018-01-23,911.0
2018-01-24,908.0
2018-01-25,904.0
2018-01-26,900.0
2018-01-27,897.5
2018-01-28,897.5
2018-01-29,895.0
2018-01-30,889.0
2018-01-31,884.0
2018-02-01,877.0
2018-02-02,872.0
2018-02-03,868.5
2018-02-04,868.5
2018-02-05,865.0
2018-02-06,857.0
2018-02-07,844.0
2018-02-08,833.0
2018-02-09,825.0
2018-02-10,822.0
2018-02-11,822.0
2018-02-12,819.0
2018-02-13,817.0
2018-02-14,823.0
2018-02-15,832.0
2018-02-16,837.0
2018-02-17,838.5
2018-02-18,838.5
2018-02-19,840.0
2018-02-20,847.0
2018-02-21,856.0
2018-02-22,871.0
2018-02-23,892.0
2018-02-24,905.5
2018-02-25,905.5
2018-02-26,919.0
2018-02-27,948.0
2018-02-28,973.0
2018-03-01,992.0
2018-03-02,1004.0
2018-03-03,1005.0
2018-03-04,1005.0
2018-03-05,1006.0
2018-03-06,1013.0
2018-03-07,1020.0
2018-03-08,1026.0
2018-03-09,1032.0
2018-03-10,1036.0
2018-03-11,1036.0
2018-03-12,1040.0
2018-03-13,1049.0
2018-03-14,1061.0
2018-03-15,1077.0
2018-03-16,1091.0
2018-03-17,1095.0
2018-03-18,1095.0
2018-03-19,1099.0
2018-03-20,1109.0
2018-03-21,1117.0
2018-03-22,1122.0
2018-03-23,1121.0
2018-03-24,1118.5
2018-03-25,1118.5
2018-03-26,1116.0
2018-03-27,1106.0
2018-03-28,1093.0
2018-03-29,1080.0
2018-03-30,1073.5
2018-03-31,1073.5
2018-04-01,1073.5
2018-04-02,1073.5
2018-04-03,1067.0
2018-04-04,1056.0
2018-04-05,1042.0
2018-04-06,1032.0
2018-04-07,1028.0
2018-04-08,1028.0
2018-04-09,1024.0
2018-04-10,1016.0
2018-04-11,1014.0
2018-04-12,1014.0
2018-04-13,1013.0
2018-04-14,1014.5
2018-04-15,1014.5
2018-04-16,1016.0
2018-04-17,1018.0
2018-04-18,1022.0
2018-04-19,1022.0
2018-04-20,1025.0
2018-04-21,1026.0
2018-04-22,1026.0
2018-04-23,1027.0
2018-04-24,1030.0
2018-04-25,1037.0
2018-04-26,1040.0
2018-04-27,1042.0
2018-04-28,1043.5
2018-04-29,1043.5
2018-04-30,1045.0
2018-05-01,1043.0
2018-05-02,1043.0
2018-05-03,1047.0
2018-05-04,1050.0
2018-05-05,1050.5
2018-05-06,1050.5
2018-05-07,1050.5
2018-05-08,1051.0
2018-05-09,1048.0
2018-05-10,1052.0
2018-05-11,1053.0
2018-05-12,1054.0
2018-05-13,1054.0
2018-05-14,1055.0
2018-05-15,1053.0
2018-05-16,1056.0
2018-05-17,1064.0
2018-05-18,1069.0
2018-05-19,1070.0
2018-05-20,1070.0
2018-05-21,1071.0
2018-05-22,1074.0
2018-05-23,1074.0
2018-05-24,1074.0
2018-05-25,1071.0
2018-05-26,1069.5
2018-05-27,1069.5
2018-05-28,1069.5
2018-05-29,1068.0
2018-05-30,1064.0
2018-05-31,1063.0
2018-06-01,1061.0
2018-06-02,1061.0
2018-06-03,1061.0
2018-06-04,1061.0
2018-06-05,1065.0
2018-06-06,1065.0
2018-06-07,1072.0
2018-06-08,1075.0
2018-06-09,1076.5
2018-06-10,1076.5
2018-06-11,1078.0
2018-06-12,1084.0
2018-06-13,1088.0
2018-06-14,1089.0
2018-06-15,1091.0
2018-06-16,1091.5
2018-06-17,1091.5
2018-06-18,1092.0
2018-06-19,1093.0
2018-06-20,1094.0
2018-06-21,1094.0
2018-06-22,1092.0
2018-06-23,1088.5
2018-06-24,1088.5
2018-06-25,1085.0
2018-06-26,1078.0
2018-06-27,1067.0
2018-06-28,1055.0
2018-06-29,1042.0
2018-06-30,1038.0
2018-07-01,1038.0
2018-07-02,1034.0
2018-07-03,1025.0
2018-07-04,1017.0
2018-07-05,1005.0
2018-07-06,999.0
2018-07-07,998.0
2018-07-08,998.0
2018-07-09,997.0
2018-07-10,994.0
2018-07-11,992.0
2018-07-12,994.0
2018-07-13,995.0
2018-07-14,996.5
2018-07-15,996.5
2018-07-16,998.0
2018-07-17,1003.0
2018-07-18,1008.0
2018-07-19,1016.0
2018-07-20,1023.0
2018-07-21,1025.5
2018-07-22,1025.5
2018-07-23,1028.0
2018-07-24,1030.0
2018-07-25,1033.0
2018-07-26,1034.0
2018-07-27,1035.0
2018-07-28,1035.0
2018-07-29,1035.0
2018-07-30,1035.0
2018-07-31,1035.0
2018-08-01,1036.0
2018-08-02,1032.0
2018-08-03,1030.0
2018-08-04,1030.0
2018-08-05,1030.0
2018-08-06,1030.0
2018-08-07,1032.0
2018-08-08,1035.0
2018-08-09,1036.0
2018-08-10,1039.0
2018-08-11,1039.5
2018-08-12,1039.5
2018-08-13,1040.0
2018-08-14,1042.0
2018-08-15,1045.0
2018-08-16,1050.0
2018-08-17,1056.0
2018-08-18,1059.0
2018-08-19,1059.0
2018-08-20,1062.0
2018-08-21,1069.0
2018-08-22,1078.0
2018-08-23,1087.0
2018-08-24,1095.0
2018-08-25,1102.5
2018-08-26,1102.5
2018-08-27,1102.5
2018-08-28,1110.0
2018-08-29,1121.0
2018-08-30,1128.0
2018-08-31,1132.0
2018-09-01,1132.5
2018-09-02,1132.5
2018-09-03,1133.0
2018-09-04,1135.0
2018-09-05,1135.0
2018-09-06,1135.0
2018-09-07,1134.0
2018-09-08,1135.0
2018-09-09,1135.0
2018-09-10,1136.0
2018-09-11,1135.0
2018-09-12,1134.0
2018-09-13,1132.0
2018-09-14,1134.0
2018-09-15,1136.0
2018-09-16,1136.0
2018-09-17,1138.0
2018-09-18,1151.0
2018-09-19,1159.0
2018-09-20,1169.0
2018-09-21,1175.0
2018-09-22,1180.0
2018-09-23,1180.0
2018-09-24,1185.0
2018-09-25,1190.0
2018-09-26,1194.0
2018-09-27,1195.0
2018-09-28,1194.0
2018-09-29,1193.5
2018-09-30,1193.5
2018-10-01,1193.0
2018-10-02,1189.0
2018-10-03,1190.0
2018-10-04,1192.0
2018-10-05,1197.0
2018-10-06,1199.0
2018-10-07,1199.0
2018-10-08,1201.0
2018-10-09,1203.0
2018-10-10,1205.0
2018-10-11,1207.0
2018-10-12,1204.0
2018-10-13,1202.0
2018-10-14,1202.0
2018-10-15,1200.0
2018-10-16,1196.0
2018-10-17,1192.0
2018-10-18,1181.0
2018-10-19,1170.0
2018-10-20,1166.5
2018-10-21,1166.5
2018-10-22,1163.0
2018-10-23,1156.0
2018-10-24,1144.0
2018-10-25,1132.0
2018-10-26,1117.0
2018-10-27,1111.5
2018-10-28,1111.5
2018-10-29,1106.0
2018-10-30,1087.0
2018-10-31,1073.0
2018-11-01,1061.0
2018-11-02,1051.0
2018-11-03,1046.0
2018-11-04,1046.0
2018-11-05,1041.0
2018-11-06,1033.0
2018-11-07,1021.0
2018-11-08,1013.0
2018-11-09,1003.0
2018-11-10,998.5
2018-11-11,998.5
2018-11-12,994.0
2018-11-13,986.0
2018-11-14,982.0
2018-11-15,970.0
2018-11-16,969.0
2018-11-17,966.5
2018-11-18,966.5
2018-11-19,964.0
2018-11-20,963.0
2018-11-21,959.0
2018-11-22,956.0
2018-11-23,952.0
2018-11-24,949.5
2018-11-25,949.5
2018-11-26,947.0
2018-11-27,943.0
2018-11-28,942.0
2018-11-29,945.0
2018-11-30,944.0
2018-12-01,944.5
2018-12-02,944.5
2018-12-03,945.0
2018-12-04,949.0
2018-12-05,950.0
2018-12-06,951.0
2018-12-07,953.0
2018-12-08,954.0
2018-12-09,954.0
2018-12-10,955.0
2018-12-11,958.0
2018-12-12,963.0
2018-12-13,968.0
2018-12-14,974.0
2018-12-15,976.0
2018-12-16,976.0
2018-12-17,978.0
2018-12-18,977.0
2018-12-19,979.0
2018-12-20,979.0
2018-12-21,977.0
2018-12-22,976.0
2018-12-23,976.0
2018-12-24,975.0
2018-12-25,971.0
2018-12-26,971.0
2018-12-27,971.0
2018-12-28,971.0
2018-12-29,971.0
2018-12-30,971.0
2018-12-31,971.0
2019-01-01,971.0
2019-01-02,967.0
2019-01-03,958.0
2019-01-04,946.0
2019-01-05,939.5
2019-01-06,939.5
2019-01-07,933.0
2019-01-08,918.0
2019-01-09,893.0
2019-01-10,870.0
2019-01-11,842.0
2019-01-12,828.0
2019-01-13,828.0
2019-01-14,814.0
2019-01-15,785.0
2019-01-16,755.0
2019-01-17,729.0
2019-01-18,701.0
2019-01-19,690.5
2019-01-20,690.5
2019-01-21,680.0
2019-01-22,660.0
2019-01-23,638.0
2019-01-24,607.0
2019-01-25,576.0
2019-01-26,564.0
2019-01-27,564.0
2019-01-28,552.0
2019-01-29,526.0
2019-01-30,498.0
2019-01-31,472.0
2019-02-01,450.0
2019-02-02,444.0
2019-02-03,444.0
2019-02-04,438.0
2019-02-05,423.0
2019-02-06,415.0
2019-02-07,414.0
2019-02-08,415.0
2019-02-09,422.0
2019-02-10,422.0
2019-02-11,429.0
2019-02-12,454.0
2019-02-13,478.0
2019-02-14,526.0
2019-02-15,560.0
2019-02-16,577.0
2019-02-17,577.0
2019-02-18,594.0
2019-02-19,625.0
2019-02-20,649.0
2019-02-21,686.0
2019-02-22,707.0
2019-02-23,714.0
2019-02-24,714.0
2019-02-25,721.0
2019-02-26,729.0
2019-02-27,738.0
2019-02-28,749.0
2019-03-01,759.0
2019-03-02,763.0
2019-03-03,763.0
2019-03-04,767.0
2019-03-05,776.0
2019-03-06,783.0
2019-03-07,790.0
2019-03-08,790.0
2019-03-09,790.0
2019-03-10,790.0
2019-03-11,790.0
2019-03-12,789.0
2019-03-13,789.0
2019-03-14,786.0
2019-03-15,786.0
2019-03-16,786.5
2019-03-17,786.5
2019-03-18,787.0
2019-03-19,789.0
2019-03-20,796.0
2019-03-21,813.0
2019-03-22,826.0
2019-03-23,828.0
2019-03-24,828.0
2019-03-25,830.0
2019-03-26,833.0
2019-03-27,831.0
2019-03-28,823.0
2019-03-29,813.0
2019-03-30,810.0
2019-03-31,810.0
2019-04-01,807.0
2019-04-02,795.0
2019-04-03,775.0
2019-04-04,757.0
2019-04-05,742.0
2019-04-06,737.5
2019-04-07,737.5
2019-04-08,733.0
2019-04-09,726.0
2019-04-10,718.0
2019-04-11,715.0
2019-04-12,711.0
2019-04-13,712.5
2019-04-14,712.5
2019-04-15,714.0
2019-04-16,718.0
2019-04-17,726.0
2019-04-18,732.0
2019-04-19,741.5
2019-04-20,741.5
2019-04-21,741.5
2019-04-22,741.5
2019-04-23,751.0
2019-04-24,773.0
2019-04-25,781.0
2019-04-26,780.0
2019-04-27,778.5
2019-04-28,778.5
2019-04-29,777.0
2019-04-30,768.0
2019-05-01,763.0
2019-05-02,755.0
2019-05-03,752.0
2019-05-04,756.5
2019-05-05,756.5
2019-05-06,756.5
2019-05-07,761.0
2019-05-08,770.0
2019-05-09,776.0
2019-05-10,779.0
2019-05-11,780.5
2019-05-12,780.5
2019-05-13,782.0
2019-05-14,783.0
2019-05-15,784.0
2019-05-16,783.0
2019-05-17,780.0
2019-05-18,779.0
2019-05-19,779.0
2019-05-20,778.0
2019-05-21,777.0
2019-05-22,778.0
2019-05-23,779.0
2019-05-24,778.0
2019-05-25,774.5
2019-05-26,774.5
2019-05-27,774.5
2019-05-28,771.0
2019-05-29,763.0
2019-05-30,756.0
2019-05-31,752.0
2019-06-01,750.0
2019-06-02,750.0
2019-06-03,748.0
2019-06-04,739.0
2019-06-05,731.0
2019-06-06,726.0
2019-06-07,719.0
2019-06-08,718.0
2019-06-09,718.0
2019-06-10,717.0
2019-06-11,714.0
2019-06-12,712.0
2019-06-13,710.0
2019-06-14,716.0
2019-06-15,718.0
2019-06-16,718.0
2019-06-17,720.0
2019-06-18,728.0
2019-06-19,736.0
2019-06-20,743.0
2019-06-21,751.0
2019-06-22,753.5
2019-06-23,753.5
2019-06-24,756.0
2019-06-25,765.0
2019-06-26,774.0
2019-06-27,783.0
2019-06-28,787.0
2019-06-29,789.5
2019-06-30,789.5
2019-07-01,792.0
2019-07-02,796.0
2019-07-03,803.0
2019-07-04,814.0
2019-07-05,820.0
2019-07-06,824.5
2019-07-07,824.5
2019-07-08,829.0
2019-07-09,835.0
2019-07-10,845.0
2019-07-11,860.0
2019-07-12,879.0
2019-07-13,883.5
2019-07-14,883.5
2019-07-15,888.0
2019-07-16,905.0
2019-07-17,928.0
2019-07-18,953.0
2019-07-19,982.0
2019-07-20,992.0
2019-07-21,992.0
2019-07-22,1002.0
2019-07-23,1017.0
2019-07-24,1019.0
2019-07-25,1012.0
2019-07-26,1005.0
2019-07-27,1000.5
2019-07-28,1000.5
2019-07-29,996.0
2019-07-30,988.0
2019-07-31,982.0
2019-08-01,974.0
2019-08-02,968.0
2019-08-03,963.5
2019-08-04,963.5
2019-08-05,959.0
2019-08-06,956.0
2019-08-07,955.0
2019-08-08,959.0
2019-08-09,970.0
2019-08-10,972.5
2019-08-11,972.5
2019-08-12,975.0
2019-08-13,992.0
2019-08-14,1022.0
2019-08-15,1070.0
2019-08-16,1118.0
2019-08-17,1129.5
2019-08-18,1129.5
2019-08-19,1141.0
2019-08-20,1161.0
2019-08-21,1188.0
2019-08-22,1220.0
2019-08-23,1249.0
2019-08-24,1267.5
2019-08-25,1267.5
2019-08-26,1267.5
2019-08-27,1286.0
2019-08-28,1310.0
2019-08-29,1328.0
2019-08-30,1336.0
2019-08-31,1341.0
2019-09-01,1341.0
2019-09-02,1346.0
2019-09-03,1350.0
2019-09-04,1351.0
2019-09-05,1348.0
2019-09-06,1338.0
2019-09-07,1334.0
2019-09-08,1334.0
2019-09-09,1330.0
2019-09-10,1319.0
2019-09-11,1311.0
2019-09-12,1305.0
2019-09-13,1299.0
2019-09-14,1296.5
2019-09-15,1296.5
2019-09-16,1294.0
2019-09-17,1292.0
2019-09-18,1292.0
2019-09-19,1296.0
2019-09-20,1300.0
2019-09-21,1299.0
2019-09-22,1299.0
2019-09-23,1298.0
2019-09-24,1294.0
2019-09-25,1282.0
2019-09-26,1272.0
2019-09-27,1260.0
2019-09-28,1254.0
2019-09-29,1254.0
2019-09-30,1248.0
2019-10-01,1231.0
2019-10-02,1217.0
2019-10-03,1204.0
2019-10-04,1199.0
2019-10-05,1197.5
2019-10-06,1197.5
2019-10-07,1196.0
2019-10-08,1199.0
2019-10-09,1204.0
2019-10-10,1211.0
2019-10-11,1218.0
2019-10-12,1220.5
2019-10-13,1220.5
2019-10-14,1223.0
2019-10-15,1227.0
2019-10-16,1226.0
2019-10-17,1224.0
2019-10-18,1222.0
2019-10-19,1221.5
2019-10-20,1221.5
2019-10-21,1221.0
2019-10-22,1217.0
2019-10-23,1210.0
2019-10-24,1200.0
2019-10-25,1187.0
2019-10-26,1183.0
2019-10-27,1183.0
2019-10-28,1179.0
2019-10-29,1159.0
2019-10-30,1127.0
2019-10-31,1091.0
2019-11-01,1045.0
2019-11-02,1025.0
2019-11-03,1025.0
2019-11-04,1005.0
2019-11-05,974.0
2019-11-06,926.0
2019-11-07,865.0
2019-11-08,824.0
2019-11-09,810.0
2019-11-10,810.0
2019-11-11,796.0
2019-11-12,774.0
2019-11-13,758.0
2019-11-14,745.0
2019-11-15,735.0
2019-11-16,729.0
2019-11-17,729.0
2019-11-18,723.0
2019-11-19,716.0
2019-11-20,718.0
2019-11-21,731.0
2019-11-22,747.0
2019-11-23,757.0
2019-11-24,757.0
2019-11-25,767.0
2019-11-26,783.0
2019-11-27,796.0
2019-11-28,807.0
2019-11-29,816.0
2019-11-30,817.5
2019-12-01,817.5
2019-12-02,819.0
2019-12-03,825.0
2019-12-04,828.0
2019-12-05,831.0
2019-12-06,835.0
2019-12-07,836.0
2019-12-08,836.0
2019-12-09,837.0
2019-12-10,838.0
2019-12-11,838.0
2019-12-12,835.0
2019-12-13,823.0
2019-12-14,819.0
2019-12-15,819.0
2019-12-16,815.0
2019-12-17,802.0
2019-12-18,785.0
2019-12-19,764.0
2019-12-20,743.0
2019-12-21,735.5
2019-12-22,735.5
2019-12-23,728.0
2019-12-24,718.0
2019-12-25,701.5
2019-12-26,701.5
2019-12-27,701.5
2019-12-28,701.5
2019-12-29,701.5
2019-12-30,701.5
2019-12-31,701.5
2020-01-01,701.5
2020-01-02,685.0
2020-01-03,662.0
2020-01-04,652.0
2020-01-05,652.0
2020-01-06,642.0
2020-01-07,611.0
2020-01-08,593.0
2020-01-09,581.0
2020-01-10,570.0
2020-01-11,568.0
2020-01-12,568.0
2020-01-13,566.0
2020-01-14,563.0
2020-01-15,559.0
2020-01-16,559.0
2020-01-17,560.0
2020-01-18,560.0
2020-01-19,560.0
2020-01-20,560.0
2020-01-21,556.0
2020-01-22,550.0
2020-01-23,546.0
2020-01-24,543.0
2020-01-25,542.5
2020-01-26,542.5
2020-01-27,542.0
2020-01-28,538.0
2020-01-29,533.0
2020-01-30,528.0
2020-01-31,524.0
2020-02-01,522.5
2020-02-02,522.5
2020-02-03,521.0
2020-02-04,518.0
2020-02-05,512.0
2020-02-06,506.0
2020-02-07,491.0
2020-02-08,487.5
2020-02-09,487.5
2020-02-10,484.0
2020-02-11,477.0
2020-02-12,472.0
2020-02-13,468.0
2020-02-14,470.0
2020-02-15,472.0
2020-02-16,472.0
2020-02-17,474.0
2020-02-18,481.0
2020-02-19,489.0
2020-02-20,505.0
2020-02-21,524.0
2020-02-22,533.5
2020-02-23,533.5
2020-02-24,543.0
2020-02-25,561.0
2020-02-26,577.0
2020-02-27,590.0
2020-02-28,606.0
2020-02-29,609.75
2020-03-01,613.5
2020-03-02,621.0
2020-03-03,633.0
2020-03-04,646.0
2020-03-05,671.0
2020-03-06,688.0
2020-03-07,696.0
2020-03-08,696.0
2020-03-09,704.0
2020-03-10,722.0
2020-03-11,735.0
2020-03-12,745.0
2020-03-13,750.0
2020-03-14,752.0
2020-03-15,752.0
2020-03-16,754.0
2020-03-17,754.0
2020-03-18,755.0
2020-03-19,748.0
2020-03-20,741.0
2020-03-21,736.5
2020-03-22,736.5
2020-03-23,732.0
2020-03-24,720.0
2020-03-25,702.0
2020-03-26,675.0
2020-03-27,641.0
2020-03-28,623.5
2020-03-29,623.5
2020-03-30,606.0
2020-03-31,568.0
2020-04-01,535.0
2020-04-02,513.0
2020-04-03,495.0
2020-04-04,490.0
2020-04-05,490.0
2020-04-06,485.0
2020-04-07,472.0
2020-04-08,454.0
2020-04-09,441.0
2020-04-10,435.0
2020-04-11,435.0
2020-04-12,435.0
2020-04-13,435.0
2020-04-14,429.0
2020-04-15,419.0
2020-04-16,411.0
2020-04-17,404.0
2020-04-18,401.0
2020-04-19,401.0
2020-04-20,398.0
2020-04-21,390.0
2020-04-22,384.0
2020-04-23,383.0
2020-04-24,388.0
2020-04-25,390.0
2020-04-26,390.0
2020-04-27,392.0
2020-04-28,397.0
2020-04-29,404.0
2020-04-30,410.0
2020-05-01,413.0
2020-05-02,414.5
2020-05-03,414.5
2020-05-04,416.0
2020-05-05,417.0
2020-05-06,420.0
2020-05-07,423.0
2020-05-08,427.0
2020-05-09,427.0
2020-05-10,427.0
2020-05-11,431.0
2020-05-12,434.0
2020-05-13,440.0
2020-05-14,446.0
2020-05-15,450.0
2020-05-16,453.0
2020-05-17,453.0
2020-05-18,456.0
2020-05-19,462.0
2020-05-20,471.0
2020-05-21,478.0
2020-05-22,486.0
2020-05-23,490.5
2020-05-24,490.5
2020-05-25,490.5
2020-05-26,495.0
2020-05-27,500.0
2020-05-28,502.0
2020-05-29,500.0
2020-05-30,498.5
2020-05-31,498.5
2020-06-01,497.0
2020-06-02,495.0
2020-06-03,494.0
2020-06-04,499.0
2020-06-05,507.0
2020-06-06,511.0
2020-06-07,511.0
2020-06-08,515.0
2020-06-09,532.0
2020-06-10,556.0
2020-06-11,575.0
2020-06-12,597.0
2020-06-13,604.5
2020-06-14,604.5
2020-06-15,612.0
2020-06-16,624.0
2020-06-17,634.0
2020-06-18,648.0
2020-06-19,657.0
2020-06-20,659.5
2020-06-21,659.5
2020-06-22,662.0
2020-06-23,667.0
2020-06-24,674.0
2020-06-25,678.0
2020-06-26,678.0
2020-06-27,678.5
2020-06-28,678.5
2020-06-29,679.0
2020-06-30,683.0
2020-07-01,686.0
2020-07-02,693.0
2020-07-03,701.0
2020-07-04,704.5
2020-07-05,704.5
2020-07-06,708.0
2020-07-07,725.0
2020-07-08,773.0
2020-07-09,809.0
2020-07-10,835.0
2020-07-11,845.5
2020-07-12,845.5
2020-07-13,856.0
2020-07-14,875.0
2020-07-15,890.0
2020-07-16,899.0
2020-07-17,910.0
2020-07-18,915.0
2020-07-19,915.0
2020-07-20,920.0
2020-07-21,929.0
2020-07-22,932.0
2020-07-23,925.0
2020-07-24,915.0
2020-07-25,910.5
2020-07-26,910.5
2020-07-27,906.0
2020-07-28,897.0
2020-07-29,890.0
2020-07-30,878.0
2020-07-31,870.0
2020-08-01,866.0
2020-08-02,866.0
2020-08-03,862.0
2020-08-04,851.0
2020-08-05,844.0
2020-08-06,847.0
2020-08-07,855.0
2020-08-08,861.0
2020-08-09,861.0
2020-08-10,867.0
2020-08-11,879.0
2020-08-12,893.0
2020-08-13,911.0
2020-08-14,927.0
2020-08-15,935.0
2020-08-16,935.0
2020-08-17,943.0
2020-08-18,949.0
2020-08-19,954.0
2020-08-20,957.0
2020-08-21,962.0
2020-08-22,963.5
2020-08-23,963.5
2020-08-24,965.0
2020-08-25,964.0
2020-08-26,960.0
2020-08-27,958.0
2020-08-28,958.0
2020-08-29,958.0
2020-08-30,958.0
2020-08-31,958.0
2020-09-01,958.0
2020-09-02,959.0
2020-09-03,958.0
2020-09-04,953.0
2020-09-05,951.0
2020-09-06,951.0
2020-09-07,949.0
2020-09-08,941.0
2020-09-09,931.0
2020-09-10,923.0
2020-09-11,917.0
2020-09-12,915.5
2020-09-13,915.5
2020-09-14,914.0
2020-09-15,912.0
2020-09-16,921.0
2020-09-17,930.0
2020-09-18,941.0
2020-09-19,945.5
2020-09-20,945.5
2020-09-21,950.0
2020-09-22,960.0
2020-09-23,971.0
2020-09-24,983.0
2020-09-25,992.0
2020-09-26,995.0
2020-09-27,995.0
2020-09-28,998.0
2020-09-29,999.0
2020-09-30,995.0
2020-10-01,992.0
2020-10-02,991.0
2020-10-03,989.5
2020-10-04,989.5
2020-10-05,988.0
2020-10-06,985.0
2020-10-07,985.0
2020-10-08,984.0
2020-10-09,982.0
2020-10-10,982.0
2020-10-11,982.0
2020-10-12,982.0
2020-10-13,982.0
2020-10-14,980.0
2020-10-15,977.0
2020-10-16,976.0
2020-10-17,976.0
2020-10-18,976.0
2020-10-19,976.0
2020-10-20,973.0
2020-10-21,972.0
2020-10-22,972.0
2020-10-23,972.0
2020-10-24,972.0
2020-10-25,972.0
2020-10-26,972.0
2020-10-27,968.0
2020-10-28,962.0
2020-10-29,958.0
2020-10-30,949.0
2020-10-31,946.0
2020-11-01,946.0
2020-11-02,943.0
2020-11-03,932.0
2020-11-04,922.0
2020-11-05,912.0
2020-11-06,901.0
2020-11-07,897.0
2020-11-08,897.0
2020-11-09,893.0
2020-11-10,888.0
2020-11-11,882.0
2020-11-12,884.0
2020-11-13,884.0
2020-11-14,884.0
2020-11-15,884.0
2020-11-16,884.0
2020-11-17,888.0
2020-11-18,900.0
2020-11-19,915.0
2020-11-20,930.0
2020-11-21,941.0
2020-11-22,941.0
2020-11-23,952.0
2020-11-24,973.0
2020-11-25,995.0
2020-11-26,1011.0
2020-11-27,1018.0
2020-11-28,1020.0
2020-11-29,1020.0
2020-11-30,1022.0
2020-12-01,1020.0
2020-12-02,1019.0
2020-12-03,1015.0
2020-12-04,1011.0
2020-12-05,1011.0
2020-12-06,1011.0
2020-12-07,1011.0
2020-12-08,1012.0
2020-12-09,1017.0
2020-12-10,1023.0
2020-12-11,1031.0
2020-12-12,1034.5
2020-12-13,1034.5
2020-12-14,1038.0
2020-12-15,1046.0
2020-12-16,1054.0
2020-12-17,1057.0
2020-12-18,1057.0
2020-12-19,1055.5
2020-12-20,1055.5
2020-12-21,1054.0
2020-12-22,1048.0
2020-12-23,1047.0
2020-12-24,1039.0
2020-12-25,1033.5
2020-12-26,1033.5
2020-12-27,1033.5
2020-12-28,1033.5
2020-12-29,1033.5
2020-12-30,1033.5
2020-12-31,1033.5
2021-01-01,1033.5
2021-01-02,1033.5
2021-01-03,1033.5
2021-01-04,1028.0
2021-01-05,1022.0
2021-01-06,1022.0
2021-01-07,1023.0
2021-01-08,1029.0
2021-01-09,1034.0
2021-01-10,1034.0
2021-01-11,1039.0
2021-01-12,1055.0
2021-01-13,1067.0
2021-01-14,1080.0
2021-01-15,1086.0
2021-01-16,1091.0
2021-01-17,1091.0
2021-01-18,1096.0
2021-01-19,1104.0
2021-01-20,1119.0
2021-01-21,1133.0
2021-01-22,1142.0
2021-01-23,1147.0
2021-01-24,1147.0
2021-01-25,1152.0
2021-01-26,1158.0
2021-01-27,1163.0
2021-01-28,1166.0
2021-01-29,1165.0
2021-01-30,1163.5
2021-01-31,1163.5
2021-02-01,1162.0
2021-02-02,1149.0
2021-02-03,1141.0
2021-02-04,1139.0
2021-02-05,1144.0
2021-02-06,1146.5
2021-02-07,1146.5
2021-02-08,1149.0
2021-02-09,1156.0
2021-02-10,1175.0
2021-02-11,1197.0
2021-02-12,1217.0
2021-02-13,1224.5
2021-02-14,1224.5
2021-02-15,1232.0
2021-02-16,1262.0
2021-02-17,1340.0
2021-02-18,1441.0
2021-02-19,1513.0
2021-02-20,1555.5
2021-02-21,1555.5
2021-02-22,1598.0
2021-02-23,1744.0
2021-02-24,1822.0
2021-02-25,1866.0
2021-02-26,1878.0
2021-02-27,1878.5
2021-02-28,1878.5
2021-03-01,1879.0
2021-03-02,1879.0
2021-03-03,1889.0
2021-03-04,1900.0
2021-03-05,1917.0
2021-03-06,1925.0
2021-03-07,1925.0
2021-03-08,1933.0
2021-03-09,1969.0
2021-03-10,2017.0
2021-03-11,2051.0
2021-03-12,2077.0
2021-03-13,2080.0
2021-03-14,2080.0
2021-03-15,2083.0
2021-03-16,2079.0
2021-03-17,2091.0
2021-03-18,2114.0
2021-03-19,2122.0
2021-03-20,2127.5
2021-03-21,2127.5
2021-03-22,2133.0
2021-03-23,2126.0
2021-03-24,2084.0
2021-03-25,2021.0
2021-03-26,1983.0
2021-03-27,1967.0
2021-03-28,1967.0
2021-03-29,1951.0
2021-03-30,1916.0
2021-03-31,1871.0
2021-04-01,1840.0
2021-04-02,1824.5
2021-04-03,1824.5
2021-04-04,1824.5
2021-04-05,1824.5
2021-04-06,1809.0
2021-04-07,1792.0
2021-04-08,1786.0
2021-04-09,1780.0
2021-04-10,1777.0
2021-04-11,1777.0
2021-04-12,1774.0
2021-04-13,1774.0
2021-04-14,1783.0
2021-04-15,1811.0
2021-04-16,1849.0
2021-04-17,1863.5
2021-04-18,1863.5
2021-04-19,1878.0
2021-04-20,1925.0
2021-04-21,1977.0
2021-04-22,2037.0
2021-04-23,2085.0
2021-04-24,2096.5
2021-04-25,2096.5
2021-04-26,2108.0
2021-04-27,2129.0
2021-04-28,2140.0
2021-04-29,2151.0
2021-04-30,2144.0
2021-05-01,2137.0
2021-05-02,2137.0
2021-05-03,2137.0
2021-05-04,2130.0
2021-05-05,2135.0
2021-05-06,2160.0
2021-05-07,2196.0
2021-05-08,2206.0
2021-05-09,2206.0
2021-05-10,2216.0
2021-05-11,2245.0
2021-05-12,2269.0
2021-05-13,2283.0
2021-05-14,2297.0
2021-05-15,2303.5
2021-05-16,2303.5
2021-05-17,2310.0
2021-05-18,2324.0
2021-05-19,2344.0
2021-05-20,2374.0
2021-05-21,2408.0
2021-05-22,2418.0
2021-05-23,2418.0
2021-05-24,2428.0
2021-05-25,2450.0
2021-05-26,2492.0
2021-05-27,2520.0
2021-05-28,2504.0
2021-05-29,2479.5
2021-05-30,2479.5
2021-05-31,2479.5
2021-06-01,2455.0
2021-06-02,2456.0
2021-06-03,2441.0
2021-06-04,2449.0
2021-06-05,2455.0
2021-06-06,2455.0
2021-06-07,2461.0
2021-06-08,2479.0
2021-06-09,2508.0
2021-06-10,2552.0
2021-06-11,2592.0
2021-06-12,2608.0
2021-06-13,2608.0
2021-06-14,2624.0
2021-06-15,2667.0
2021-06-16,2713.0
2021-06-17,2754.0
2021-06-18,2802.0
2021-06-19,2813.5
2021-06-20,2813.5
2021-06-21,2825.0
2021-06-22,2840.0
2021-06-23,2852.0
2021-06-24,2864.0
2021-06-25,2877.0
2021-06-26,2888.0
2021-06-27,2888.0
2021-06-28,2899.0
2021-06-29,2921.0
2021-06-30,2930.0
2021-07-01,2939.0
2021-07-02,2935.0
2021-07-03,2935.0
2021-07-04,2935.0
2021-07-05,2935.0
2021-07-06,2920.0
2021-07-07,2909.0
2021-07-08,2897.0
2021-07-09,2891.0
2021-07-10,2886.5
2021-07-11,2886.5
2021-07-12,2882.0
2021-07-13,2865.0
2021-07-14,2833.0
2021-07-15,2799.0
2021-07-16,2775.0
2021-07-17,2774.5
2021-07-18,2774.5
2021-07-19,2774.0
2021-07-20,2783.0
2021-07-21,2807.0
2021-07-22,2842.0
2021-07-23,2871.0
2021-07-24,2877.0
2021-07-25,2877.0
2021-07-26,2883.0
2021-07-27,2893.0
2021-07-28,2911.0
2021-07-29,2928.0
2021-07-30,2945.0
2021-07-31,2952.0
2021-08-01,2952.0
2021-08-02,2959.0
2021-08-03,2969.0
2021-08-04,2983.0
2021-08-05,2996.0
2021-08-06,3010.0
2021-08-07,3016.0
2021-08-08,3016.0
2021-08-09,3022.0
2021-08-10,3032.0
2021-08-11,3049.0
2021-08-12,3079.0
2021-08-13,3098.0
2021-08-14,3108.5
2021-08-15,3108.5
2021-08-16,3119.0
2021-08-17,3146.0
2021-08-18,3189.0
2021-08-19,3237.0
2021-08-20,3276.0
2021-08-21,3289.5
2021-08-22,3289.5
2021-08-23,3303.0
2021-08-24,3343.0
2021-08-25,3386.0
2021-08-26,3437.0
2021-08-27,3470.0
2021-08-28,3473.5
2021-08-29,3473.5
2021-08-30,3473.5
2021-08-31,3477.0
2021-09-01,3434.0
2021-09-02,3393.0
2021-09-03,3348.0
2021-09-04,3320.5
2021-09-05,3320.5
2021-09-06,3293.0
2021-09-07,3256.0
2021-09-08,3211.0
2021-09-09,3179.0
2021-09-10,3170.0
2021-09-11,3175.0
2021-09-12,3175.0
2021-09-13,3180.0
2021-09-14,3210.0
2021-09-15,3247.0
2021-09-16,3283.0
2021-09-17,3307.0
2021-09-18,3313.0
2021-09-19,3313.0
2021-09-20,3319.0
2021-09-21,3327.0
2021-09-22,3338.0
2021-09-23,3349.0
2021-09-24,3359.0
2021-09-25,3361.0
2021-09-26,3361.0
2021-09-27,3363.0
2021-09-28,3373.0
2021-09-29,3379.0
2021-09-30,3382.0
2021-10-01,3383.0
2021-10-02,3382.0
2021-10-03,3382.0
2021-10-04,3381.0
2021-10-05,3382.0
2021-10-06,3388.0
2021-10-07,3404.0
2021-10-08,3417.0
2021-10-09,3424.0
2021-10-10,3424.0
2021-10-11,3431.0
2021-10-12,3461.0
2021-10-13,3502.0
2021-10-14,3542.0
2021-10-15,3576.0
2021-10-16,3585.5
2021-10-17,3585.5
2021-10-18,3595.0
2021-10-19,3610.0
2021-10-20,3618.0
2021-10-21,3624.0
2021-10-22,3584.0
2021-10-23,3565.5
2021-10-24,3565.5
2021-10-25,3547.0
2021-10-26,3497.0
2021-10-27,3344.0
2021-10-28,3190.0
2021-10-29,3104.0
2021-10-30,3073.0
2021-10-31,3073.0
2021-11-01,3042.0
2021-11-02,2919.0
2021-11-03,2728.0
2021-11-04,2563.0
2021-11-05,2416.0
2021-11-06,2375.0
2021-11-07,2375.0
2021-11-08,2334.0
2021-11-09,2284.0
2021-11-10,2259.0
2021-11-11,2251.0
2021-11-12,2253.0
2021-11-13,2256.0
2021-11-14,2256.0
2021-11-15,2259.0
2021-11-16,2263.0
2021-11-17,2260.0
2021-11-18,2248.0
2021-11-19,2237.0
2021-11-20,2236.0
2021-11-21,2236.0
2021-11-22,2235.0
2021-11-23,2243.0
2021-11-24,2255.0
2021-11-25,2284.0
2021-11-26,2316.0
2021-11-27,2321.5
2021-11-28,2321.5
2021-11-29,2327.0
2021-11-30,2340.0
2021-12-01,2374.0
2021-12-02,2402.0
2021-12-03,2431.0
2021-12-04,2441.5
2021-12-05,2441.5
2021-12-06,2452.0
2021-12-07,2488.0
2021-12-08,2520.0
2021-12-09,2541.0
2021-12-10,2551.0
2021-12-11,2551.5
2021-12-12,2551.5
2021-12-13,2552.0
2021-12-14,2550.0
2021-12-15,2542.0
2021-12-16,2514.0
2021-12-17,2469.0
2021-12-18,2452.5
2021-12-19,2452.5
2021-12-20,2436.0
2021-12-21,2383.0
2021-12-22,2337.0
2021-12-23,2303.0
2021-12-24,2290.0
2021-12-25,2249.5
2021-12-26,2249.5
2021-12-27,2249.5
2021-12-28,2249.5
2021-12-29,2249.5
2021-12-30,2249.5
2021-12-31,2249.5
2022-01-01,2249.5
2022-01-02,2249.5
2022-01-03,2249.5
2022-01-04,2209.0
2022-01-05,2165.0
2022-01-06,2124.0
2022-01-07,2074.0
2022-01-08,2037.5
2022-01-09,2037.5
2022-01-10,2001.0
2022-01-11,1958.0
2022-01-12,1936.0
2022-01-13,1915.0
2022-01-14,1897.0
2022-01-15,1880.5
2022-01-16,1880.5
2022-01-17,1864.0
2022-01-18,1840.0
2022-01-19,1812.0
2022-01-20,1773.0
2022-01-21,1749.0
2022-01-22,1738.5
2022-01-23,1738.5
2022-01-24,1728.0
2022-01-25,1693.0
2022-01-26,1654.0
2022-01-27,1613.0
2022-01-28,1597.0
2022-01-29,1592.0
2022-01-30,1592.0
2022-01-31,1587.0
2022-02-01,1578.0
2022-02-02,1570.0
2022-02-03,1571.0
2022-02-04,1594.0
2022-02-05,1616.0
2022-02-06,1616.0
2022-02-07,1638.0
2022-02-08,1734.0
2022-02-09,1911.0
2022-02-10,2057.0
2022-02-11,2158.0
2022-02-12,2193.0
2022-02-13,2193.0
2022-02-14,2228.0
2022-02-15,2277.0
2022-02-16,2320.0
2022-02-17,2326.0
2022-02-18,2325.0
2022-02-19,2333.5
2022-02-20,2333.5
2022-02-21,2342.0
2022-02-22,2359.0
2022-02-23,2388.0
2022-02-24,2415.0
2022-02-25,2417.0
2022-02-26,2422.5
2022-02-27,2422.5
2022-02-28,2428.0
2022-03-01,2443.0
2022-03-02,2471.0
2022-03-03,2520.0
2022-03-04,2586.0
2022-03-05,2613.0
2022-03-06,2613.0
2022-03-07,2640.0
2022-03-08,2733.0
2022-03-09,2845.0
2022-03-10,2923.0
2022-03-11,2939.0
2022-03-12,2936.5
2022-03-13,2936.5
2022-03-14,2934.0
2022-03-15,2901.0
2022-03-16,2876.0
2022-03-17,2892.0
2022-03-18,2922.0
2022-03-19,2935.5
2022-03-20,2935.5
2022-03-21,2949.0
2022-03-22,2983.0
2022-03-23,3016.0
2022-03-24,3033.0
2022-03-25,3020.0
2022-03-26,3005.5
2022-03-27,3005.5
2022-03-28,2991.0
2022-03-29,2946.0
2022-03-30,2875.0
2022-03-31,2808.0
2022-04-01,2755.0
2022-04-02,2736.0
2022-04-03,2736.0
2022-04-04,2717.0
2022-04-05,2660.0
2022-04-06,2605.0
2022-04-07,2547.0
2022-04-08,2502.0
2022-04-09,2487.5
2022-04-10,2487.5
2022-04-11,2473.0
2022-04-12,2448.0
2022-04-13,2461.0
2022-04-14,2497.0
2022-04-15,2519.0
2022-04-16,2519.0
2022-04-17,2519.0
2022-04-18,2519.0
2022-04-19,2541.0
2022-04-20,2596.0
2022-04-21,2646.0
2022-04-22,2678.0
2022-04-23,2688.5
2022-04-24,2688.5
2022-04-25,2699.0
2022-04-26,2714.0
2022-04-27,2736.0
2022-04-28,2736.0
2022-04-29,2734.0
2022-04-30,2733.5
