Date,brent_oil
2012-07-04,99.77
2012-07-05,100.7
2012-07-06,98.19
2012-07-07,99.255
2012-07-08,99.255
2012-07-09,100.32
2012-07-10,97.97
2012-07-11,100.23
2012-07-12,101.07
2012-07-13,102.4
2012-07-14,102.975
2012-07-15,102.975
2012-07-16,103.55
2012-07-17,104.0
2012-07-18,105.16
2012-07-19,107.8
2012-07-20,106.83
2012-07-21,105.045
2012-07-22,105.045
2012-07-23,103.26
2012-07-24,103.42
2012-07-25,104.38
2012-07-26,105.26
2012-07-27,106.47
2012-07-28,106.33500000000001
2012-07-29,106.33500000000001
2012-07-30,106.2
2012-07-31,104.92
2012-08-01,105.96
2012-08-02,105.9
2012-08-03,108.94
2012-08-04,109.245
2012-08-05,109.245
2012-08-06,109.55
2012-08-07,112.0
2012-08-08,112.14
2012-08-09,113.22
2012-08-10,112.95
2012-08-11,113.275
2012-08-12,113.275
2012-08-13,113.6
2012-08-14,114.03
2012-08-15,116.25
2012-08-16,116.9
2012-08-17,113.71
2012-08-18,113.705
2012-08-19,113.705
2012-08-20,113.7
2012-08-21,114.64
2012-08-22,114.91
2012-08-23,115.01
2012-08-24,113.59
2012-08-25,112.92500000000001
2012-08-26,112.92500000000001
2012-08-27,112.26
2012-08-28,112.58
2012-08-29,112.54
2012-08-30,112.65
2012-08-31,114.57
2012-09-01,115.175
2012-09-02,115.175
2012-09-03,115.78
2012-09-04,114.18
2012-09-05,113.09
2012-09-06,113.49
2012-09-07,114.25
2012-09-08,114.53
2012-09-09,114.53
2012-09-10,114.81
2012-09-11,115.4
2012-09-12,115.96
2012-09-13,116.9
2012-09-14,116.66
2012-09-15,115.225
2012-09-16,115.225
2012-09-17,113.79
2012-09-18,112.03
2012-09-19,108.19
2012-09-20,110.03
2012-09-21,111.42
2012-09-22,110.61500000000001
2012-09-23,110.61500000000001
2012-09-24,109.81
2012-09-25,110.45
2012-09-26,110.04
2012-09-27,112.01
2012-09-28,112.39
2012-09-29,112.28999999999999
2012-09-30,112.28999999999999
2012-10-01,112.19
2012-10-02,111.57
2012-10-03,108.17
2012-10-04,112.58
2012-10-05,112.02
2012-10-06,111.91999999999999
2012-10-07,111.91999999999999
2012-10-08,111.82
2012-10-09,114.5
2012-10-10,114.33
2012-10-11,115.71
2012-10-12,114.62
2012-10-13,115.21000000000001
2012-10-14,115.21000000000001
2012-10-15,115.8
2012-10-16,115.07
2012-10-17,113.22
2012-10-18,112.42
2012-10-19,110.14
2012-10-20,109.78999999999999
2012-10-21,109.78999999999999
2012-10-22,109.44
2012-10-23,108.25
2012-10-24,107.85
2012-10-25,108.49
2012-10-26,109.55
2012-10-27,109.495
2012-10-28,109.495
2012-10-29,109.44
2012-10-30,109.08
2012-10-31,108.7
2012-11-01,108.17
2012-11-02,105.68
2012-11-03,106.70500000000001
2012-11-04,106.70500000000001
2012-11-05,107.73
2012-11-06,111.07
2012-11-07,106.82
2012-11-08,107.25
2012-11-09,109.4
2012-11-10,109.235
2012-11-11,109.235
2012-11-12,109.07
2012-11-13,108.26
2012-11-14,109.61
2012-11-15,110.98
2012-11-16,108.95
2012-11-17,110.325
2012-11-18,110.325
2012-11-19,111.7
2012-11-20,109.83
2012-11-21,110.86
2012-11-22,110.55
2012-11-23,111.38
2012-11-24,111.15
2012-11-25,111.15
2012-11-26,110.92
2012-11-27,109.87
2012-11-28,109.51
2012-11-29,110.76
2012-11-30,111.23
2012-12-01,111.075
2012-12-02,111.075
2012-12-03,110.92
2012-12-04,109.84
2012-12-05,108.81
2012-12-06,107.03
2012-12-07,107.02
2012-12-08,107.175
2012-12-09,107.175
2012-12-10,107.33
2012-12-11,108.01
2012-12-12,109.5
2012-12-13,107.91
2012-12-14,109.15
2012-12-15,108.39500000000001
2012-12-16,108.39500000000001
2012-12-17,107.64
2012-12-18,108.84
2012-12-19,110.36
2012-12-20,110.2
2012-12-21,108.97
2012-12-22,108.88499999999999
2012-12-23,108.88499999999999
2012-12-24,108.8
2012-12-25,109.935
2012-12-26,111.07
2012-12-27,110.8
2012-12-28,110.62
2012-12-29,110.86500000000001
2012-12-30,110.86500000000001
2012-12-31,111.11
2013-01-01,111.78999999999999
2013-01-02,112.47
2013-01-03,112.14
2013-01-04,111.31
2013-01-05,111.355
2013-01-06,111.355
2013-01-07,111.4
2013-01-08,111.94
2013-01-09,111.76
2013-01-10,111.89
2013-01-11,110.64
2013-01-12,111.25999999999999
2013-01-13,111.25999999999999
2013-01-14,111.88
2013-01-15,110.3
2013-01-16,110.61
2013-01-17,111.1
2013-01-18,111.89
2013-01-19,111.8
2013-01-20,111.8
2013-01-21,111.71
2013-01-22,112.42
2013-01-23,112.8
2013-01-24,113.28
2013-01-25,113.28
2013-01-26,113.38
2013-01-27,113.38
2013-01-28,113.48
2013-01-29,114.36
2013-01-30,114.9
2013-01-31,115.55
2013-02-01,116.76
2013-02-02,116.18
2013-02-03,116.18
2013-02-04,115.6
2013-02-05,116.52
2013-02-06,116.73
2013-02-07,117.24
2013-02-08,118.9
2013-02-09,118.515
2013-02-10,118.515
2013-02-11,118.13
2013-02-12,118.66
2013-02-13,118.72
2013-02-14,118.0
2013-02-15,117.66
2013-02-16,117.52
2013-02-17,117.52
2013-02-18,117.38
2013-02-19,117.52
2013-02-20,115.6
2013-02-21,113.53
2013-02-22,114.1
2013-02-23,114.27
2013-02-24,114.27
2013-02-25,114.44
2013-02-26,112.71
2013-02-27,111.87
2013-02-28,111.38
2013-03-01,110.4
2013-03-02,110.245
2013-03-03,110.245
2013-03-04,110.09
2013-03-05,111.61
2013-03-06,111.06
2013-03-07,111.15
2013-03-08,110.85
2013-03-09,110.535
2013-03-10,110.535
2013-03-11,110.22
2013-03-12,109.65
2013-03-13,108.52
2013-03-14,109.42
2013-03-15,109.82
2013-03-16,109.66499999999999
2013-03-17,109.66499999999999
2013-03-18,109.51
2013-03-19,107.45
2013-03-20,108.72
2013-03-21,107.47
2013-03-22,107.66
2013-03-23,107.91499999999999
2013-03-24,107.91499999999999
2013-03-25,108.17
2013-03-26,109.36
2013-03-27,109.69
2013-03-28,110.02
2013-03-29,110.55
2013-03-30,110.55
2013-03-31,110.55
2013-04-01,111.08
2013-04-02,110.69
2013-04-03,107.11
2013-04-04,106.34
2013-04-05,104.12
2013-04-06,104.39
2013-04-07,104.39
2013-04-08,104.66
2013-04-09,106.23
2013-04-10,105.79
2013-04-11,104.27
2013-04-12,103.11
2013-04-13,101.75
2013-04-14,101.75
2013-04-15,100.39
2013-04-16,99.91
2013-04-17,97.69
2013-04-18,99.13
2013-04-19,99.65
2013-04-20,100.02000000000001
2013-04-21,100.02000000000001
2013-04-22,100.39
2013-04-23,100.31
2013-04-24,101.73
2013-04-25,103.41
2013-04-26,103.16
2013-04-27,103.485
2013-04-28,103.485
2013-04-29,103.81
2013-04-30,102.37
2013-05-01,99.95
2013-05-02,102.85
2013-05-03,104.19
2013-05-04,104.82499999999999
2013-05-05,104.82499999999999
2013-05-06,105.46
2013-05-07,104.4
2013-05-08,104.34
2013-05-09,104.47
2013-05-10,103.91
2013-05-11,103.365
2013-05-12,103.365
2013-05-13,102.82
2013-05-14,102.6
2013-05-15,103.68
2013-05-16,103.8
2013-05-17,104.64
2013-05-18,104.72
2013-05-19,104.72
2013-05-20,104.8
2013-05-21,103.91
2013-05-22,102.6
2013-05-23,102.44
2013-05-24,102.64
2013-05-25,102.63
2013-05-26,102.63
2013-05-27,102.62
2013-05-28,104.23
2013-05-29,102.43
2013-05-30,102.19
2013-05-31,100.39
2013-06-01,101.225
2013-06-02,101.225
2013-06-03,102.06
2013-06-04,103.24
2013-06-05,103.04
2013-06-06,103.61
2013-06-07,104.56
2013-06-08,104.255
2013-06-09,104.255
2013-06-10,103.95
2013-06-11,102.96
2013-06-12,103.49
2013-06-13,104.25
2013-06-14,105.93
2013-06-15,105.7
2013-06-16,105.7
2013-06-17,105.47
2013-06-18,106.02
2013-06-19,106.12
2013-06-20,102.15
2013-06-21,100.91
2013-06-22,101.035
2013-06-23,101.035
2013-06-24,101.16
2013-06-25,101.26
2013-06-26,101.66
2013-06-27,102.82
2013-06-28,102.16
2013-06-29,102.58
2013-06-30,102.58
2013-07-01,103.0
2013-07-02,104.0
2013-07-03,105.76
2013-07-04,105.54
2013-07-05,107.72
2013-07-06,107.575
2013-07-07,107.575
2013-07-08,107.43
2013-07-09,107.81
2013-07-10,108.51
2013-07-11,107.73
2013-07-12,108.81
2013-07-13,108.95
2013-07-14,108.95
2013-07-15,109.09
2013-07-16,109.4
2013-07-17,108.61
2013-07-18,108.7
2013-07-19,108.07
2013-07-20,108.11
2013-07-21,108.11
2013-07-22,108.15
2013-07-23,108.42
2013-07-24,107.19
2013-07-25,107.65
2013-07-26,107.17
2013-07-27,107.31
2013-07-28,107.31
2013-07-29,107.45
2013-07-30,106.91
2013-07-31,107.7
2013-08-01,109.54
2013-08-02,108.95
2013-08-03,108.825
2013-08-04,108.825
2013-08-05,108.7
2013-08-06,108.18
2013-08-07,107.44
2013-08-08,106.68
2013-08-09,108.22
2013-08-10,108.595
2013-08-11,108.595
2013-08-12,108.97
2013-08-13,109.82
2013-08-14,110.2
2013-08-15,111.11
2013-08-16,110.4
2013-08-17,110.15
2013-08-18,110.15
2013-08-19,109.9
2013-08-20,110.15
2013-08-21,109.81
2013-08-22,109.9
2013-08-23,111.04
2013-08-24,110.885
2013-08-25,110.885
2013-08-26,110.73
2013-08-27,114.36
2013-08-28,116.61
2013-08-29,115.16
2013-08-30,114.01
2013-08-31,114.17
2013-09-01,114.17
2013-09-02,114.33
2013-09-03,115.68
2013-09-04,114.91
2013-09-05,115.26
2013-09-06,116.12
2013-09-07,114.92
2013-09-08,114.92
2013-09-09,113.72
2013-09-10,111.25
2013-09-11,111.5
2013-09-12,112.63
2013-09-13,112.78
2013-09-14,111.425
2013-09-15,111.425
2013-09-16,110.07
2013-09-17,108.19
2013-09-18,110.6
2013-09-19,108.76
2013-09-20,109.22
2013-09-21,108.69
2013-09-22,108.69
2013-09-23,108.16
2013-09-24,108.64
2013-09-25,108.32
2013-09-26,109.21
2013-09-27,108.63
2013-09-28,108.5
2013-09-29,108.5
2013-09-30,108.37
2013-10-01,107.94
2013-10-02,109.19
2013-10-03,109.0
2013-10-04,109.46
2013-10-05,109.57
2013-10-06,109.57
2013-10-07,109.68
2013-10-08,110.16
2013-10-09,109.06
2013-10-10,111.8
2013-10-11,111.28
2013-10-12,111.16
2013-10-13,111.16
2013-10-14,111.04
2013-10-15,109.96
2013-10-16,110.86
2013-10-17,109.11
2013-10-18,109.94
2013-10-19,109.78999999999999
2013-10-20,109.78999999999999
2013-10-21,109.64
2013-10-22,109.97
2013-10-23,107.8
2013-10-24,106.99
2013-10-25,106.93
2013-10-26,108.27000000000001
2013-10-27,108.27000000000001
2013-10-28,109.61
2013-10-29,109.01
2013-10-30,109.86
2013-10-31,108.84
2013-11-01,105.91
2013-11-02,106.07
2013-11-03,106.07
2013-11-04,106.23
2013-11-05,105.33
2013-11-06,105.24
2013-11-07,103.46
2013-11-08,105.12
2013-11-09,105.76
2013-11-10,105.76
2013-11-11,106.4
2013-11-12,105.81
2013-11-13,107.12
2013-11-14,108.54
2013-11-15,108.5
2013-11-16,108.485
2013-11-17,108.485
2013-11-18,108.47
2013-11-19,106.92
2013-11-20,108.06
2013-11-21,110.08
2013-11-22,111.05
2013-11-23,111.025
2013-11-24,111.025
2013-11-25,111.0
2013-11-26,110.88
2013-11-27,111.31
2013-11-28,110.86
2013-11-29,109.69
2013-11-30,110.57
2013-12-01,110.57
2013-12-02,111.45
2013-12-03,112.62
2013-12-04,111.88
2013-12-05,110.98
2013-12-06,111.61
2013-12-07,110.5
2013-12-08,110.5
2013-12-09,109.39
2013-12-10,109.38
2013-12-11,109.7
2013-12-12,108.67
2013-12-13,108.83
2013-12-14,109.65
2013-12-15,109.65
2013-12-16,110.47
2013-12-17,108.44
2013-12-18,109.63
2013-12-19,110.29
2013-12-20,111.77
2013-12-21,111.66499999999999
2013-12-22,111.66499999999999
2013-12-23,111.56
2013-12-24,111.9
2013-12-25,111.94
2013-12-26,111.98
2013-12-27,112.18
2013-12-28,111.695
2013-12-29,111.695
2013-12-30,111.21
2013-12-31,110.8
2014-01-01,110.92
2014-01-02,107.78
2014-01-03,106.89
2014-01-04,106.81
2014-01-05,106.81
2014-01-06,106.73
2014-01-07,107.35
2014-01-08,107.15
2014-01-09,106.39
2014-01-10,107.25
2014-01-11,107.0
2014-01-12,107.0
2014-01-13,106.75
2014-01-14,106.39
2014-01-15,107.13
2014-01-16,107.09
2014-01-17,106.48
2014-01-18,106.41499999999999
2014-01-19,106.41499999999999
2014-01-20,106.35
2014-01-21,106.73
2014-01-22,108.27
2014-01-23,107.58
2014-01-24,107.88
2014-01-25,107.285
2014-01-26,107.285
2014-01-27,106.69
2014-01-28,107.41
2014-01-29,107.85
2014-01-30,107.95
2014-01-31,106.4
2014-02-01,106.22
2014-02-02,106.22
2014-02-03,106.04
2014-02-04,105.78
2014-02-05,106.25
2014-02-06,107.19
2014-02-07,109.57
2014-02-08,109.1
2014-02-09,109.1
2014-02-10,108.63
2014-02-11,108.68
2014-02-12,108.79
2014-02-13,108.73
2014-02-14,109.08
2014-02-15,109.13
2014-02-16,109.13
2014-02-17,109.18
2014-02-18,110.46
2014-02-19,110.47
2014-02-20,110.3
2014-02-21,109.85
2014-02-22,110.245
2014-02-23,110.245
2014-02-24,110.64
2014-02-25,109.51
2014-02-26,109.52
2014-02-27,108.96
2014-02-28,109.07
2014-03-01,110.13499999999999
2014-03-02,110.13499999999999
2014-03-03,111.2
2014-03-04,109.3
2014-03-05,107.76
2014-03-06,108.1
2014-03-07,109.0
2014-03-08,108.53999999999999
2014-03-09,108.53999999999999
2014-03-10,108.08
2014-03-11,108.55
2014-03-12,108.02
2014-03-13,107.39
2014-03-14,108.57
2014-03-15,107.405
2014-03-16,107.405
2014-03-17,106.24
2014-03-18,106.79
2014-03-19,105.85
2014-03-20,106.45
2014-03-21,106.92
2014-03-22,106.86500000000001
2014-03-23,106.86500000000001
2014-03-24,106.81
2014-03-25,106.99
2014-03-26,107.03
2014-03-27,107.83
2014-03-28,108.07
2014-03-29,107.91499999999999
2014-03-30,107.91499999999999
2014-03-31,107.76
2014-04-01,105.62
2014-04-02,104.79
2014-04-03,106.15
2014-04-04,106.72
2014-04-05,106.27
2014-04-06,106.27
2014-04-07,105.82
2014-04-08,107.67
2014-04-09,107.98
2014-04-10,107.46
2014-04-11,107.33
2014-04-12,108.19999999999999
2014-04-13,108.19999999999999
2014-04-14,109.07
2014-04-15,108.74
2014-04-16,109.6
2014-04-17,109.53
2014-04-18,109.74000000000001
2014-04-19,109.74000000000001
2014-04-20,109.74000000000001
2014-04-21,109.95
2014-04-22,109.27
2014-04-23,109.11
2014-04-24,110.33
2014-04-25,109.58
2014-04-26,108.85
2014-04-27,108.85
2014-04-28,108.12
2014-04-29,108.98
2014-04-30,108.07
2014-05-01,107.76
2014-05-02,108.59
2014-05-03,108.155
2014-05-04,108.155
2014-05-05,107.72
2014-05-06,107.06
2014-05-07,108.13
2014-05-08,108.04
2014-05-09,107.89
2014-05-10,108.15
2014-05-11,108.15
2014-05-12,108.41
2014-05-13,109.24
2014-05-14,110.19
2014-05-15,110.44
2014-05-16,109.75
2014-05-17,109.56
2014-05-18,109.56
2014-05-19,109.37
2014-05-20,109.69
2014-05-21,110.55
2014-05-22,110.36
2014-05-23,110.54
2014-05-24,110.43
2014-05-25,110.43
2014-05-26,110.32
2014-05-27,110.02
2014-05-28,109.81
2014-05-29,109.97
2014-05-30,109.41
2014-05-31,109.12
2014-06-01,109.12
2014-06-02,108.83
2014-06-03,108.82
2014-06-04,108.4
2014-06-05,108.79
2014-06-06,108.61
2014-06-07,109.3
2014-06-08,109.3
2014-06-09,109.99
2014-06-10,109.52
2014-06-11,109.95
2014-06-12,113.02
2014-06-13,113.41
2014-06-14,113.175
2014-06-15,113.175
2014-06-16,112.94
2014-06-17,113.45
2014-06-18,114.26
2014-06-19,115.06
2014-06-20,114.81
2014-06-21,114.465
2014-06-22,114.465
2014-06-23,114.12
2014-06-24,114.46
2014-06-25,114.0
2014-06-26,113.21
2014-06-27,113.3
2014-06-28,112.83
2014-06-29,112.83
2014-06-30,112.36
2014-07-01,112.29
2014-07-02,111.24
2014-07-03,111.0
2014-07-04,110.64
2014-07-05,110.44
2014-07-06,110.44
2014-07-07,110.24
2014-07-08,108.94
2014-07-09,108.28
2014-07-10,108.67
2014-07-11,106.66
2014-07-12,106.82
2014-07-13,106.82
2014-07-14,106.98
2014-07-15,106.02
2014-07-16,105.85
2014-07-17,107.89
2014-07-18,107.24
2014-07-19,107.46000000000001
2014-07-20,107.46000000000001
2014-07-21,107.68
2014-07-22,107.33
2014-07-23,108.03
2014-07-24,107.07
2014-07-25,108.39
2014-07-26,107.97999999999999
2014-07-27,107.97999999999999
2014-07-28,107.57
2014-07-29,107.72
2014-07-30,106.51
2014-07-31,106.02
2014-08-01,104.84
2014-08-02,105.125
2014-08-03,105.125
2014-08-04,105.41
2014-08-05,104.61
2014-08-06,104.59
2014-08-07,105.44
2014-08-08,105.02
2014-08-09,104.85
2014-08-10,104.85
2014-08-11,104.68
2014-08-12,103.02
2014-08-13,104.28
2014-08-14,102.01
2014-08-15,103.53
2014-08-16,102.565
2014-08-17,102.565
2014-08-18,101.6
2014-08-19,101.56
2014-08-20,102.28
2014-08-21,102.63
2014-08-22,102.29
2014-08-23,102.47
2014-08-24,102.47
2014-08-25,102.65
2014-08-26,102.5
2014-08-27,102.72
2014-08-28,102.46
2014-08-29,103.19
2014-08-30,102.99000000000001
2014-08-31,102.99000000000001
2014-09-01,102.79
2014-09-02,100.34
2014-09-03,102.77
2014-09-04,101.83
2014-09-05,100.82
2014-09-06,100.50999999999999
2014-09-07,100.50999999999999
2014-09-08,100.2
2014-09-09,99.16
2014-09-10,98.04
2014-09-11,98.08
2014-09-12,97.11
2014-09-13,96.88
2014-09-14,96.88
2014-09-15,96.65
2014-09-16,99.05
2014-09-17,98.97
2014-09-18,97.7
2014-09-19,98.39
2014-09-20,97.68
2014-09-21,97.68
2014-09-22,96.97
2014-09-23,96.85
2014-09-24,96.95
2014-09-25,97.0
2014-09-26,97.0
2014-09-27,97.1
2014-09-28,97.1
2014-09-29,97.2
2014-09-30,94.67
2014-10-01,94.16
2014-10-02,93.42
2014-10-03,92.31
2014-10-04,92.55000000000001
2014-10-05,92.55000000000001
2014-10-06,92.79
2014-10-07,92.11
2014-10-08,91.38
2014-10-09,90.05
2014-10-10,90.21
2014-10-11,89.55
2014-10-12,89.55
2014-10-13,88.89
2014-10-14,85.04
2014-10-15,83.78
2014-10-16,84.47
2014-10-17,86.16
2014-10-18,85.78
2014-10-19,85.78
2014-10-20,85.4
2014-10-21,86.22
2014-10-22,84.71
2014-10-23,86.83
2014-10-24,86.13
2014-10-25,85.97999999999999
2014-10-26,85.97999999999999
2014-10-27,85.83
2014-10-28,86.03
2014-10-29,87.12
2014-10-30,86.24
2014-10-31,85.86
2014-11-01,85.32
2014-11-02,85.32
2014-11-03,84.78
2014-11-04,82.82
2014-11-05,82.95
2014-11-06,82.86
2014-11-07,83.39
2014-11-08,82.86500000000001
2014-11-09,82.86500000000001
2014-11-10,82.34
2014-11-11,81.67
2014-11-12,80.38
2014-11-13,77.92
2014-11-14,79.41
2014-11-15,79.36
2014-11-16,79.36
2014-11-17,79.31
2014-11-18,78.47
2014-11-19,78.1
2014-11-20,79.33
2014-11-21,80.36
2014-11-22,80.02000000000001
2014-11-23,80.02000000000001
2014-11-24,79.68
2014-11-25,78.33
2014-11-26,77.75
2014-11-27,72.58
2014-11-28,70.15
2014-11-29,71.345
2014-11-30,71.345
2014-12-01,72.54
2014-12-02,70.54
2014-12-03,69.92
2014-12-04,69.64
2014-12-05,69.07
2014-12-06,67.63
2014-12-07,67.63
2014-12-08,66.19
2014-12-09,66.84
2014-12-10,64.24
2014-12-11,63.68
2014-12-12,61.85
2014-12-13,61.455
2014-12-14,61.455
2014-12-15,61.06
2014-12-16,59.86
2014-12-17,61.18
2014-12-18,59.27
2014-12-19,61.38
2014-12-20,60.745000000000005
2014-12-21,60.745000000000005
2014-12-22,60.11
2014-12-23,61.69
2014-12-24,60.24
2014-12-25,59.845
2014-12-26,59.45
2014-12-27,58.665000000000006
2014-12-28,58.665000000000006
2014-12-29,57.88
2014-12-30,57.9
2014-12-31,57.33
2015-01-01,56.875
2015-01-02,56.42
2015-01-03,54.765
2015-01-04,54.765
2015-01-05,53.11
2015-01-06,51.1
2015-01-07,51.15
2015-01-08,50.96
2015-01-09,50.11
2015-01-10,48.769999999999996
2015-01-11,48.769999999999996
2015-01-12,47.43
2015-01-13,46.59
2015-01-14,48.69
2015-01-15,47.67
2015-01-16,50.17
2015-01-17,49.505
2015-01-18,49.505
2015-01-19,48.84
2015-01-20,47.99
2015-01-21,49.03
2015-01-22,48.52
2015-01-23,48.79
2015-01-24,48.474999999999994
2015-01-25,48.474999999999994
2015-01-26,48.16
2015-01-27,49.6
2015-01-28,48.47
2015-01-29,49.13
2015-01-30,52.99
2015-01-31,53.870000000000005
2015-02-01,53.870000000000005
2015-02-02,54.75
2015-02-03,57.91
2015-02-04,54.16
2015-02-05,56.57
2015-02-06,57.8
2015-02-07,58.07
2015-02-08,58.07
2015-02-09,58.34
2015-02-10,56.43
2015-02-11,54.66
2015-02-12,57.05
2015-02-13,61.52
2015-02-14,61.46
2015-02-15,61.46
2015-02-16,61.4
2015-02-17,62.53
2015-02-18,60.53
2015-02-19,60.21
2015-02-20,60.22
2015-02-21,59.56
2015-02-22,59.56
2015-02-23,58.9
2015-02-24,58.66
2015-02-25,61.63
2015-02-26,60.05
2015-02-27,62.58
2015-02-28,61.06
2015-03-01,61.06
2015-03-02,59.54
2015-03-03,61.02
2015-03-04,60.55
2015-03-05,60.48
2015-03-06,59.73
2015-03-07,59.129999999999995
2015-03-08,59.129999999999995
2015-03-09,58.53
2015-03-10,56.39
2015-03-11,57.54
2015-03-12,57.08
2015-03-13,54.67
2015-03-14,54.055
2015-03-15,54.055
2015-03-16,53.44
2015-03-17,53.51
2015-03-18,55.91
2015-03-19,54.43
2015-03-20,55.32
2015-03-21,55.620000000000005
2015-03-22,55.620000000000005
2015-03-23,55.92
2015-03-24,55.11
2015-03-25,56.48
2015-03-26,59.19
2015-03-27,56.41
2015-03-28,56.349999999999994
2015-03-29,56.349999999999994
2015-03-30,56.29
2015-03-31,55.11
2015-04-01,57.1
2015-04-02,54.95
2015-04-03,56.535
2015-04-04,56.535
2015-04-05,56.535
2015-04-06,58.12
2015-04-07,59.1
2015-04-08,55.55
2015-04-09,56.57
2015-04-10,57.87
2015-04-11,57.9
2015-04-12,57.9
2015-04-13,57.93
2015-04-14,58.43
2015-04-15,60.32
2015-04-16,63.98
2015-04-17,63.45
2015-04-18,63.45
2015-04-19,63.45
2015-04-20,63.45
2015-04-21,62.08
2015-04-22,62.73
2015-04-23,64.85
2015-04-24,65.28
2015-04-25,65.055
2015-04-26,65.055
2015-04-27,64.83
2015-04-28,64.64
2015-04-29,65.84
2015-04-30,66.78
2015-05-01,66.46
2015-05-02,66.455
2015-05-03,66.455
2015-05-04,66.45
2015-05-05,67.52
2015-05-06,67.77
2015-05-07,65.54
2015-05-08,65.39
2015-05-09,65.15
2015-05-10,65.15
2015-05-11,64.91
2015-05-12,66.86
2015-05-13,66.81
2015-05-14,66.59
2015-05-15,66.81
2015-05-16,66.53999999999999
2015-05-17,66.53999999999999
2015-05-18,66.27
2015-05-19,64.02
2015-05-20,65.03
2015-05-21,66.54
2015-05-22,65.37
2015-05-23,65.445
2015-05-24,65.445
2015-05-25,65.52
2015-05-26,63.72
2015-05-27,62.06
2015-05-28,62.58
2015-05-29,65.56
2015-05-30,65.22
2015-05-31,65.22
2015-06-01,64.88
2015-06-02,65.49
2015-06-03,63.8
2015-06-04,62.03
2015-06-05,63.31
2015-06-06,63.0
2015-06-07,63.0
2015-06-08,62.69
2015-06-09,64.88
2015-06-10,65.7
2015-06-11,65.11
2015-06-12,63.87
2015-06-13,63.239999999999995
2015-06-14,63.239999999999995
2015-06-15,62.61
2015-06-16,63.7
2015-06-17,63.87
2015-06-18,64.26
2015-06-19,63.02
2015-06-20,63.18000000000001
2015-06-21,63.18000000000001
2015-06-22,63.34
2015-06-23,64.45
2015-06-24,63.49
2015-06-25,63.2
2015-06-26,63.26
2015-06-27,62.635
2015-06-28,62.635
2015-06-29,62.01
2015-06-30,63.59
2015-07-01,62.01
2015-07-02,62.07
2015-07-03,60.32
2015-07-04,58.43
2015-07-05,58.43
2015-07-06,56.54
2015-07-07,56.85
2015-07-08,57.05
2015-07-09,58.61
2015-07-10,58.73
2015-07-11,58.29
2015-07-12,58.29
2015-07-13,57.85
2015-07-14,58.51
2015-07-15,57.05
2015-07-16,57.51
2015-07-17,57.1
2015-07-18,56.875
2015-07-19,56.875
2015-07-20,56.65
2015-07-21,57.04
2015-07-22,56.13
2015-07-23,55.27
2015-07-24,54.62
2015-07-25,54.045
2015-07-26,54.045
2015-07-27,53.47
2015-07-28,53.3
2015-07-29,53.38
2015-07-30,53.31
2015-07-31,52.21
2015-08-01,50.865
2015-08-02,50.865
2015-08-03,49.52
2015-08-04,49.99
2015-08-05,49.59
2015-08-06,49.52
2015-08-07,48.61
2015-08-08,49.51
2015-08-09,49.51
2015-08-10,50.41
2015-08-11,49.18
2015-08-12,49.66
2015-08-13,49.22
2015-08-14,49.03
2015-08-15,48.885000000000005
2015-08-16,48.885000000000005
2015-08-17,48.74
2015-08-18,48.81
2015-08-19,47.16
2015-08-20,46.62
2015-08-21,45.46
2015-08-22,44.075
2015-08-23,44.075
2015-08-24,42.69
2015-08-25,43.21
2015-08-26,43.14
2015-08-27,47.56
2015-08-28,50.05
2015-08-29,52.099999999999994
2015-08-30,52.099999999999994
2015-08-31,54.15
2015-09-01,49.56
2015-09-02,50.5
2015-09-03,50.68
2015-09-04,49.61
2015-09-05,48.620000000000005
2015-09-06,48.620000000000005
2015-09-07,47.63
2015-09-08,49.52
2015-09-09,47.58
2015-09-10,48.89
2015-09-11,48.14
2015-09-12,47.254999999999995
2015-09-13,47.254999999999995
2015-09-14,46.37
2015-09-15,46.63
2015-09-16,49.75
2015-09-17,49.08
2015-09-18,47.47
2015-09-19,48.195
2015-09-20,48.195
2015-09-21,48.92
2015-09-22,49.08
2015-09-23,47.75
2015-09-24,48.17
2015-09-25,48.6
2015-09-26,47.97
2015-09-27,47.97
2015-09-28,47.34
2015-09-29,48.23
2015-09-30,48.37
2015-10-01,47.69
2015-10-02,48.13
2015-10-03,48.69
2015-10-04,48.69
2015-10-05,49.25
2015-10-06,51.92
2015-10-07,51.33
2015-10-08,53.05
2015-10-09,52.65
2015-10-10,51.254999999999995
2015-10-11,51.254999999999995
2015-10-12,49.86
2015-10-13,49.24
2015-10-14,49.15
2015-10-15,48.71
2015-10-16,50.46
2015-10-17,49.535
2015-10-18,49.535
2015-10-19,48.61
2015-10-20,48.71
2015-10-21,47.85
2015-10-22,48.08
2015-10-23,47.99
2015-10-24,47.765
2015-10-25,47.765
2015-10-26,47.54
2015-10-27,46.81
2015-10-28,49.05
2015-10-29,48.8
2015-10-30,49.56
2015-10-31,49.175
2015-11-01,49.175
2015-11-02,48.79
2015-11-03,50.54
2015-11-04,48.58
2015-11-05,47.98
2015-11-06,47.42
2015-11-07,47.305
2015-11-08,47.305
2015-11-09,47.19
2015-11-10,47.44
2015-11-11,45.81
2015-11-12,44.06
2015-11-13,43.61
2015-11-14,44.085
2015-11-15,44.085
2015-11-16,44.56
2015-11-17,43.57
2015-11-18,44.14
2015-11-19,44.18
2015-11-20,44.66
2015-11-21,44.745
2015-11-22,44.745
2015-11-23,44.83
2015-11-24,46.12
2015-11-25,46.17
2015-11-26,45.46
2015-11-27,44.86
2015-11-28,44.735
2015-11-29,44.735
2015-11-30,44.61
2015-12-01,44.44
2015-12-02,42.49
2015-12-03,43.84
2015-12-04,43.0
2015-12-05,41.864999999999995
2015-12-06,41.864999999999995
2015-12-07,40.73
2015-12-08,40.26
2015-12-09,40.11
2015-12-10,39.73
2015-12-11,37.93
2015-12-12,37.925
2015-12-13,37.925
2015-12-14,37.92
2015-12-15,38.45
2015-12-16,37.19
2015-12-17,37.06
2015-12-18,36.88
2015-12-19,36.615
2015-12-20,36.615
2015-12-21,36.35
2015-12-22,36.11
2015-12-23,37.36
2015-12-24,37.89
2015-12-25,37.254999999999995
2015-12-26,37.254999999999995
2015-12-27,37.254999999999995
2015-12-28,36.62
2015-12-29,37.79
2015-12-30,36.46
2015-12-31,37.28
2016-01-01,37.25
2016-01-02,37.25
2016-01-03,37.25
2016-01-04,37.22
2016-01-05,36.42
2016-01-06,34.23
2016-01-07,33.75
2016-01-08,33.55
2016-01-09,32.55
2016-01-10,32.55
2016-01-11,31.55
2016-01-12,30.86
2016-01-13,30.31
2016-01-14,31.03
2016-01-15,28.94
2016-01-16,28.745
2016-01-17,28.745
2016-01-18,28.55
2016-01-19,28.76
2016-01-20,27.88
2016-01-21,29.25
2016-01-22,32.18
2016-01-23,31.34
2016-01-24,31.34
2016-01-25,30.5
2016-01-26,31.8
2016-01-27,33.1
2016-01-28,33.89
2016-01-29,34.74
2016-01-30,34.49
2016-01-31,34.49
2016-02-01,34.24
2016-02-02,32.72
2016-02-03,35.04
2016-02-04,34.46
2016-02-05,34.06
2016-02-06,33.47
2016-02-07,33.47
2016-02-08,32.88
2016-02-09,30.32
2016-02-10,30.84
2016-02-11,30.06
2016-02-12,33.36
2016-02-13,33.375
2016-02-14,33.375
2016-02-15,33.39
2016-02-16,32.18
2016-02-17,34.5
2016-02-18,34.28
2016-02-19,33.01
2016-02-20,33.849999999999994
2016-02-21,33.849999999999994
2016-02-22,34.69
2016-02-23,33.27
2016-02-24,34.41
2016-02-25,35.29
2016-02-26,35.1
2016-02-27,35.535
2016-02-28,35.535
2016-02-29,35.97
2016-03-01,36.81
2016-03-02,36.93
2016-03-03,37.07
2016-03-04,38.72
2016-03-05,39.78
2016-03-06,39.78
2016-03-07,40.84
2016-03-08,39.65
2016-03-09,41.07
2016-03-10,40.05
2016-03-11,40.39
2016-03-12,39.96
2016-03-13,39.96
2016-03-14,39.53
2016-03-15,38.74
2016-03-16,40.33
2016-03-17,41.54
2016-03-18,41.2
2016-03-19,41.370000000000005
2016-03-20,41.370000000000005
2016-03-21,41.54
2016-03-22,41.79
2016-03-23,40.47
2016-03-24,40.44
2016-03-25,40.355000000000004
2016-03-26,40.355000000000004
2016-03-27,40.355000000000004
2016-03-28,40.27
2016-03-29,39.14
2016-03-30,39.26
2016-03-31,39.6
2016-04-01,38.67
2016-04-02,38.18
2016-04-03,38.18
2016-04-04,37.69
2016-04-05,37.87
2016-04-06,39.84
2016-04-07,39.43
2016-04-08,41.94
2016-04-09,42.385
2016-04-10,42.385
2016-04-11,42.83
2016-04-12,44.69
2016-04-13,44.18
2016-04-14,43.84
2016-04-15,43.1
2016-04-16,43.004999999999995
2016-04-17,43.004999999999995
2016-04-18,42.91
2016-04-19,44.03
2016-04-20,45.8
2016-04-21,44.53
2016-04-22,45.11
2016-04-23,44.795
2016-04-24,44.795
2016-04-25,44.48
2016-04-26,45.74
2016-04-27,47.18
2016-04-28,48.14
2016-04-29,48.13
2016-04-30,46.980000000000004
2016-05-01,46.980000000000004
2016-05-02,45.83
2016-05-03,44.97
2016-05-04,44.62
2016-05-05,45.01
2016-05-06,45.37
2016-05-07,44.5
2016-05-08,44.5
2016-05-09,43.63
2016-05-10,45.52
2016-05-11,47.6
2016-05-12,48.08
2016-05-13,47.83
2016-05-14,48.4
2016-05-15,48.4
2016-05-16,48.97
2016-05-17,49.28
2016-05-18,48.93
2016-05-19,48.81
2016-05-20,48.72
2016-05-21,48.535
2016-05-22,48.535
2016-05-23,48.35
2016-05-24,48.61
2016-05-25,49.74
2016-05-26,49.59
2016-05-27,49.32
2016-05-28,49.54
2016-05-29,49.54
2016-05-30,49.76
2016-05-31,49.69
2016-06-01,49.72
2016-06-02,50.04
2016-06-03,49.64
2016-06-04,50.095
2016-06-05,50.095
2016-06-06,50.55
2016-06-07,51.44
2016-06-08,52.51
2016-06-09,51.95
2016-06-10,50.54
2016-06-11,50.445
2016-06-12,50.445
2016-06-13,50.35
2016-06-14,49.83
2016-06-15,48.97
2016-06-16,47.19
2016-06-17,49.17
2016-06-18,49.91
2016-06-19,49.91
2016-06-20,50.65
2016-06-21,50.62
2016-06-22,49.88
2016-06-23,50.91
2016-06-24,48.41
2016-06-25,47.785
2016-06-26,47.785
2016-06-27,47.16
2016-06-28,48.58
2016-06-29,50.61
2016-06-30,49.68
2016-07-01,50.35
2016-07-02,50.225
2016-07-03,50.225
2016-07-04,50.1
2016-07-05,47.96
2016-07-06,48.8
2016-07-07,46.4
2016-07-08,46.76
2016-07-09,46.504999999999995
2016-07-10,46.504999999999995
2016-07-11,46.25
2016-07-12,48.47
2016-07-13,46.26
2016-07-14,47.37
2016-07-15,47.61
2016-07-16,47.285
2016-07-17,47.285
2016-07-18,46.96
2016-07-19,46.66
2016-07-20,47.17
2016-07-21,46.2
2016-07-22,45.69
2016-07-23,45.205
2016-07-24,45.205
2016-07-25,44.72
2016-07-26,44.87
2016-07-27,43.47
2016-07-28,42.7
2016-07-29,42.46
2016-07-30,42.3
2016-07-31,42.3
2016-08-01,42.14
2016-08-02,41.8
2016-08-03,43.1
2016-08-04,44.29
2016-08-05,44.27
2016-08-06,44.83
2016-08-07,44.83
2016-08-08,45.39
2016-08-09,44.98
2016-08-10,44.05
2016-08-11,46.04
2016-08-12,46.97
2016-08-13,47.66
2016-08-14,47.66
2016-08-15,48.35
2016-08-16,49.23
2016-08-17,49.85
2016-08-18,50.89
2016-08-19,50.88
2016-08-20,50.019999999999996
2016-08-21,50.019999999999996
2016-08-22,49.16
2016-08-23,49.96
2016-08-24,49.05
2016-08-25,49.67
2016-08-26,49.92
2016-08-27,49.59
2016-08-28,49.59
2016-08-29,49.26
2016-08-30,48.37
2016-08-31,47.04
2016-09-01,45.45
2016-09-02,46.83
2016-09-03,47.230000000000004
2016-09-04,47.230000000000004
2016-09-05,47.63
2016-09-06,47.26
2016-09-07,47.98
2016-09-08,49.99
2016-09-09,48.01
2016-09-10,48.165
2016-09-11,48.165
2016-09-12,48.32
2016-09-13,47.1
2016-09-14,45.85
2016-09-15,46.59
2016-09-16,45.77
2016-09-17,45.86
2016-09-18,45.86
2016-09-19,45.95
2016-09-20,45.88
2016-09-21,46.83
2016-09-22,47.65
2016-09-23,45.89
2016-09-24,46.620000000000005
2016-09-25,46.620000000000005
2016-09-26,47.35
2016-09-27,45.97
2016-09-28,48.69
2016-09-29,49.24
2016-09-30,49.06
2016-10-01,49.975
2016-10-02,49.975
2016-10-03,50.89
2016-10-04,50.87
2016-10-05,51.86
2016-10-06,52.51
2016-10-07,51.93
2016-10-08,52.535
2016-10-09,52.535
2016-10-10,53.14
2016-10-11,52.41
2016-10-12,51.81
2016-10-13,52.03
2016-10-14,51.95
2016-10-15,51.735
2016-10-16,51.735
2016-10-17,51.52
2016-10-18,51.68
2016-10-19,52.67
2016-10-20,51.38
2016-10-21,51.78
2016-10-22,51.620000000000005
2016-10-23,51.620000000000005
2016-10-24,51.46
2016-10-25,50.79
2016-10-26,49.98
2016-10-27,50.47
2016-10-28,49.71
2016-10-29,49.004999999999995
2016-10-30,49.004999999999995
2016-10-31,48.3
2016-11-01,48.14
2016-11-02,46.86
2016-11-03,46.35
2016-11-04,45.58
2016-11-05,45.864999999999995
2016-11-06,45.864999999999995
2016-11-07,46.15
2016-11-08,46.04
2016-11-09,46.36
2016-11-10,45.84
2016-11-11,44.75
2016-11-12,44.59
2016-11-13,44.59
2016-11-14,44.43
2016-11-15,46.95
2016-11-16,46.63
2016-11-17,46.49
2016-11-18,46.86
2016-11-19,47.879999999999995
2016-11-20,47.879999999999995
2016-11-21,48.9
2016-11-22,49.12
2016-11-23,48.95
2016-11-24,49.0
2016-11-25,47.24
2016-11-26,47.74
2016-11-27,47.74
2016-11-28,48.24
2016-11-29,46.38
2016-11-30,50.47
2016-12-01,53.94
2016-12-02,54.46
2016-12-03,54.7
2016-12-04,54.7
2016-12-05,54.94
2016-12-06,53.93
2016-12-07,53.0
2016-12-08,53.89
2016-12-09,54.33
2016-12-10,55.01
2016-12-11,55.01
2016-12-12,55.69
2016-12-13,55.72
2016-12-14,53.9
2016-12-15,54.02
2016-12-16,55.21
2016-12-17,55.065
2016-12-18,55.065
2016-12-19,54.92
2016-12-20,55.35
2016-12-21,54.46
2016-12-22,55.05
2016-12-23,55.16
2016-12-24,55.625
2016-12-25,55.625
2016-12-26,55.625
2016-12-27,56.09
2016-12-28,56.22
2016-12-29,56.14
2016-12-30,56.82
2016-12-31,56.82
2017-01-01,56.82
2017-01-02,56.82
2017-01-03,55.47
2017-01-04,56.46
2017-01-05,56.89
2017-01-06,57.1
2017-01-07,56.019999999999996
2017-01-08,56.019999999999996
2017-01-09,54.94
2017-01-10,53.64
2017-01-11,55.1
2017-01-12,56.01
2017-01-13,55.45
2017-01-14,55.655
2017-01-15,55.655
2017-01-16,55.86
2017-01-17,55.47
2017-01-18,53.92
2017-01-19,54.16
2017-01-20,55.49
2017-01-21,55.36
2017-01-22,55.36
2017-01-23,55.23
2017-01-24,55.44
2017-01-25,55.08
2017-01-26,56.24
2017-01-27,55.52
2017-01-28,55.375
2017-01-29,55.375
2017-01-30,55.23
2017-01-31,55.7
2017-02-01,56.8
2017-02-02,56.56
2017-02-03,56.81
2017-02-04,56.265
2017-02-05,56.265
2017-02-06,55.72
2017-02-07,55.05
2017-02-08,55.12
2017-02-09,55.63
2017-02-10,56.7
2017-02-11,56.145
2017-02-12,56.145
2017-02-13,55.59
2017-02-14,55.97
2017-02-15,55.75
2017-02-16,55.65
2017-02-17,55.81
2017-02-18,55.995000000000005
2017-02-19,55.995000000000005
2017-02-20,56.18
2017-02-21,56.66
2017-02-22,55.84
2017-02-23,56.58
2017-02-24,55.99
2017-02-25,55.96
2017-02-26,55.96
2017-02-27,55.93
2017-02-28,55.59
2017-03-01,56.36
2017-03-02,55.08
2017-03-03,55.9
2017-03-04,55.955
2017-03-05,55.955
2017-03-06,56.01
2017-03-07,55.92
2017-03-08,53.11
2017-03-09,52.19
2017-03-10,51.37
2017-03-11,51.36
2017-03-12,51.36
2017-03-13,51.35
2017-03-14,50.92
2017-03-15,51.81
2017-03-16,51.74
2017-03-17,51.76
2017-03-18,51.69
2017-03-19,51.69
2017-03-20,51.62
2017-03-21,50.96
2017-03-22,50.64
2017-03-23,50.56
2017-03-24,50.8
2017-03-25,50.775
2017-03-26,50.775
2017-03-27,50.75
2017-03-28,51.33
2017-03-29,52.42
2017-03-30,52.96
2017-03-31,52.83
2017-04-01,52.974999999999994
2017-04-02,52.974999999999994
2017-04-03,53.12
2017-04-04,54.17
2017-04-05,54.36
2017-04-06,54.89
2017-04-07,55.24
2017-04-08,55.61
2017-04-09,55.61
2017-04-10,55.98
2017-04-11,56.23
2017-04-12,55.86
2017-04-13,55.89
2017-04-14,55.625
2017-04-15,55.625
2017-04-16,55.625
2017-04-17,55.36
2017-04-18,54.89
2017-04-19,52.93
2017-04-20,52.99
2017-04-21,51.96
2017-04-22,51.78
2017-04-23,51.78
2017-04-24,51.6
2017-04-25,52.1
2017-04-26,51.82
2017-04-27,51.44
2017-04-28,51.73
2017-04-29,51.625
2017-04-30,51.625
2017-05-01,51.52
2017-05-02,50.46
2017-05-03,50.79
2017-05-04,48.38
2017-05-05,49.1
2017-05-06,49.22
2017-05-07,49.22
2017-05-08,49.34
2017-05-09,48.73
2017-05-10,50.22
2017-05-11,50.77
2017-05-12,50.84
2017-05-13,51.33
2017-05-14,51.33
2017-05-15,51.82
2017-05-16,51.65
2017-05-17,52.21
2017-05-18,52.51
2017-05-19,53.61
2017-05-20,53.739999999999995
2017-05-21,53.739999999999995
2017-05-22,53.87
2017-05-23,54.15
2017-05-24,53.96
2017-05-25,51.46
2017-05-26,52.15
2017-05-27,52.22
2017-05-28,52.22
2017-05-29,52.29
2017-05-30,51.84
2017-05-31,50.31
2017-06-01,50.63
2017-06-02,49.95
2017-06-03,49.71
2017-06-04,49.71
2017-06-05,49.47
2017-06-06,50.12
2017-06-07,48.06
2017-06-08,47.86
2017-06-09,48.15
2017-06-10,48.22
2017-06-11,48.22
2017-06-12,48.29
2017-06-13,48.72
2017-06-14,47.0
2017-06-15,46.92
2017-06-16,47.37
2017-06-17,47.14
2017-06-18,47.14
2017-06-19,46.91
2017-06-20,46.02
2017-06-21,44.82
2017-06-22,45.22
2017-06-23,45.54
2017-06-24,45.685
2017-06-25,45.685
2017-06-26,45.83
2017-06-27,46.65
2017-06-28,47.31
2017-06-29,47.42
2017-06-30,47.92
2017-07-01,48.8
2017-07-02,48.8
2017-07-03,49.68
2017-07-04,49.61
2017-07-05,47.79
2017-07-06,48.11
2017-07-07,46.71
2017-07-08,46.795
2017-07-09,46.795
2017-07-10,46.88
2017-07-11,47.52
2017-07-12,47.74
2017-07-13,48.42
2017-07-14,48.91
2017-07-15,48.665
2017-07-16,48.665
2017-07-17,48.42
2017-07-18,48.84
2017-07-19,49.7
2017-07-20,49.3
2017-07-21,48.06
2017-07-22,48.33
2017-07-23,48.33
2017-07-24,48.6
2017-07-25,50.2
2017-07-26,50.97
2017-07-27,51.49
2017-07-28,52.52
2017-07-29,52.585
2017-07-30,52.585
2017-07-31,52.65
2017-08-01,51.78
2017-08-02,52.36
2017-08-03,52.01
2017-08-04,52.42
2017-08-05,52.394999999999996
2017-08-06,52.394999999999996
2017-08-07,52.37
2017-08-08,52.14
2017-08-09,52.7
2017-08-10,51.9
2017-08-11,52.1
2017-08-12,51.415
2017-08-13,51.415
2017-08-14,50.73
2017-08-15,50.8
2017-08-16,50.27
2017-08-17,51.03
2017-08-18,52.72
2017-08-19,52.19
2017-08-20,52.19
2017-08-21,51.66
2017-08-22,51.87
2017-08-23,52.57
2017-08-24,52.04
2017-08-25,52.41
2017-08-26,52.15
2017-08-27,52.15
2017-08-28,51.89
2017-08-29,52.0
2017-08-30,50.86
2017-08-31,52.38
2017-09-01,52.75
2017-09-02,52.545
2017-09-03,52.545
2017-09-04,52.34
2017-09-05,53.38
2017-09-06,54.2
2017-09-07,54.49
2017-09-08,53.78
2017-09-09,53.81
2017-09-10,53.81
2017-09-11,53.84
2017-09-12,54.27
2017-09-13,55.16
2017-09-14,55.47
2017-09-15,55.62
2017-09-16,55.55
2017-09-17,55.55
2017-09-18,55.48
2017-09-19,55.14
2017-09-20,56.29
2017-09-21,56.43
2017-09-22,56.86
2017-09-23,57.94
2017-09-24,57.94
2017-09-25,59.02
2017-09-26,58.44
2017-09-27,57.9
2017-09-28,57.41
2017-09-29,57.54
2017-09-30,56.83
2017-10-01,56.83
2017-10-02,56.12
2017-10-03,56.0
2017-10-04,55.8
2017-10-05,57.0
2017-10-06,55.62
2017-10-07,55.705
2017-10-08,55.705
2017-10-09,55.79
2017-10-10,56.61
2017-10-11,56.94
2017-10-12,56.25
2017-10-13,57.17
2017-10-14,57.495000000000005
2017-10-15,57.495000000000005
2017-10-16,57.82
2017-10-17,57.88
2017-10-18,58.15
2017-10-19,57.23
2017-10-20,57.75
2017-10-21,57.56
2017-10-22,57.56
2017-10-23,57.37
2017-10-24,58.33
2017-10-25,58.44
2017-10-26,59.3
2017-10-27,60.44
2017-10-28,60.67
2017-10-29,60.67
2017-10-30,60.9
2017-10-31,61.37
2017-11-01,60.49
2017-11-02,60.62
2017-11-03,62.07
2017-11-04,63.17
2017-11-05,63.17
2017-11-06,64.27
2017-11-07,63.69
2017-11-08,63.49
2017-11-09,63.93
2017-11-10,63.52
2017-11-11,63.34
2017-11-12,63.34
2017-11-13,63.16
2017-11-14,62.21
2017-11-15,61.87
2017-11-16,61.36
2017-11-17,62.72
2017-11-18,62.47
2017-11-19,62.47
2017-11-20,62.22
2017-11-21,62.57
2017-11-22,63.32
2017-11-23,63.55
2017-11-24,63.86
2017-11-25,63.85
2017-11-26,63.85
2017-11-27,63.84
2017-11-28,63.61
2017-11-29,63.11
2017-11-30,63.57
2017-12-01,63.73
2017-12-02,63.09
2017-12-03,63.09
2017-12-04,62.45
2017-12-05,62.86
2017-12-06,61.22
2017-12-07,62.2
2017-12-08,63.4
2017-12-09,64.045
2017-12-10,64.045
2017-12-11,64.69
2017-12-12,63.34
2017-12-13,62.44
2017-12-14,63.31
2017-12-15,63.23
2017-12-16,63.31999999999999
2017-12-17,63.31999999999999
2017-12-18,63.41
2017-12-19,63.8
2017-12-20,64.56
2017-12-21,64.9
2017-12-22,65.25
2017-12-23,66.13499999999999
2017-12-24,66.13499999999999
2017-12-25,66.13499999999999
2017-12-26,67.02
2017-12-27,66.44
2017-12-28,66.72
2017-12-29,66.87
2017-12-30,66.72
2017-12-31,66.72
2018-01-01,66.72
2018-01-02,66.57
2018-01-03,67.84
2018-01-04,68.07
2018-01-05,67.62
2018-01-06,67.7
2018-01-07,67.7
2018-01-08,67.78
2018-01-09,68.82
2018-01-10,69.2
2018-01-11,69.26
2018-01-12,69.87
2018-01-13,70.065
2018-01-14,70.065
2018-01-15,70.26
2018-01-16,69.15
2018-01-17,69.38
2018-01-18,69.31
2018-01-19,68.61
2018-01-20,68.82
2018-01-21,68.82
2018-01-22,69.03
2018-01-23,69.96
2018-01-24,70.53
2018-01-25,70.42
2018-01-26,70.52
2018-01-27,69.99
2018-01-28,69.99
2018-01-29,69.46
2018-01-30,69.02
2018-01-31,69.05
2018-02-01,69.65
2018-02-02,68.58
2018-02-03,68.1
2018-02-04,68.1
2018-02-05,67.62
2018-02-06,66.86
2018-02-07,65.51
2018-02-08,64.81
2018-02-09,62.79
2018-02-10,62.69
2018-02-11,62.69
2018-02-12,62.59
2018-02-13,62.72
2018-02-14,64.36
2018-02-15,64.33
2018-02-16,64.84
2018-02-17,65.255
2018-02-18,65.255
2018-02-19,65.67
2018-02-20,65.25
2018-02-21,65.42
2018-02-22,66.39
2018-02-23,67.31
2018-02-24,67.405
2018-02-25,67.405
2018-02-26,67.5
2018-02-27,66.63
2018-02-28,65.78
2018-03-01,63.83
2018-03-02,64.37
2018-03-03,64.95500000000001
2018-03-04,64.95500000000001
2018-03-05,65.54
2018-03-06,65.79
2018-03-07,64.34
2018-03-08,63.61
2018-03-09,65.49
2018-03-10,65.22
2018-03-11,65.22
2018-03-12,64.95
2018-03-13,64.64
2018-03-14,64.89
2018-03-15,65.12
2018-03-16,66.21
2018-03-17,66.13
2018-03-18,66.13
2018-03-19,66.05
2018-03-20,67.42
2018-03-21,69.47
2018-03-22,68.91
2018-03-23,70.45
2018-03-24,70.285
2018-03-25,70.285
2018-03-26,70.12
2018-03-27,70.11
2018-03-28,69.53
2018-03-29,70.27
2018-03-30,68.955
2018-03-31,68.955
2018-04-01,68.955
2018-04-02,67.64
2018-04-03,68.12
2018-04-04,68.02
2018-04-05,68.33
2018-04-06,67.11
2018-04-07,67.88
2018-04-08,67.88
2018-04-09,68.65
2018-04-10,71.04
2018-04-11,72.06
2018-04-12,72.02
2018-04-13,72.58
2018-04-14,72.0
2018-04-15,72.0
2018-04-16,71.42
2018-04-17,71.58
2018-04-18,73.48
2018-04-19,73.78
2018-04-20,74.06
2018-04-21,74.38499999999999
2018-04-22,74.38499999999999
2018-04-23,74.71
2018-04-24,73.86
2018-04-25,74.0
2018-04-26,74.74
2018-04-27,74.64
2018-04-28,74.905
2018-04-29,74.905
2018-04-30,75.17
2018-05-01,73.13
2018-05-02,73.36
2018-05-03,73.62
2018-05-04,74.87
2018-05-05,75.52000000000001
2018-05-06,75.52000000000001
2018-05-07,76.17
2018-05-08,74.85
2018-05-09,77.21
2018-05-10,77.47
2018-05-11,77.12
2018-05-12,77.67500000000001
2018-05-13,77.67500000000001
2018-05-14,78.23
2018-05-15,78.43
2018-05-16,79.28
2018-05-17,79.3
2018-05-18,78.51
2018-05-19,78.86500000000001
2018-05-20,78.86500000000001
2018-05-21,79.22
2018-05-22,79.57
2018-05-23,79.8
2018-05-24,78.79
2018-05-25,76.44
2018-05-26,75.87
2018-05-27,75.87
2018-05-28,75.3
2018-05-29,75.39
2018-05-30,77.5
2018-05-31,77.59
2018-06-01,76.79
2018-06-02,76.04
2018-06-03,76.04
2018-06-04,75.29
2018-06-05,75.38
2018-06-06,75.36
2018-06-07,77.32
2018-06-08,76.46
2018-06-09,76.46
2018-06-10,76.46
2018-06-11,76.46
2018-06-12,75.88
2018-06-13,76.74
2018-06-14,75.94
2018-06-15,73.44
2018-06-16,74.39
2018-06-17,74.39
2018-06-18,75.34
2018-06-19,75.08
2018-06-20,74.74
2018-06-21,73.05
2018-06-22,75.55
2018-06-23,75.14
2018-06-24,75.14
2018-06-25,74.73
2018-06-26,76.31
2018-06-27,77.62
2018-06-28,77.85
2018-06-29,79.44
2018-06-30,78.37
2018-07-01,78.37
2018-07-02,77.3
2018-07-03,77.76
2018-07-04,78.24
2018-07-05,77.39
2018-07-06,77.11
2018-07-07,77.59
2018-07-08,77.59
2018-07-09,78.07
2018-07-10,78.86
2018-07-11,73.4
2018-07-12,74.45
2018-07-13,75.33
2018-07-14,73.58500000000001
2018-07-15,73.58500000000001
2018-07-16,71.84
2018-07-17,72.16
2018-07-18,72.9
2018-07-19,72.58
2018-07-20,73.07
2018-07-21,73.065
2018-07-22,73.065
2018-07-23,73.06
2018-07-24,73.44
2018-07-25,73.93
2018-07-26,74.54
2018-07-27,74.29
2018-07-28,74.63
2018-07-29,74.63
2018-07-30,74.97
2018-07-31,74.25
2018-08-01,72.39
2018-08-02,73.45
2018-08-03,73.21
2018-08-04,73.47999999999999
2018-08-05,73.47999999999999
2018-08-06,73.75
2018-08-07,74.65
2018-08-08,72.28
2018-08-09,72.07
2018-08-10,72.81
2018-08-11,72.71000000000001
2018-08-12,72.71000000000001
2018-08-13,72.61
2018-08-14,72.46
2018-08-15,70.76
2018-08-16,71.43
2018-08-17,71.83
2018-08-18,72.02
2018-08-19,72.02
2018-08-20,72.21
2018-08-21,72.63
2018-08-22,74.78
2018-08-23,74.73
2018-08-24,75.82
2018-08-25,76.01499999999999
2018-08-26,76.01499999999999
2018-08-27,76.21
2018-08-28,75.95
2018-08-29,77.14
2018-08-30,77.77
2018-08-31,77.42
2018-09-01,77.785
2018-09-02,77.785
2018-09-03,78.15
2018-09-04,78.17
2018-09-05,77.27
2018-09-06,76.5
2018-09-07,76.83
2018-09-08,77.1
2018-09-09,77.1
2018-09-10,77.37
2018-09-11,79.06
2018-09-12,79.74
2018-09-13,78.18
2018-09-14,78.09
2018-09-15,78.07
2018-09-16,78.07
2018-09-17,78.05
2018-09-18,79.03
2018-09-19,79.4
2018-09-20,78.7
2018-09-21,78.8
2018-09-22,80.0
2018-09-23,80.0
2018-09-24,81.2
2018-09-25,81.87
2018-09-26,81.34
2018-09-27,81.72
2018-09-28,82.72
2018-09-29,83.85
2018-09-30,83.85
2018-10-01,84.98
2018-10-02,84.8
2018-10-03,86.29
2018-10-04,84.58
2018-10-05,84.16
2018-10-06,84.035
2018-10-07,84.035
2018-10-08,83.91
2018-10-09,85.0
2018-10-10,83.09
2018-10-11,80.26
2018-10-12,80.43
2018-10-13,80.605
2018-10-14,80.605
2018-10-15,80.78
2018-10-16,81.41
2018-10-17,80.05
2018-10-18,79.29
2018-10-19,79.78
2018-10-20,79.805
2018-10-21,79.805
2018-10-22,79.83
2018-10-23,76.44
2018-10-24,76.17
2018-10-25,76.89
2018-10-26,77.62
2018-10-27,77.48
2018-10-28,77.48
2018-10-29,77.34
2018-10-30,75.91
2018-10-31,75.47
2018-11-01,72.89
2018-11-02,72.83
2018-11-03,73.0
2018-11-04,73.0
2018-11-05,73.17
2018-11-06,72.13
2018-11-07,72.07
2018-11-08,70.65
2018-11-09,70.18
2018-11-10,70.15
2018-11-11,70.15
2018-11-12,70.12
2018-11-13,65.47
2018-11-14,66.12
2018-11-15,66.62
2018-11-16,66.76
2018-11-17,66.775
2018-11-18,66.775
2018-11-19,66.79
2018-11-20,62.53
2018-11-21,63.48
2018-11-22,62.6
2018-11-23,58.8
2018-11-24,59.64
2018-11-25,59.64
2018-11-26,60.48
2018-11-27,60.21
2018-11-28,58.76
2018-11-29,59.51
2018-11-30,58.71
2018-12-01,60.2
2018-12-02,60.2
2018-12-03,61.69
2018-12-04,62.08
2018-12-05,61.56
2018-12-06,60.06
2018-12-07,61.67
2018-12-08,60.82
2018-12-09,60.82
2018-12-10,59.97
2018-12-11,60.2
2018-12-12,60.15
2018-12-13,61.45
2018-12-14,60.28
2018-12-15,59.945
2018-12-16,59.945
2018-12-17,59.61
2018-12-18,56.26
2018-12-19,57.24
2018-12-20,54.35
2018-12-21,53.82
2018-12-22,52.144999999999996
2018-12-23,52.144999999999996
2018-12-24,50.47
2018-12-25,52.47
2018-12-26,54.47
2018-12-27,52.16
2018-12-28,52.2
2018-12-29,53.0
2018-12-30,53.0
2018-12-31,53.8
2019-01-01,54.355
2019-01-02,54.91
2019-01-03,55.95
2019-01-04,57.06
2019-01-05,57.195
2019-01-06,57.195
2019-01-07,57.33
2019-01-08,58.72
2019-01-09,61.44
2019-01-10,61.68
2019-01-11,60.48
2019-01-12,59.735
2019-01-13,59.735
2019-01-14,58.99
2019-01-15,60.64
2019-01-16,61.32
2019-01-17,61.18
2019-01-18,62.7
2019-01-19,62.72
2019-01-20,62.72
2019-01-21,62.74
2019-01-22,61.5
2019-01-23,61.14
2019-01-24,61.09
2019-01-25,61.64
2019-01-26,60.785
2019-01-27,60.785
2019-01-28,59.93
2019-01-29,61.32
2019-01-30,61.65
2019-01-31,61.89
2019-02-01,62.75
2019-02-02,62.629999999999995
2019-02-03,62.629999999999995
2019-02-04,62.51
2019-02-05,61.98
2019-02-06,62.69
2019-02-07,61.63
2019-02-08,62.1
2019-02-09,61.805
2019-02-10,61.805
2019-02-11,61.51
2019-02-12,62.42
2019-02-13,63.61
2019-02-14,64.57
2019-02-15,66.25
2019-02-16,66.375
2019-02-17,66.375
2019-02-18,66.5
2019-02-19,66.45
2019-02-20,67.08
2019-02-21,67.07
2019-02-22,67.12
2019-02-23,65.94
2019-02-24,65.94
2019-02-25,64.76
2019-02-26,65.21
2019-02-27,66.39
2019-02-28,66.03
2019-03-01,65.07
2019-03-02,65.37
2019-03-03,65.37
2019-03-04,65.67
2019-03-05,65.86
2019-03-06,65.99
2019-03-07,66.3
2019-03-08,65.74
2019-03-09,66.16
2019-03-10,66.16
2019-03-11,66.58
2019-03-12,66.67
2019-03-13,67.55
2019-03-14,67.23
2019-03-15,67.16
2019-03-16,67.35
2019-03-17,67.35
2019-03-18,67.54
2019-03-19,67.61
2019-03-20,68.5
2019-03-21,67.86
2019-03-22,67.03
2019-03-23,67.12
2019-03-24,67.12
2019-03-25,67.21
2019-03-26,67.97
2019-03-27,67.83
2019-03-28,67.82
2019-03-29,68.39
2019-03-30,68.7
2019-03-31,68.7
2019-04-01,69.01
2019-04-02,69.37
2019-04-03,69.31
2019-04-04,69.4
2019-04-05,70.34
2019-04-06,70.72
2019-04-07,70.72
2019-04-08,71.1
2019-04-09,70.61
2019-04-10,71.73
2019-04-11,70.83
2019-04-12,71.55
2019-04-13,71.36500000000001
2019-04-14,71.36500000000001
2019-04-15,71.18
2019-04-16,71.72
2019-04-17,71.62
2019-04-18,71.97
2019-04-19,73.005
2019-04-20,73.005
2019-04-21,73.005
2019-04-22,74.04
2019-04-23,74.51
2019-04-24,74.57
2019-04-25,74.35
2019-04-26,72.15
2019-04-27,72.095
2019-04-28,72.095
2019-04-29,72.04
2019-04-30,72.8
2019-05-01,72.18
2019-05-02,70.75
2019-05-03,70.85
2019-05-04,71.04499999999999
2019-05-05,71.04499999999999
2019-05-06,71.24
2019-05-07,69.88
2019-05-08,70.37
2019-05-09,70.39
2019-05-10,70.62
2019-05-11,70.42500000000001
2019-05-12,70.42500000000001
2019-05-13,70.23
2019-05-14,71.24
2019-05-15,71.77
2019-05-16,72.62
2019-05-17,72.21
2019-05-18,72.09
2019-05-19,72.09
2019-05-20,71.97
2019-05-21,72.18
2019-05-22,70.99
2019-05-23,67.76
2019-05-24,68.69
2019-05-25,69.4
2019-05-26,69.4
2019-05-27,70.11
2019-05-28,70.11
2019-05-29,69.45
2019-05-30,66.87
2019-05-31,64.49
2019-06-01,62.885
2019-06-02,62.885
2019-06-03,61.28
2019-06-04,61.97
2019-06-05,60.63
2019-06-06,61.67
2019-06-07,63.29
2019-06-08,62.79
2019-06-09,62.79
2019-06-10,62.29
2019-06-11,62.29
2019-06-12,59.97
2019-06-13,61.31
2019-06-14,62.01
2019-06-15,61.474999999999994
2019-06-16,61.474999999999994
2019-06-17,60.94
2019-06-18,62.14
2019-06-19,61.82
2019-06-20,64.45
2019-06-21,65.2
2019-06-22,65.03
2019-06-23,65.03
2019-06-24,64.86
2019-06-25,65.05
2019-06-26,66.49
2019-06-27,66.55
2019-06-28,66.55
2019-06-29,65.805
2019-06-30,65.805
2019-07-01,65.06
2019-07-02,62.4
2019-07-03,63.82
2019-07-04,63.3
2019-07-05,64.23
2019-07-06,64.17
2019-07-07,64.17
2019-07-08,64.11
2019-07-09,64.16
2019-07-10,67.01
2019-07-11,66.52
2019-07-12,66.72
2019-07-13,66.6
2019-07-14,66.6
2019-07-15,66.48
2019-07-16,64.35
2019-07-17,63.66
2019-07-18,61.93
2019-07-19,62.47
2019-07-20,62.864999999999995
2019-07-21,62.864999999999995
2019-07-22,63.26
2019-07-23,63.83
2019-07-24,63.18
2019-07-25,63.39
2019-07-26,63.46
2019-07-27,63.585
2019-07-28,63.585
2019-07-29,63.71
2019-07-30,64.72
2019-07-31,65.17
2019-08-01,60.5
2019-08-02,61.89
2019-08-03,60.85
2019-08-04,60.85
2019-08-05,59.81
2019-08-06,58.94
2019-08-07,56.23
2019-08-08,57.38
2019-08-09,58.53
2019-08-10,58.55
2019-08-11,58.55
2019-08-12,58.57
2019-08-13,61.3
2019-08-14,59.48
2019-08-15,58.23
2019-08-16,58.64
2019-08-17,59.19
2019-08-18,59.19
2019-08-19,59.74
2019-08-20,60.03
2019-08-21,60.3
2019-08-22,59.92
2019-08-23,59.34
2019-08-24,59.02
2019-08-25,59.02
2019-08-26,58.7
2019-08-27,59.51
2019-08-28,60.49
2019-08-29,61.08
2019-08-30,60.43
2019-08-31,59.545
2019-09-01,59.545
2019-09-02,58.66
2019-09-03,58.26
2019-09-04,60.7
2019-09-05,60.95
2019-09-06,61.54
2019-09-07,62.065
2019-09-08,62.065
2019-09-09,62.59
2019-09-10,62.38
2019-09-11,60.81
2019-09-12,60.38
2019-09-13,60.22
2019-09-14,64.62
2019-09-15,64.62
2019-09-16,69.02
2019-09-17,64.55
2019-09-18,63.6
2019-09-19,64.4
2019-09-20,64.28
2019-09-21,64.525
2019-09-22,64.525
2019-09-23,64.77
2019-09-24,63.1
2019-09-25,62.39
2019-09-26,62.74
2019-09-27,61.91
2019-09-28,61.345
2019-09-29,61.345
2019-09-30,60.78
2019-10-01,58.89
2019-10-02,57.69
2019-10-03,57.71
2019-10-04,58.37
2019-10-05,58.36
2019-10-06,58.36
2019-10-07,58.35
2019-10-08,58.24
2019-10-09,58.32
2019-10-10,59.1
2019-10-11,60.51
2019-10-12,59.93
2019-10-13,59.93
2019-10-14,59.35
2019-10-15,58.74
2019-10-16,59.42
2019-10-17,59.91
2019-10-18,59.42
2019-10-19,59.19
2019-10-20,59.19
2019-10-21,58.96
2019-10-22,59.7
2019-10-23,61.17
2019-10-24,61.67
2019-10-25,62.02
2019-10-26,61.795
2019-10-27,61.795
2019-10-28,61.57
2019-10-29,61.59
2019-10-30,60.61
2019-10-31,60.23
2019-11-01,61.69
2019-11-02,61.91
2019-11-03,61.91
2019-11-04,62.13
2019-11-05,62.96
2019-11-06,61.74
2019-11-07,62.29
2019-11-08,62.51
2019-11-09,62.345
2019-11-10,62.345
2019-11-11,62.18
2019-11-12,62.06
2019-11-13,62.37
2019-11-14,62.28
2019-11-15,63.3
2019-11-16,62.87
2019-11-17,62.87
2019-11-18,62.44
2019-11-19,60.91
2019-11-20,62.4
2019-11-21,63.97
2019-11-22,63.39
2019-11-23,63.519999999999996
2019-11-24,63.519999999999996
2019-11-25,63.65
2019-11-26,64.27
2019-11-27,64.06
2019-11-28,63.87
2019-11-29,62.43
2019-11-30,61.675
2019-12-01,61.675
2019-12-02,60.92
2019-12-03,60.82
2019-12-04,63.0
2019-12-05,63.39
2019-12-06,64.39
2019-12-07,64.32
2019-12-08,64.32
2019-12-09,64.25
2019-12-10,64.34
2019-12-11,63.72
2019-12-12,64.2
2019-12-13,65.22
2019-12-14,65.28
2019-12-15,65.28
2019-12-16,65.34
2019-12-17,66.1
2019-12-18,66.17
2019-12-19,66.54
2019-12-20,66.14
2019-12-21,66.265
2019-12-22,66.265
2019-12-23,66.39
2019-12-24,67.2
2019-12-25,67.56
2019-12-26,67.92
2019-12-27,68.16
2019-12-28,68.3
2019-12-29,68.3
2019-12-30,68.44
2019-12-31,66.0
2020-01-01,66.125
2020-01-02,66.25
2020-01-03,68.6
2020-01-04,68.755
2020-01-05,68.755
2020-01-06,68.91
2020-01-07,68.27
2020-01-08,65.44
2020-01-09,65.37
2020-01-10,64.98
2020-01-11,64.59
2020-01-12,64.59
2020-01-13,64.2
2020-01-14,64.49
2020-01-15,64.0
2020-01-16,64.62
2020-01-17,64.85
2020-01-18,65.025
2020-01-19,65.025
2020-01-20,65.2
2020-01-21,64.59
2020-01-22,63.21
2020-01-23,62.04
2020-01-24,60.69
2020-01-25,60.004999999999995
2020-01-26,60.004999999999995
2020-01-27,59.32
2020-01-28,59.51
2020-01-29,59.81
2020-01-30,58.29
2020-01-31,58.16
2020-02-01,56.305
2020-02-02,56.305
2020-02-03,54.45
2020-02-04,53.96
2020-02-05,55.28
2020-02-06,54.93
2020-02-07,54.47
2020-02-08,53.870000000000005
2020-02-09,53.870000000000005
2020-02-10,53.27
2020-02-11,54.01
2020-02-12,55.79
2020-02-13,56.34
2020-02-14,57.32
2020-02-15,57.495000000000005
2020-02-16,57.495000000000005
2020-02-17,57.67
2020-02-18,57.75
2020-02-19,59.12
2020-02-20,59.31
2020-02-21,58.5
2020-02-22,57.4
2020-02-23,57.4
2020-02-24,56.3
2020-02-25,54.95
2020-02-26,53.43
2020-02-27,52.18
2020-02-28,50.52
2020-02-29,50.865
2020-03-01,51.21
2020-03-02,51.9
2020-03-03,51.86
2020-03-04,51.13
2020-03-05,49.99
2020-03-06,45.27
2020-03-07,39.815
2020-03-08,39.815
2020-03-09,34.36
2020-03-10,37.22
2020-03-11,35.79
2020-03-12,33.22
2020-03-13,33.85
2020-03-14,31.950000000000003
2020-03-15,31.950000000000003
2020-03-16,30.05
2020-03-17,28.73
2020-03-18,24.88
2020-03-19,28.47
2020-03-20,26.98
2020-03-21,27.005000000000003
2020-03-22,27.005000000000003
2020-03-23,27.03
2020-03-24,27.15
2020-03-25,27.39
2020-03-26,26.34
2020-03-27,24.93
2020-03-28,23.845
2020-03-29,23.845
2020-03-30,22.76
2020-03-31,22.74
2020-04-01,24.74
2020-04-02,29.94
2020-04-03,34.11
2020-04-04,33.58
2020-04-05,33.58
2020-04-06,33.05
2020-04-07,31.87
2020-04-08,32.84
2020-04-09,31.48
2020-04-10,31.61
2020-04-11,31.61
2020-04-12,31.61
2020-04-13,31.74
2020-04-14,29.6
2020-04-15,27.69
2020-04-16,27.82
2020-04-17,28.08
2020-04-18,26.825
2020-04-19,26.825
2020-04-20,25.57
2020-04-21,19.33
2020-04-22,20.37
2020-04-23,21.33
2020-04-24,21.44
2020-04-25,20.715
2020-04-26,20.715
2020-04-27,19.99
2020-04-28,20.46
2020-04-29,22.54
2020-04-30,25.27
2020-05-01,26.44
2020-05-02,26.82
2020-05-03,26.82
2020-05-04,27.2
2020-05-05,30.97
2020-05-06,29.72
2020-05-07,29.46
2020-05-08,30.97
2020-05-09,30.299999999999997
2020-05-10,30.299999999999997
2020-05-11,29.63
2020-05-12,29.98
2020-05-13,29.19
2020-05-14,31.13
2020-05-15,32.5
2020-05-16,33.655
2020-05-17,33.655
2020-05-18,34.81
2020-05-19,34.65
2020-05-20,35.75
2020-05-21,36.06
2020-05-22,35.13
2020-05-23,35.33
2020-05-24,35.33
2020-05-25,35.53
2020-05-26,36.17
2020-05-27,34.74
2020-05-28,35.29
2020-05-29,35.33
2020-05-30,36.825
2020-05-31,36.825
2020-06-01,38.32
2020-06-02,39.57
2020-06-03,39.79
2020-06-04,39.99
2020-06-05,42.3
2020-06-06,41.55
2020-06-07,41.55
2020-06-08,40.8
2020-06-09,41.18
2020-06-10,41.73
2020-06-11,38.55
2020-06-12,38.73
2020-06-13,39.224999999999994
2020-06-14,39.224999999999994
2020-06-15,39.72
2020-06-16,40.96
2020-06-17,40.71
2020-06-18,41.51
2020-06-19,42.19
2020-06-20,42.635
2020-06-21,42.635
2020-06-22,43.08
2020-06-23,42.63
2020-06-24,40.31
2020-06-25,41.05
2020-06-26,41.02
2020-06-27,41.365
2020-06-28,41.365
2020-06-29,41.71
2020-06-30,41.15
2020-07-01,42.03
2020-07-02,43.14
2020-07-03,42.8
2020-07-04,42.95
2020-07-05,42.95
2020-07-06,43.1
2020-07-07,43.08
2020-07-08,43.29
2020-07-09,42.35
2020-07-10,43.24
2020-07-11,42.980000000000004
2020-07-12,42.980000000000004
2020-07-13,42.72
2020-07-14,42.9
2020-07-15,43.79
2020-07-16,43.37
2020-07-17,43.14
2020-07-18,43.21
2020-07-19,43.21
2020-07-20,43.28
2020-07-21,44.32
2020-07-22,44.29
2020-07-23,43.31
2020-07-24,43.34
2020-07-25,43.375
2020-07-26,43.375
2020-07-27,43.41
2020-07-28,43.22
2020-07-29,43.75
2020-07-30,42.94
2020-07-31,43.3
2020-08-01,43.724999999999994
2020-08-02,43.724999999999994
2020-08-03,44.15
2020-08-04,44.43
2020-08-05,45.17
2020-08-06,45.09
2020-08-07,44.4
2020-08-08,44.695
2020-08-09,44.695
2020-08-10,44.99
2020-08-11,44.5
2020-08-12,45.43
2020-08-13,44.96
2020-08-14,44.8
2020-08-15,45.084999999999994
2020-08-16,45.084999999999994
2020-08-17,45.37
2020-08-18,45.46
2020-08-19,45.37
2020-08-20,44.9
2020-08-21,44.35
2020-08-22,44.74
2020-08-23,44.74
2020-08-24,45.13
2020-08-25,45.86
2020-08-26,45.64
2020-08-27,45.09
2020-08-28,45.05
2020-08-29,45.165
2020-08-30,45.165
2020-08-31,45.28
2020-09-01,45.58
2020-09-02,44.43
2020-09-03,44.07
2020-09-04,42.66
2020-09-05,42.334999999999994
2020-09-06,42.334999999999994
2020-09-07,42.01
2020-09-08,39.78
2020-09-09,40.79
2020-09-10,40.06
2020-09-11,39.83
2020-09-12,39.72
2020-09-13,39.72
2020-09-14,39.61
2020-09-15,40.53
2020-09-16,42.22
2020-09-17,43.3
2020-09-18,43.15
2020-09-19,42.295
2020-09-20,42.295
2020-09-21,41.44
2020-09-22,41.72
2020-09-23,41.77
2020-09-24,41.94
2020-09-25,41.92
2020-09-26,42.175
2020-09-27,42.175
2020-09-28,42.43
2020-09-29,41.03
2020-09-30,40.95
2020-10-01,40.93
2020-10-02,39.27
2020-10-03,40.28
2020-10-04,40.28
2020-10-05,41.29
2020-10-06,42.65
2020-10-07,41.99
2020-10-08,43.34
2020-10-09,42.85
2020-10-10,42.285
2020-10-11,42.285
2020-10-12,41.72
2020-10-13,42.45
2020-10-14,43.32
2020-10-15,43.16
2020-10-16,42.93
2020-10-17,42.775
2020-10-18,42.775
2020-10-19,42.62
2020-10-20,43.16
2020-10-21,41.73
2020-10-22,42.46
2020-10-23,41.77
2020-10-24,41.115
2020-10-25,41.115
2020-10-26,40.46
2020-10-27,41.2
2020-10-28,39.12
2020-10-29,37.65
2020-10-30,37.46
2020-10-31,38.215
2020-11-01,38.215
2020-11-02,38.97
2020-11-03,39.71
2020-11-04,41.23
2020-11-05,40.93
2020-11-06,39.45
2020-11-07,40.925
2020-11-08,40.925
2020-11-09,42.4
2020-11-10,43.61
2020-11-11,43.8
2020-11-12,43.53
2020-11-13,42.78
2020-11-14,43.3
2020-11-15,43.3
2020-11-16,43.82
2020-11-17,43.75
2020-11-18,44.34
2020-11-19,44.2
2020-11-20,44.96
2020-11-21,45.510000000000005
2020-11-22,45.510000000000005
2020-11-23,46.06
2020-11-24,47.86
2020-11-25,48.61
2020-11-26,47.8
2020-11-27,48.18
2020-11-28,47.885000000000005
2020-11-29,47.885000000000005
2020-11-30,47.59
2020-12-01,47.42
2020-12-02,48.25
2020-12-03,48.71
2020-12-04,49.25
2020-12-05,49.019999999999996
2020-12-06,49.019999999999996
2020-12-07,48.79
2020-12-08,48.84
2020-12-09,48.86
2020-12-10,50.25
2020-12-11,49.97
2020-12-12,50.129999999999995
2020-12-13,50.129999999999995
2020-12-14,50.29
2020-12-15,50.76
2020-12-16,51.08
2020-12-17,51.5
2020-12-18,52.26
2020-12-19,51.584999999999994
2020-12-20,51.584999999999994
2020-12-21,50.91
2020-12-22,50.08
2020-12-23,51.2
2020-12-24,51.29
2020-12-25,51.075
2020-12-26,51.075
2020-12-27,51.075
2020-12-28,50.86
2020-12-29,51.09
2020-12-30,51.34
2020-12-31,51.8
2021-01-01,51.445
2021-01-02,51.445
2021-01-03,51.445
2021-01-04,51.09
2021-01-05,53.6
2021-01-06,54.3
2021-01-07,54.38
2021-01-08,55.99
2021-01-09,55.825
2021-01-10,55.825
2021-01-11,55.66
2021-01-12,56.58
2021-01-13,56.06
2021-01-14,56.42
2021-01-15,55.1
2021-01-16,54.925
2021-01-17,54.925
2021-01-18,54.75
2021-01-19,55.9
2021-01-20,56.08
2021-01-21,56.1
2021-01-22,55.41
2021-01-23,55.644999999999996
2021-01-24,55.644999999999996
2021-01-25,55.88
2021-01-26,55.91
2021-01-27,55.81
2021-01-28,55.53
2021-01-29,55.88
2021-01-30,56.115
2021-01-31,56.115
2021-02-01,56.35
2021-02-02,57.46
2021-02-03,58.46
2021-02-04,58.84
2021-02-05,59.34
2021-02-06,59.95
2021-02-07,59.95
2021-02-08,60.56
2021-02-09,61.09
2021-02-10,61.47
2021-02-11,61.14
2021-02-12,62.43
2021-02-13,62.864999999999995
2021-02-14,62.864999999999995
2021-02-15,63.3
2021-02-16,63.35
2021-02-17,64.34
2021-02-18,63.93
2021-02-19,62.91
2021-02-20,64.07499999999999
2021-02-21,64.07499999999999
2021-02-22,65.24
2021-02-23,65.37
2021-02-24,67.04
2021-02-25,66.88
2021-02-26,66.13
2021-02-27,64.91
2021-02-28,64.91
2021-03-01,63.69
2021-03-02,62.7
2021-03-03,64.07
2021-03-04,66.74
2021-03-05,69.36
2021-03-06,68.8
2021-03-07,68.8
2021-03-08,68.24
2021-03-09,67.52
2021-03-10,67.9
2021-03-11,69.63
2021-03-12,69.22
2021-03-13,69.05
2021-03-14,69.05
2021-03-15,68.88
2021-03-16,68.39
2021-03-17,68.0
2021-03-18,63.28
2021-03-19,64.53
2021-03-20,64.575
2021-03-21,64.575
2021-03-22,64.62
2021-03-23,60.79
2021-03-24,64.41
2021-03-25,61.95
2021-03-26,64.57
2021-03-27,64.775
2021-03-28,64.775
2021-03-29,64.98
2021-03-30,64.14
2021-03-31,63.54
2021-04-01,64.86
2021-04-02,63.504999999999995
2021-04-03,63.504999999999995
2021-04-04,63.504999999999995
2021-04-05,62.15
2021-04-06,62.74
2021-04-07,63.16
2021-04-08,63.2
2021-04-09,62.95
2021-04-10,63.115
2021-04-11,63.115
2021-04-12,63.28
2021-04-13,63.67
2021-04-14,66.58
2021-04-15,66.94
2021-04-16,66.77
2021-04-17,66.91
2021-04-18,66.91
2021-04-19,67.05
2021-04-20,66.57
2021-04-21,65.32
2021-04-22,65.4
2021-04-23,66.11
2021-04-24,65.88
2021-04-25,65.88
2021-04-26,65.65
2021-04-27,66.42
2021-04-28,67.27
2021-04-29,68.56
2021-04-30,67.25
2021-05-01,67.405
2021-05-02,67.405
2021-05-03,67.56
2021-05-04,68.88
2021-05-05,68.96
2021-05-06,68.09
2021-05-07,68.28
2021-05-08,68.3
2021-05-09,68.3
2021-05-10,68.32
2021-05-11,68.55
2021-05-12,69.32
2021-05-13,67.05
2021-05-14,68.71
2021-05-15,69.085
2021-05-16,69.085
2021-05-17,69.46
2021-05-18,68.71
2021-05-19,66.66
2021-05-20,65.11
2021-05-21,66.44
2021-05-22,67.44999999999999
2021-05-23,67.44999999999999
2021-05-24,68.46
2021-05-25,68.65
2021-05-26,68.87
2021-05-27,69.46
2021-05-28,69.63
2021-05-29,69.475
2021-05-30,69.475
2021-05-31,69.32
2021-06-01,70.25
2021-06-02,71.35
2021-06-03,71.31
2021-06-04,71.89
2021-06-05,71.69
2021-06-06,71.69
2021-06-07,71.49
2021-06-08,72.22
2021-06-09,72.22
2021-06-10,72.52
2021-06-11,72.69
2021-06-12,72.775
2021-06-13,72.775
2021-06-14,72.86
2021-06-15,73.99
2021-06-16,74.39
2021-06-17,73.08
2021-06-18,73.51
2021-06-19,74.20500000000001
2021-06-20,74.20500000000001
2021-06-21,74.9
2021-06-22,74.81
2021-06-23,75.19
2021-06-24,75.56
2021-06-25,76.18
2021-06-26,75.43
2021-06-27,75.43
2021-06-28,74.68
2021-06-29,74.76
2021-06-30,75.13
2021-07-01,75.84
2021-07-02,76.17
2021-07-03,76.66499999999999
2021-07-04,76.66499999999999
2021-07-05,77.16
2021-07-06,74.53
2021-07-07,73.43
2021-07-08,74.12
2021-07-09,75.55
2021-07-10,75.35499999999999
2021-07-11,75.35499999999999
2021-07-12,75.16
2021-07-13,76.49
2021-07-14,74.76
2021-07-15,73.47
2021-07-16,73.59
2021-07-17,71.105
2021-07-18,71.105
2021-07-19,68.62
2021-07-20,69.35
2021-07-21,72.23
2021-07-22,73.79
2021-07-23,74.1
2021-07-24,74.3
2021-07-25,74.3
2021-07-26,74.5
2021-07-27,74.48
2021-07-28,74.74
2021-07-29,76.05
2021-07-30,76.33
2021-07-31,74.61
2021-08-01,74.61
2021-08-02,72.89
2021-08-03,72.41
2021-08-04,70.38
2021-08-05,71.29
2021-08-06,70.7
2021-08-07,69.87
2021-08-08,69.87
2021-08-09,69.04
2021-08-10,70.63
2021-08-11,71.44
2021-08-12,71.31
2021-08-13,70.59
2021-08-14,70.05000000000001
2021-08-15,70.05000000000001
2021-08-16,69.51
2021-08-17,69.03
2021-08-18,68.23
2021-08-19,66.45
2021-08-20,65.18
2021-08-21,66.965
2021-08-22,66.965
2021-08-23,68.75
2021-08-24,71.05
2021-08-25,72.25
2021-08-26,71.07
2021-08-27,72.7
2021-08-28,73.055
2021-08-29,73.055
2021-08-30,73.41
2021-08-31,72.99
2021-09-01,71.59
2021-09-02,73.03
2021-09-03,72.61
2021-09-04,72.41499999999999
2021-09-05,72.41499999999999
2021-09-06,72.22
2021-09-07,71.69
2021-09-08,72.6
2021-09-09,71.45
2021-09-10,72.92
2021-09-11,73.215
2021-09-12,73.215
2021-09-13,73.51
2021-09-14,73.6
2021-09-15,75.46
2021-09-16,75.67
2021-09-17,75.34
2021-09-18,74.63
2021-09-19,74.63
2021-09-20,73.92
2021-09-21,74.36
2021-09-22,76.19
2021-09-23,77.25
2021-09-24,78.09
2021-09-25,78.81
2021-09-26,78.81
2021-09-27,79.53
2021-09-28,79.09
2021-09-29,78.64
2021-09-30,78.52
2021-10-01,79.28
2021-10-02,80.27000000000001
2021-10-03,80.27000000000001
2021-10-04,81.26
2021-10-05,82.56
2021-10-06,81.08
2021-10-07,81.95
2021-10-08,82.39
2021-10-09,83.02000000000001
2021-10-10,83.02000000000001
2021-10-11,83.65
2021-10-12,83.42
2021-10-13,83.18
2021-10-14,84.0
2021-10-15,84.86
2021-10-16,84.595
2021-10-17,84.595
2021-10-18,84.33
2021-10-19,85.08
2021-10-20,85.82
2021-10-21,84.61
2021-10-22,85.53
2021-10-23,85.75999999999999
2021-10-24,85.75999999999999
2021-10-25,85.99
2021-10-26,86.4
2021-10-27,84.58
2021-10-28,84.32
2021-10-29,84.38
2021-10-30,84.54499999999999
2021-10-31,84.54499999999999
2021-11-01,84.71
2021-11-02,84.72
2021-11-03,81.99
2021-11-04,80.54
2021-11-05,82.74
2021-11-06,83.08500000000001
2021-11-07,83.08500000000001
2021-11-08,83.43
2021-11-09,84.78
2021-11-10,82.64
2021-11-11,82.87
2021-11-12,82.17
2021-11-13,82.11
2021-11-14,82.11
2021-11-15,82.05
2021-11-16,82.43
2021-11-17,80.28
2021-11-18,81.24
2021-11-19,78.89
2021-11-20,79.295
2021-11-21,79.295
2021-11-22,79.7
2021-11-23,82.31
2021-11-24,82.25
2021-11-25,82.22
2021-11-26,72.72
2021-11-27,73.08
2021-11-28,73.08
2021-11-29,73.44
2021-11-30,70.57
2021-12-01,68.87
2021-12-02,69.67
2021-12-03,69.88
2021-12-04,71.47999999999999
2021-12-05,71.47999999999999
2021-12-06,73.08
2021-12-07,75.44
2021-12-08,75.82
2021-12-09,74.42
2021-12-10,75.15
2021-12-11,74.77000000000001
2021-12-12,74.77000000000001
2021-12-13,74.39
2021-12-14,73.7
2021-12-15,73.88
2021-12-16,75.02
2021-12-17,73.52
2021-12-18,72.52
2021-12-19,72.52
2021-12-20,71.52
2021-12-21,73.98
2021-12-22,75.29
2021-12-23,76.85
2021-12-24,76.14
2021-12-25,77.37
2021-12-26,77.37
2021-12-27,78.6
2021-12-28,78.94
2021-12-29,79.23
2021-12-30,79.32
2021-12-31,77.78
2022-01-01,78.38
2022-01-02,78.38
2022-01-03,78.98
2022-01-04,80.0
2022-01-05,80.8
2022-01-06,81.99
2022-01-07,81.75
2022-01-08,81.31
2022-01-09,81.31
2022-01-10,80.87
2022-01-11,83.72
2022-01-12,84.67
2022-01-13,84.47
2022-01-14,86.06
2022-01-15,86.27000000000001
2022-01-16,86.27000000000001
2022-01-17,86.48
2022-01-18,87.51
2022-01-19,88.44
2022-01-20,88.38
2022-01-21,87.89
2022-01-22,87.08
2022-01-23,87.08
2022-01-24,86.27
2022-01-25,88.2
2022-01-26,88.74
2022-01-27,88.17
2022-01-28,90.03
2022-01-29,90.62
2022-01-30,90.62
2022-01-31,91.21
2022-02-01,89.16
2022-02-02,89.47
2022-02-03,91.11
2022-02-04,93.27
2022-02-05,92.97999999999999
2022-02-06,92.97999999999999
2022-02-07,92.69
2022-02-08,90.78
2022-02-09,91.55
2022-02-10,91.41
2022-02-11,94.44
2022-02-12,95.46000000000001
2022-02-13,95.46000000000001
2022-02-14,96.48
2022-02-15,93.28
2022-02-16,94.81
2022-02-17,92.97
2022-02-18,93.54
2022-02-19,94.465
2022-02-20,94.465
2022-02-21,95.39
2022-02-22,96.84
2022-02-23,96.84
2022-02-24,99.08
2022-02-25,97.93
2022-02-26,99.46000000000001
2022-02-27,99.46000000000001
2022-02-28,100.99
2022-03-01,104.97
2022-03-02,112.93
2022-03-03,110.46
2022-03-04,118.11
2022-03-05,120.66
2022-03-06,120.66
2022-03-07,123.21
2022-03-08,127.98
2022-03-09,111.14
2022-03-10,109.33
2022-03-11,112.67
2022-03-12,109.785
2022-03-13,109.785
2022-03-14,106.9
2022-03-15,99.91
2022-03-16,98.02
2022-03-17,106.64
2022-03-18,107.93
2022-03-19,111.775
2022-03-20,111.775
2022-03-21,115.62
2022-03-22,115.48
2022-03-23,121.6
2022-03-24,119.03
2022-03-25,120.65
2022-03-26,116.565
2022-03-27,116.565
2022-03-28,112.48
2022-03-29,110.23
2022-03-30,113.45
2022-03-31,107.91
2022-04-01,104.39
2022-04-02,105.96000000000001
2022-04-03,105.96000000000001
2022-04-04,107.53
2022-04-05,106.64
2022-04-06,101.07
2022-04-07,100.58
2022-04-08,102.78
2022-04-09,100.63
2022-04-10,100.63
2022-04-11,98.48
2022-04-12,104.64
2022-04-13,108.78
2022-04-14,111.7
2022-04-15,112.43
2022-04-16,112.43
2022-04-17,112.43
2022-04-18,113.16
2022-04-19,107.25
2022-04-20,106.8
2022-04-21,108.33
2022-04-22,106.65
2022-04-23,105.605
2022-04-24,104.56
2022-04-25,102.29
2022-04-26,104.61
2022-04-27,104.95
2022-04-28,107.59
2022-04-29,109.34
2022-04-30,108.46000000000001
