Date,dow_jones_index
2012-07-04,9960.0
2012-07-05,9950.0
2012-07-06,9900.0
2012-07-07,9840.0
2012-07-08,9840.0
2012-07-09,9780.0
2012-07-10,9760.0
2012-07-11,9680.0
2012-07-12,9600.0
2012-07-13,9640.0
2012-07-14,9685.0
2012-07-15,9685.0
2012-07-16,9685.0
2012-07-17,9730.0
2012-07-18,9710.0
2012-07-19,9800.0
2012-07-20,9740.0
2012-07-21,9665.0
2012-07-22,9665.0
2012-07-23,9590.0
2012-07-24,9560.0
2012-07-25,9450.0
2012-07-26,9550.0
2012-07-27,9730.0
2012-07-28,9775.0
2012-07-29,9775.0
2012-07-30,9820.0
2012-07-31,9860.0
2012-08-01,9730.0
2012-08-02,9800.0
2012-08-03,9720.0
2012-08-04,9805.0
2012-08-05,9805.0
2012-08-06,9890.0
2012-08-07,9880.0
2012-08-08,9900.0
2012-08-09,9980.0
2012-08-10,9920.0
2012-08-11,9915.0
2012-08-12,9915.0
2012-08-13,9910.0
2012-08-14,9940.0
2012-08-15,9930.0
2012-08-16,10070.0
2012-08-17,10110.0
2012-08-18,10175.0
2012-08-19,10175.0
2012-08-20,10240.0
2012-08-21,10120.0
2012-08-22,10080.0
2012-08-23,10040.0
2012-08-24,9950.0
2012-08-25,9970.0
2012-08-26,9970.0
2012-08-27,9990.0
2012-08-28,9980.0
2012-08-29,9940.0
2012-08-30,9920.0
2012-08-31,9870.0
2012-09-01,9880.0
2012-09-02,9880.0
2012-09-03,9890.0
2012-09-04,9920.0
2012-09-05,9870.0
2012-09-06,9880.0
2012-09-07,10080.0
2012-09-08,10060.0
2012-09-09,10060.0
2012-09-10,10040.0
2012-09-11,10000.0
2012-09-12,10050.0
2012-09-13,10030.0
2012-09-14,10130.0
2012-09-15,10200.0
2012-09-16,10200.0
2012-09-17,10200.0
2012-09-18,10270.0
2012-09-19,10400.0
2012-09-20,10200.0
2012-09-21,10290.0
2012-09-22,10260.0
2012-09-23,10260.0
2012-09-24,10230.0
2012-09-25,10200.0
2012-09-26,10140.0
2012-09-27,10190.0
2012-09-28,10200.0
2012-09-29,10170.0
2012-09-30,10170.0
2012-10-01,10140.0
2012-10-02,10190.0
2012-10-03,10180.0
2012-10-04,10250.0
2012-10-05,10240.0
2012-10-06,10240.0
2012-10-07,10240.0
2012-10-08,10240.0
2012-10-09,10240.0
2012-10-10,10140.0
2012-10-11,10080.0
2012-10-12,10110.0
2012-10-13,10120.0
2012-10-14,10120.0
2012-10-15,10130.0
2012-10-16,10290.0
2012-10-17,10310.0
2012-10-18,10380.0
2012-10-19,10380.0
2012-10-20,10350.0
2012-10-21,10350.0
2012-10-22,10320.0
2012-10-23,10320.0
2012-10-24,10150.0
2012-10-25,10190.0
2012-10-26,10090.0
2012-10-27,10110.0
2012-10-28,10110.0
2012-10-29,10130.0
2012-10-30,10060.0
2012-10-31,10080.0
2012-11-01,10080.0
2012-11-02,10230.0
2012-11-03,10210.0
2012-11-04,10210.0
2012-11-05,10190.0
2012-11-06,10200.0
2012-11-07,10280.0
2012-11-08,10040.0
2012-11-09,9940.0
2012-11-10,9935.0
2012-11-11,9935.0
2012-11-12,9930.0
2012-11-13,9910.0
2012-11-14,9910.0
2012-11-15,9940.0
2012-11-16,10000.0
2012-11-17,10035.0
2012-11-18,10035.0
2012-11-19,10070.0
2012-11-20,10120.0
2012-11-21,10120.0
2012-11-22,10230.0
2012-11-23,10260.0
2012-11-24,10260.0
2012-11-25,10260.0
2012-11-26,10290.0
2012-11-27,10320.0
2012-11-28,10160.0
2012-11-29,10320.0
2012-11-30,10350.0
2012-12-01,10350.0
2012-12-02,10350.0
2012-12-03,10350.0
2012-12-04,10270.0
2012-12-05,10220.0
2012-12-06,10290.0
2012-12-07,10350.0
2012-12-08,10360.0
2012-12-09,10360.0
2012-12-10,10370.0
2012-12-11,10360.0
2012-12-12,10580.0
2012-12-13,10670.0
2012-12-14,10650.0
2012-12-15,10665.0
2012-12-16,10665.0
2012-12-17,10680.0
2012-12-18,10770.0
2012-12-19,10960.0
2012-12-20,10830.0
2012-12-21,10580.0
2012-12-22,10700.0
2012-12-23,10700.0
2012-12-24,10700.0
2012-12-25,10820.0
2012-12-26,10820.0
2012-12-27,10840.0
2012-12-28,10840.0
2012-12-29,11095.0
2012-12-30,11095.0
2012-12-31,11095.0
2013-01-01,11095.0
2013-01-02,11095.0
2013-01-03,11095.0
2013-01-04,11350.0
2013-01-05,11350.0
2013-01-06,11350.0
2013-01-07,11350.0
2013-01-08,11280.0
2013-01-09,11270.0
2013-01-10,11370.0
2013-01-11,11540.0
2013-01-12,11535.0
2013-01-13,11535.0
2013-01-14,11535.0
2013-01-15,11530.0
2013-01-16,11460.0
2013-01-17,11490.0
2013-01-18,11790.0
2013-01-19,11795.0
2013-01-20,11795.0
2013-01-21,11800.0
2013-01-22,11810.0
2013-01-23,11790.0
2013-01-24,11930.0
2013-01-25,12110.0
2013-01-26,12155.0
2013-01-27,12155.0
2013-01-28,12200.0
2013-01-29,12420.0
2013-01-30,12310.0
2013-01-31,12270.0
2013-02-01,12390.0
2013-02-02,12475.0
2013-02-03,12475.0
2013-02-04,12560.0
2013-02-05,12440.0
2013-02-06,12710.0
2013-02-07,12680.0
2013-02-08,12690.0
2013-02-09,12760.0
2013-02-10,12760.0
2013-02-11,12760.0
2013-02-12,12830.0
2013-02-13,12860.0
2013-02-14,12890.0
2013-02-15,12720.0
2013-02-16,12810.0
2013-02-17,12810.0
2013-02-18,12900.0
2013-02-19,12780.0
2013-02-20,12770.0
2013-02-21,12650.0
2013-02-22,12600.0
2013-02-23,12710.0
2013-02-24,12710.0
2013-02-25,12820.0
2013-02-26,12660.0
2013-02-27,12450.0
2013-02-28,12670.0
2013-03-01,12640.0
2013-03-02,12695.0
2013-03-03,12695.0
2013-03-04,12750.0
2013-03-05,12750.0
2013-03-06,12900.0
2013-03-07,13070.0
2013-03-08,13330.0
2013-03-09,13460.0
2013-03-10,13460.0
2013-03-11,13590.0
2013-03-12,13860.0
2013-03-13,13740.0
2013-03-14,13870.0
2013-03-15,14070.0
2013-03-16,13950.0
2013-03-17,13950.0
2013-03-18,13830.0
2013-03-19,13960.0
2013-03-20,14000.0
2013-03-21,14040.0
2013-03-22,13730.0
2013-03-23,13740.0
2013-03-24,13740.0
2013-03-25,13750.0
2013-03-26,13710.0
2013-03-27,13730.0
2013-03-28,13580.0
2013-03-29,13560.0
2013-03-30,13520.0
2013-03-31,13520.0
2013-04-01,13480.0
2013-04-02,13350.0
2013-04-03,13440.0
2013-04-04,13400.0
2013-04-05,13620.0
2013-04-06,13735.0
2013-04-07,13735.0
2013-04-08,13850.0
2013-04-09,14040.0
2013-04-10,14060.0
2013-04-11,14220.0
2013-04-12,14300.0
2013-04-13,14200.0
2013-04-14,14200.0
2013-04-15,14100.0
2013-04-16,13890.0
2013-04-17,13980.0
2013-04-18,13900.0
2013-04-19,13880.0
2013-04-20,13955.0
2013-04-21,13955.0
2013-04-22,14030.0
2013-04-23,13900.0
2013-04-24,14150.0
2013-04-25,14100.0
2013-04-26,14000.0
2013-04-27,14015.0
2013-04-28,14015.0
2013-04-29,14015.0
2013-04-30,14030.0
2013-05-01,13990.0
2013-05-02,13860.0
2013-05-03,14085.0
2013-05-04,14085.0
2013-05-05,14085.0
2013-05-06,14085.0
2013-05-07,14310.0
2013-05-08,14370.0
2013-05-09,14380.0
2013-05-10,14800.0
2013-05-11,14835.0
2013-05-12,14835.0
2013-05-13,14870.0
2013-05-14,14860.0
2013-05-15,15000.0
2013-05-16,15060.0
2013-05-17,15140.0
2013-05-18,15190.0
2013-05-19,15190.0
2013-05-20,15240.0
2013-05-21,15240.0
2013-05-22,15320.0
2013-05-23,15130.0
2013-05-24,15060.0
2013-05-25,14985.0
2013-05-26,14985.0
2013-05-27,14910.0
2013-05-28,15200.0
2013-05-29,15230.0
2013-05-30,14910.0
2013-05-31,14890.0
2013-06-01,14765.0
2013-06-02,14765.0
2013-06-03,14640.0
2013-06-04,14700.0
2013-06-05,14580.0
2013-06-06,14330.0
2013-06-07,14120.0
2013-06-08,14310.0
2013-06-09,14310.0
2013-06-10,14500.0
2013-06-11,14490.0
2013-06-12,14250.0
2013-06-13,13590.0
2013-06-14,13890.0
2013-06-15,13880.0
2013-06-16,13880.0
2013-06-17,13870.0
2013-06-18,13930.0
2013-06-19,14150.0
2013-06-20,14090.0
2013-06-21,14000.0
2013-06-22,13950.0
2013-06-23,13950.0
2013-06-24,13900.0
2013-06-25,13790.0
2013-06-26,13730.0
2013-06-27,14000.0
2013-06-28,14290.0
2013-06-29,14300.0
2013-06-30,14300.0
2013-07-01,14310.0
2013-07-02,14390.0
2013-07-03,14470.0
2013-07-04,14480.0
2013-07-05,14630.0
2013-07-06,14725.0
2013-07-07,14725.0
2013-07-08,14820.0
2013-07-09,15000.0
2013-07-10,14890.0
2013-07-11,14790.0
2013-07-12,14790.0
2013-07-13,14830.0
2013-07-14,14830.0
2013-07-15,14830.0
2013-07-16,14870.0
2013-07-17,14890.0
2013-07-18,14900.0
2013-07-19,14910.0
2013-07-20,14920.0
2013-07-21,14920.0
2013-07-22,14930.0
2013-07-23,14970.0
2013-07-24,14940.0
2013-07-25,14920.0
2013-07-26,14850.0
2013-07-27,14740.0
2013-07-28,14740.0
2013-07-29,14630.0
2013-07-30,14790.0
2013-07-31,14780.0
2013-08-01,14770.0
2013-08-02,15000.0
2013-08-03,14950.0
2013-08-04,14950.0
2013-08-05,14900.0
2013-08-06,14780.0
2013-08-07,14480.0
2013-08-08,14300.0
2013-08-09,14340.0
2013-08-10,14270.0
2013-08-11,14270.0
2013-08-12,14200.0
2013-08-13,14300.0
2013-08-14,14590.0
2013-08-15,14400.0
2013-08-16,14200.0
2013-08-17,14180.0
2013-08-18,14180.0
2013-08-19,14160.0
2013-08-20,14000.0
2013-08-21,14060.0
2013-08-22,13950.0
2013-08-23,14250.0
2013-08-24,14215.0
2013-08-25,14215.0
2013-08-26,14180.0
2013-08-27,14080.0
2013-08-28,13860.0
2013-08-29,13840.0
2013-08-30,13980.0
2013-08-31,14040.0
2013-09-01,14040.0
2013-09-02,14100.0
2013-09-03,14330.0
2013-09-04,14200.0
2013-09-05,14340.0
2013-09-06,14280.0
2013-09-07,14355.0
2013-09-08,14355.0
2013-09-09,14430.0
2013-09-10,14500.0
2013-09-11,14640.0
2013-09-12,14650.0
2013-09-13,14690.0
2013-09-14,14755.0
2013-09-15,14755.0
2013-09-16,14755.0
2013-09-17,14820.0
2013-09-18,14840.0
2013-09-19,14860.0
2013-09-20,14940.0
2013-09-21,14815.0
2013-09-22,14815.0
2013-09-23,14815.0
2013-09-24,14690.0
2013-09-25,14620.0
2013-09-26,14620.0
2013-09-27,14560.0
2013-09-28,14435.0
2013-09-29,14435.0
2013-09-30,14310.0
2013-10-01,14320.0
2013-10-02,14200.0
2013-10-03,14200.0
2013-10-04,14010.0
2013-10-05,13995.0
2013-10-06,13995.0
2013-10-07,13980.0
2013-10-08,13980.0
2013-10-09,13930.0
2013-10-10,14010.0
2013-10-11,14330.0
2013-10-12,14370.0
2013-10-13,14370.0
2013-10-14,14370.0
2013-10-15,14410.0
2013-10-16,14370.0
2013-10-17,14460.0
2013-10-18,14450.0
2013-10-19,14460.0
2013-10-20,14460.0
2013-10-21,14470.0
2013-10-22,14480.0
2013-10-23,14400.0
2013-10-24,14480.0
2013-10-25,14390.0
2013-10-26,14490.0
2013-10-27,14490.0
2013-10-28,14590.0
2013-10-29,14590.0
2013-10-30,14720.0
2013-10-31,14680.0
2013-11-01,14660.0
2013-11-02,14685.0
2013-11-03,14685.0
2013-11-04,14685.0
2013-11-05,14710.0
2013-11-06,14890.0
2013-11-07,14840.0
2013-11-08,14650.0
2013-11-09,14765.0
2013-11-10,14765.0
2013-11-11,14880.0
2013-11-12,14980.0
2013-11-13,14910.0
2013-11-14,15050.0
2013-11-15,15240.0
2013-11-16,15225.0
2013-11-17,15225.0
2013-11-18,15210.0
2013-11-19,15190.0
2013-11-20,15150.0
2013-11-21,15200.0
2013-11-22,15350.0
2013-11-23,15495.0
2013-11-24,15495.0
2013-11-25,15640.0
2013-11-26,15650.0
2013-11-27,15650.0
2013-11-28,15720.0
2013-11-29,15720.0
2013-11-30,15735.0
2013-12-01,15735.0
2013-12-02,15750.0
2013-12-03,15680.0
2013-12-04,15570.0
2013-12-05,15480.0
2013-12-06,15450.0
2013-12-07,15610.0
2013-12-08,15610.0
2013-12-09,15770.0
2013-12-10,15740.0
2013-12-11,15570.0
2013-12-12,15400.0
2013-12-13,15660.0
2013-12-14,15535.0
2013-12-15,15535.0
2013-12-16,15410.0
2013-12-17,15620.0
2013-12-18,15580.0
2013-12-19,15880.0
2013-12-20,15950.0
2013-12-21,15960.0
2013-12-22,15960.0
2013-12-23,15960.0
2013-12-24,15970.0
2013-12-25,16100.0
2013-12-26,16320.0
2013-12-27,16470.0
2013-12-28,16500.0
2013-12-29,16500.0
2013-12-30,16530.0
2013-12-31,16430.0
2014-01-01,16430.0
2014-01-02,16430.0
2014-01-03,16430.0
2014-01-04,16430.0
2014-01-05,16430.0
2014-01-06,16330.0
2014-01-07,16310.0
2014-01-08,16420.0
2014-01-09,16340.0
2014-01-10,16410.0
2014-01-11,16185.0
2014-01-12,16185.0
2014-01-13,16185.0
2014-01-14,15960.0
2014-01-15,16160.0
2014-01-16,16320.0
2014-01-17,16280.0
2014-01-18,16240.0
2014-01-19,16240.0
2014-01-20,16200.0
2014-01-21,16250.0
2014-01-22,16250.0
2014-01-23,16200.0
2014-01-24,15890.0
2014-01-25,15690.0
2014-01-26,15690.0
2014-01-27,15490.0
2014-01-28,15480.0
2014-01-29,15770.0
2014-01-30,15410.0
2014-01-31,15360.0
2014-02-01,15320.0
2014-02-02,15320.0
2014-02-03,15280.0
2014-02-04,14770.0
2014-02-05,14810.0
2014-02-06,14970.0
2014-02-07,15200.0
2014-02-08,15270.0
2014-02-09,15270.0
2014-02-10,15340.0
2014-02-11,15445.0
2014-02-12,15550.0
2014-02-13,15380.0
2014-02-14,15450.0
2014-02-15,15455.0
2014-02-16,15455.0
2014-02-17,15460.0
2014-02-18,15680.0
2014-02-19,15580.0
2014-02-20,15420.0
2014-02-21,15610.0
2014-02-22,15565.0
2014-02-23,15565.0
2014-02-24,15520.0
2014-02-25,15690.0
2014-02-26,15610.0
2014-02-27,15500.0
2014-02-28,15470.0
2014-03-01,15445.0
2014-03-02,15445.0
2014-03-03,15420.0
2014-03-04,15340.0
2014-03-05,15610.0
2014-03-06,15680.0
2014-03-07,15680.0
2014-03-08,15680.0
2014-03-09,15680.0
2014-03-10,15680.0
2014-03-11,15670.0
2014-03-12,15460.0
2014-03-13,15540.0
2014-03-14,15200.0
2014-03-15,15160.0
2014-03-16,15160.0
2014-03-17,15120.0
2014-03-18,15420.0
2014-03-19,15320.0
2014-03-20,15260.0
2014-03-21,15445.0
2014-03-22,15445.0
2014-03-23,15445.0
2014-03-24,15630.0
2014-03-25,15400.0
2014-03-26,15600.0
2014-03-27,15600.0
2014-03-28,15800.0
2014-03-29,15765.0
2014-03-30,15765.0
2014-03-31,15730.0
2014-04-01,15720.0
2014-04-02,15840.0
2014-04-03,15860.0
2014-04-04,15870.0
2014-04-05,15785.0
2014-04-06,15785.0
2014-04-07,15700.0
2014-04-08,15580.0
2014-04-09,15490.0
2014-04-10,15670.0
2014-04-11,15350.0
2014-04-12,15275.0
2014-04-13,15275.0
2014-04-14,15200.0
2014-04-15,15410.0
2014-04-16,15580.0
2014-04-17,15540.0
2014-04-18,15570.0
2014-04-19,15630.0
2014-04-20,15630.0
2014-04-21,15690.0
2014-04-22,15700.0
2014-04-23,15760.0
2014-04-24,15580.0
2014-04-25,15500.0
2014-04-26,15490.0
2014-04-27,15490.0
2014-04-28,15480.0
2014-04-29,15485.0
2014-04-30,15490.0
2014-05-01,15540.0
2014-05-02,15640.0
2014-05-03,15540.0
2014-05-04,15540.0
2014-05-05,15540.0
2014-05-06,15540.0
2014-05-07,15440.0
2014-05-08,15470.0
2014-05-09,15570.0
2014-05-10,15535.0
2014-05-11,15535.0
2014-05-12,15500.0
2014-05-13,15700.0
2014-05-14,15710.0
2014-05-15,15600.0
2014-05-16,15410.0
2014-05-17,15380.0
2014-05-18,15380.0
2014-05-19,15350.0
2014-05-20,15360.0
2014-05-21,15250.0
2014-05-22,15480.0
2014-05-23,15550.0
2014-05-24,15570.0
2014-05-25,15570.0
2014-05-26,15590.0
2014-05-27,15600.0
2014-05-28,15510.0
2014-05-29,15420.0
2014-05-30,15480.0
2014-05-31,15530.0
2014-06-01,15530.0
2014-06-02,15580.0
2014-06-03,15560.0
2014-06-04,15560.0
2014-06-05,15490.0
2014-06-06,15545.0
2014-06-07,15545.0
2014-06-08,15545.0
2014-06-09,15600.0
2014-06-10,15500.0
2014-06-11,15550.0
2014-06-12,15530.0
2014-06-13,15520.0
2014-06-14,15460.0
2014-06-15,15460.0
2014-06-16,15400.0
2014-06-17,15470.0
2014-06-18,15420.0
2014-06-19,15480.0
2014-06-20,15410.0
2014-06-21,15440.0
2014-06-22,15440.0
2014-06-23,15470.0
2014-06-24,15400.0
2014-06-25,15350.0
2014-06-26,15400.0
2014-06-27,15250.0
2014-06-28,15240.0
2014-06-29,15240.0
2014-06-30,15230.0
2014-07-01,15280.0
2014-07-02,15300.0
2014-07-03,15320.0
2014-07-04,15390.0
2014-07-05,15375.0
2014-07-06,15375.0
2014-07-07,15360.0
2014-07-08,15265.0
2014-07-09,15170.0
2014-07-10,15220.0
2014-07-11,15130.0
2014-07-12,15210.0
2014-07-13,15210.0
2014-07-14,15210.0
2014-07-15,15290.0
2014-07-16,15200.0
2014-07-17,15230.0
2014-07-18,15120.0
2014-07-19,15120.0
2014-07-20,15120.0
2014-07-21,15120.0
2014-07-22,15120.0
2014-07-23,15090.0
2014-07-24,15050.0
2014-07-25,15010.0
2014-07-26,15005.0
2014-07-27,15005.0
2014-07-28,15000.0
2014-07-29,14930.0
2014-07-30,14930.0
2014-07-31,14860.0
2014-08-01,14910.0
2014-08-02,14855.0
2014-08-03,14855.0
2014-08-04,14800.0
2014-08-05,14820.0
2014-08-06,14700.0
2014-08-07,14620.0
2014-08-08,14500.0
2014-08-09,14750.0
2014-08-10,14750.0
2014-08-11,15000.0
2014-08-12,15000.0
2014-08-13,14920.0
2014-08-14,14990.0
2014-08-15,15100.0
2014-08-16,15050.0
2014-08-17,15050.0
2014-08-18,15000.0
2014-08-19,15100.0
2014-08-20,15160.0
2014-08-21,15030.0
2014-08-22,15030.0
2014-08-23,14940.0
2014-08-24,14940.0
2014-08-25,14850.0
2014-08-26,15010.0
2014-08-27,14950.0
2014-08-28,15060.0
2014-08-29,15150.0
2014-08-30,15160.0
2014-08-31,15160.0
2014-09-01,15170.0
2014-09-02,15410.0
2014-09-03,15360.0
2014-09-04,15400.0
2014-09-05,15560.0
2014-09-06,15625.0
2014-09-07,15625.0
2014-09-08,15690.0
2014-09-09,15760.0
2014-09-10,16000.0
2014-09-11,16370.0
2014-09-12,16600.0
2014-09-13,16610.0
2014-09-14,16610.0
2014-09-15,16610.0
2014-09-16,16620.0
2014-09-17,16770.0
2014-09-18,17190.0
2014-09-19,17380.0
2014-09-20,17345.0
2014-09-21,17345.0
2014-09-22,17310.0
2014-09-23,17270.0
2014-09-24,17230.0
2014-09-25,17770.0
2014-09-26,17590.0
2014-09-27,17645.0
2014-09-28,17645.0
2014-09-29,17700.0
2014-09-30,17680.0
2014-10-01,17640.0
2014-10-02,17450.0
2014-10-03,17450.0
2014-10-04,17575.0
2014-10-05,17575.0
2014-10-06,17700.0
2014-10-07,17650.0
2014-10-08,17350.0
2014-10-09,17390.0
2014-10-10,17220.0
2014-10-11,17025.0
2014-10-12,17025.0
2014-10-13,17025.0
2014-10-14,16830.0
2014-10-15,16880.0
2014-10-16,16450.0
2014-10-17,16440.0
2014-10-18,16650.0
2014-10-19,16650.0
2014-10-20,16860.0
2014-10-21,16700.0
2014-10-22,17030.0
2014-10-23,17060.0
2014-10-24,17170.0
2014-10-25,17305.0
2014-10-26,17305.0
2014-10-27,17440.0
2014-10-28,17320.0
2014-10-29,17570.0
2014-10-30,17670.0
2014-10-31,18520.0
2014-11-01,18620.0
2014-11-02,18620.0
2014-11-03,18620.0
2014-11-04,18720.0
2014-11-05,19000.0
2014-11-06,19120.0
2014-11-07,19280.0
2014-11-08,19200.0
2014-11-09,19200.0
2014-11-10,19120.0
2014-11-11,19310.0
2014-11-12,19330.0
2014-11-13,19460.0
2014-11-14,19550.0
2014-11-15,19475.0
2014-11-16,19475.0
2014-11-17,19400.0
2014-11-18,19590.0
2014-11-19,19850.0
2014-11-20,20000.0
2014-11-21,20020.0
2014-11-22,20060.0
2014-11-23,20060.0
2014-11-24,20060.0
2014-11-25,20100.0
2014-11-26,20110.0
2014-11-27,20020.0
2014-11-28,20160.0
2014-11-29,20175.0
2014-11-30,20175.0
2014-12-01,20190.0
2014-12-02,20190.0
2014-12-03,20430.0
2014-12-04,20540.0
2014-12-05,20620.0
2014-12-06,20785.0
2014-12-07,20785.0
2014-12-08,20950.0
2014-12-09,20550.0
2014-12-10,20200.0
2014-12-11,19940.0
2014-12-12,19980.0
2014-12-13,19790.0
2014-12-14,19790.0
2014-12-15,19600.0
2014-12-16,19290.0
2014-12-17,19170.0
2014-12-18,19700.0
2014-12-19,20300.0
2014-12-20,20320.0
2014-12-21,20320.0
2014-12-22,20340.0
2014-12-23,20525.0
2014-12-24,20710.0
2014-12-25,20690.0
2014-12-26,20690.0
2014-12-27,20605.0
2014-12-28,20605.0
2014-12-29,20520.0
2014-12-30,20620.0
2014-12-31,20565.0
2015-01-01,20565.0
2015-01-02,20565.0
2015-01-03,20565.0
2015-01-04,20565.0
2015-01-05,20510.0
2015-01-06,19850.0
2015-01-07,19820.0
2015-01-08,20300.0
2015-01-09,20230.0
2015-01-10,20155.0
2015-01-11,20155.0
2015-01-12,20155.0
2015-01-13,20080.0
2015-01-14,19630.0
2015-01-15,19720.0
2015-01-16,19190.0
2015-01-17,19300.0
2015-01-18,19300.0
2015-01-19,19410.0
2015-01-20,19820.0
2015-01-21,19780.0
2015-01-22,19740.0
2015-01-23,20030.0
2015-01-24,19915.0
2015-01-25,19915.0
2015-01-26,19800.0
2015-01-27,20040.0
2015-01-28,19910.0
2015-01-29,19380.0
2015-01-30,19560.0
2015-01-31,19430.0
2015-02-01,19430.0
2015-02-02,19300.0
2015-02-03,19290.0
2015-02-04,19680.0
2015-02-05,19590.0
2015-02-06,19700.0
2015-02-07,19875.0
2015-02-08,19875.0
2015-02-09,20050.0
2015-02-10,19990.0
2015-02-11,20160.0
2015-02-12,20330.0
2015-02-13,20200.0
2015-02-14,20265.0
2015-02-15,20265.0
2015-02-16,20330.0
2015-02-17,20385.0
2015-02-18,20440.0
2015-02-19,20160.0
2015-02-20,20190.0
2015-02-21,20315.0
2015-02-22,20315.0
2015-02-23,20440.0
2015-02-24,20450.0
2015-02-25,20480.0
2015-02-26,20560.0
2015-02-27,20690.0
2015-02-28,20695.0
2015-03-01,20695.0
2015-03-02,20700.0
2015-03-03,20700.0
2015-03-04,20700.0
2015-03-05,20700.0
2015-03-06,20680.0
2015-03-07,20615.0
2015-03-08,20615.0
2015-03-09,20550.0
2015-03-10,20670.0
2015-03-11,20620.0
2015-03-12,20610.0
2015-03-13,20690.0
2015-03-14,20625.0
2015-03-15,20625.0
2015-03-16,20560.0
2015-03-17,20730.0
2015-03-18,20730.0
2015-03-19,20670.0
2015-03-20,20650.0
2015-03-21,20635.0
2015-03-22,20635.0
2015-03-23,20620.0
2015-03-24,20580.0
2015-03-25,20410.0
2015-03-26,20100.0
2015-03-27,20010.0
2015-03-28,20070.0
2015-03-29,20070.0
2015-03-30,20130.0
2015-03-31,20350.0
2015-04-01,20050.0
2015-04-02,20140.0
2015-04-03,20040.0
2015-04-04,20040.0
2015-04-05,20040.0
2015-04-06,19940.0
2015-04-07,20160.0
2015-04-08,20300.0
2015-04-09,20350.0
2015-04-10,20440.0
2015-04-11,20480.0
2015-04-12,20480.0
2015-04-13,20520.0
2015-04-14,20420.0
2015-04-15,20420.0
2015-04-16,20420.0
2015-04-17,20390.0
2015-04-18,20245.0
2015-04-19,20245.0
2015-04-20,20100.0
2015-04-21,20370.0
2015-04-22,20280.0
2015-04-23,20390.0
2015-04-24,20400.0
2015-04-25,20410.0
2015-04-26,20410.0
2015-04-27,20420.0
2015-04-28,20410.0
2015-04-29,20330.0
2015-04-30,20250.0
2015-05-01,20240.0
2015-05-02,20195.0
2015-05-03,20195.0
2015-05-04,20195.0
2015-05-05,20195.0
2015-05-06,20195.0
2015-05-07,20150.0
2015-05-08,20370.0
2015-05-09,20480.0
2015-05-10,20480.0
2015-05-11,20590.0
2015-05-12,20490.0
2015-05-13,20500.0
2015-05-14,20480.0
2015-05-15,20590.0
2015-05-16,20580.0
2015-05-17,20580.0
2015-05-18,20570.0
2015-05-19,20640.0
2015-05-20,20770.0
2015-05-21,20810.0
2015-05-22,20930.0
2015-05-23,20925.0
2015-05-24,20925.0
2015-05-25,20920.0
2015-05-26,20890.0
2015-05-27,20900.0
2015-05-28,21230.0
2015-05-29,21250.0
2015-05-30,21315.0
2015-05-31,21315.0
2015-06-01,21380.0
2015-06-02,21280.0
2015-06-03,21080.0
2015-06-04,21075.0
2015-06-05,21070.0
2015-06-06,21085.0
2015-06-07,21085.0
2015-06-08,21100.0
2015-06-09,20870.0
2015-06-10,20750.0
2015-06-11,20980.0
2015-06-12,21120.0
2015-06-13,20930.0
2015-06-14,20930.0
2015-06-15,20740.0
2015-06-16,20830.0
2015-06-17,20820.0
2015-06-18,20820.0
2015-06-19,21000.0
2015-06-20,20970.0
2015-06-21,20970.0
2015-06-22,20940.0
2015-06-23,21140.0
2015-06-24,21230.0
2015-06-25,21000.0
2015-06-26,20930.0
2015-06-27,20820.0
2015-06-28,20820.0
2015-06-29,20710.0
2015-06-30,20680.0
2015-07-01,20705.0
2015-07-02,20730.0
2015-07-03,20860.0
2015-07-04,20500.0
2015-07-05,20500.0
2015-07-06,20140.0
2015-07-07,20800.0
2015-07-08,20500.0
2015-07-09,20450.0
2015-07-10,20600.0
2015-07-11,20515.0
2015-07-12,20515.0
2015-07-13,20430.0
2015-07-14,20870.0
2015-07-15,20960.0
2015-07-16,21100.0
2015-07-17,21150.0
2015-07-18,21145.0
2015-07-19,21145.0
2015-07-20,21145.0
2015-07-21,21140.0
2015-07-22,20930.0
2015-07-23,20815.0
2015-07-24,20700.0
2015-07-25,20650.0
2015-07-26,20650.0
2015-07-27,20600.0
2015-07-28,20450.0
2015-07-29,20670.0
2015-07-30,20800.0
2015-07-31,20880.0
2015-08-01,20780.0
2015-08-02,20780.0
2015-08-03,20680.0
2015-08-04,20510.0
2015-08-05,20650.0
2015-08-06,20610.0
2015-08-07,20630.0
2015-08-08,20615.0
2015-08-09,20615.0
2015-08-10,20600.0
2015-08-11,20830.0
2015-08-12,20660.0
2015-08-13,20500.0
2015-08-14,20520.0
2015-08-15,20535.0
2015-08-16,20535.0
2015-08-17,20550.0
2015-08-18,20640.0
2015-08-19,20430.0
2015-08-20,20220.0
2015-08-21,19850.0
2015-08-22,19265.0
2015-08-23,19265.0
2015-08-24,18680.0
2015-08-25,18170.0
2015-08-26,18330.0
2015-08-27,18650.0
2015-08-28,19290.0
2015-08-29,19185.0
2015-08-30,19185.0
2015-08-31,19080.0
2015-09-01,18500.0
2015-09-02,18410.0
2015-09-03,18600.0
2015-09-04,18210.0
2015-09-05,18325.0
2015-09-06,18325.0
2015-09-07,18440.0
2015-09-08,18190.0
2015-09-09,18820.0
2015-09-10,18650.0
2015-09-11,18610.0
2015-09-12,18610.0
2015-09-13,18610.0
2015-09-14,18610.0
2015-09-15,18590.0
2015-09-16,18780.0
2015-09-17,19040.0
2015-09-18,18730.0
2015-09-19,18625.0
2015-09-20,18625.0
2015-09-21,18625.0
2015-09-22,18625.0
2015-09-23,18625.0
2015-09-24,18520.0
2015-09-25,18550.0
2015-09-26,18595.0
2015-09-27,18595.0
2015-09-28,18640.0
2015-09-29,18150.0
2015-09-30,18540.0
2015-10-01,18540.0
2015-10-02,18300.0
2015-10-03,18595.0
2015-10-04,18595.0
2015-10-05,18890.0
2015-10-06,19150.0
2015-10-07,19140.0
2015-10-08,19040.0
2015-10-09,19300.0
2015-10-10,19290.0
2015-10-11,19290.0
2015-10-12,19290.0
2015-10-13,19280.0
2015-10-14,19150.0
2015-10-15,19030.0
2015-10-16,19240.0
2015-10-17,19265.0
2015-10-18,19265.0
2015-10-19,19290.0
2015-10-20,19300.0
2015-10-21,19470.0
2015-10-22,19340.0
2015-10-23,19890.0
2015-10-24,19970.0
2015-10-25,19970.0
2015-10-26,20050.0
2015-10-27,19910.0
2015-10-28,20030.0
2015-10-29,20170.0
2015-10-30,20300.0
2015-10-31,20120.0
2015-11-01,20120.0
2015-11-02,19940.0
2015-11-03,20185.0
2015-11-04,20430.0
2015-11-05,20410.0
2015-11-06,20420.0
2015-11-07,20550.0
2015-11-08,20550.0
2015-11-09,20680.0
2015-11-10,20510.0
2015-11-11,20540.0
2015-11-12,20410.0
2015-11-13,20070.0
2015-11-14,19925.0
2015-11-15,19925.0
2015-11-16,19780.0
2015-11-17,20240.0
2015-11-18,20180.0
2015-11-19,20650.0
2015-11-20,20480.0
2015-11-21,20540.0
2015-11-22,20540.0
2015-11-23,20540.0
2015-11-24,20600.0
2015-11-25,20480.0
2015-11-26,20470.0
2015-11-27,20500.0
2015-11-28,20535.0
2015-11-29,20535.0
2015-11-30,20570.0
2015-12-01,20500.0
2015-12-02,20570.0
2015-12-03,20570.0
2015-12-04,20270.0
2015-12-05,20450.0
2015-12-06,20450.0
2015-12-07,20630.0
2015-12-08,20590.0
2015-12-09,20280.0
2015-12-10,20180.0
2015-12-11,20380.0
2015-12-12,20165.0
2015-12-13,20165.0
2015-12-14,19950.0
2015-12-15,19950.0
2015-12-16,20320.0
2015-12-17,20430.0
2015-12-18,20190.0
2015-12-19,20080.0
2015-12-20,20080.0
2015-12-21,19970.0
2015-12-22,20000.0
2015-12-23,20040.0
2015-12-24,20080.0
2015-12-25,20010.0
2015-12-26,20000.0
2015-12-27,20000.0
2015-12-28,19990.0
2015-12-29,20260.0
2015-12-30,20190.0
2015-12-31,19945.0
2016-01-01,19945.0
2016-01-02,19945.0
2016-01-03,19945.0
2016-01-04,19700.0
2016-01-05,19650.0
2016-01-06,19470.0
2016-01-07,18990.0
2016-01-08,18890.0
2016-01-09,18660.0
2016-01-10,18660.0
2016-01-11,18660.0
2016-01-12,18430.0
2016-01-13,18670.0
2016-01-14,18220.0
2016-01-15,18170.0
2016-01-16,18020.0
2016-01-17,18020.0
2016-01-18,17870.0
2016-01-19,18020.0
2016-01-20,17700.0
2016-01-21,17770.0
2016-01-22,18130.0
2016-01-23,18165.0
2016-01-24,18165.0
2016-01-25,18200.0
2016-01-26,18090.0
2016-01-27,18080.0
2016-01-28,18100.0
2016-01-29,18680.0
2016-01-30,18775.0
2016-01-31,18775.0
2016-02-01,18870.0
2016-02-02,18600.0
2016-02-03,18240.0
2016-02-04,18140.0
2016-02-05,18130.0
2016-02-06,18105.0
2016-02-07,18105.0
2016-02-08,18080.0
2016-02-09,17270.0
2016-02-10,17230.0
2016-02-11,17010.0
2016-02-12,16790.0
2016-02-13,17055.0
2016-02-14,17055.0
2016-02-15,17320.0
2016-02-16,17700.0
2016-02-17,17410.0
2016-02-18,17740.0
2016-02-19,17530.0
2016-02-20,17500.0
2016-02-21,17500.0
2016-02-22,17470.0
2016-02-23,17610.0
2016-02-24,17520.0
2016-02-25,17520.0
2016-02-26,17740.0
2016-02-27,17705.0
2016-02-28,17705.0
2016-02-29,17670.0
2016-03-01,17580.0
2016-03-02,18210.0
2016-03-03,18420.0
2016-03-04,18220.0
2016-03-05,18230.0
2016-03-06,18230.0
2016-03-07,18240.0
2016-03-08,18170.0
2016-03-09,18230.0
2016-03-10,18300.0
2016-03-11,18360.0
2016-03-12,18500.0
2016-03-13,18500.0
2016-03-14,18640.0
2016-03-15,18600.0
2016-03-16,18525.0
2016-03-17,18450.0
2016-03-18,18380.0
2016-03-19,18530.0
2016-03-20,18530.0
2016-03-21,18530.0
2016-03-22,18680.0
2016-03-23,18690.0
2016-03-24,18700.0
2016-03-25,18700.0
2016-03-26,18785.0
2016-03-27,18785.0
2016-03-28,18870.0
2016-03-29,18880.0
2016-03-30,18770.0
2016-03-31,18720.0
2016-04-01,18710.0
2016-04-02,18725.0
2016-04-03,18725.0
2016-04-04,18740.0
2016-04-05,18430.0
2016-04-06,18360.0
2016-04-07,18250.0
2016-04-08,18170.0
2016-04-09,18065.0
2016-04-10,18065.0
2016-04-11,17960.0
2016-04-12,17940.0
2016-04-13,18380.0
2016-04-14,18580.0
2016-04-15,18520.0
2016-04-16,18310.0
2016-04-17,18310.0
2016-04-18,18100.0
2016-04-19,18620.0
2016-04-20,18530.0
2016-04-21,18670.0
2016-04-22,18640.0
2016-04-23,18705.0
2016-04-24,18705.0
2016-04-25,18770.0
2016-04-26,18740.0
2016-04-27,18850.0
2016-04-28,18510.0
2016-04-29,18180.0
2016-04-30,18180.0
2016-05-01,18180.0
2016-05-02,17850.0
2016-05-03,17825.0
2016-05-04,17825.0
2016-05-05,17825.0
2016-05-06,17800.0
2016-05-07,17865.0
2016-05-08,17865.0
2016-05-09,17930.0
2016-05-10,18150.0
2016-05-11,18310.0
2016-05-12,18210.0
2016-05-13,18130.0
2016-05-14,18035.0
2016-05-15,18035.0
2016-05-16,17940.0
2016-05-17,18190.0
2016-05-18,18000.0
2016-05-19,18250.0
2016-05-20,18200.0
2016-05-21,18200.0
2016-05-22,18200.0
2016-05-23,18200.0
2016-05-24,18130.0
2016-05-25,18500.0
2016-05-26,18340.0
2016-05-27,18510.0
2016-05-28,18605.0
2016-05-29,18605.0
2016-05-30,18700.0
2016-05-31,18790.0
2016-06-01,18340.0
2016-06-02,18180.0
2016-06-03,18180.0
2016-06-04,18080.0
2016-06-05,18080.0
2016-06-06,17980.0
2016-06-07,18110.0
2016-06-08,18140.0
2016-06-09,18140.0
2016-06-10,18170.0
2016-06-11,17965.0
2016-06-12,17965.0
2016-06-13,17760.0
2016-06-14,17670.0
2016-06-15,17620.0
2016-06-16,17190.0
2016-06-17,17440.0
2016-06-18,17495.0
2016-06-19,17495.0
2016-06-20,17550.0
2016-06-21,17630.0
2016-06-22,17780.0
2016-06-23,17180.0
2016-06-24,16580.0
2016-06-25,16590.0
2016-06-26,16590.0
2016-06-27,16600.0
2016-06-28,16600.0
2016-06-29,16900.0
2016-06-30,17190.0
2016-07-01,17470.0
2016-07-02,17370.0
2016-07-03,17370.0
2016-07-04,17370.0
2016-07-05,17270.0
2016-07-06,16890.0
2016-07-07,16850.0
2016-07-08,16810.0
2016-07-09,17065.0
2016-07-10,17065.0
2016-07-11,17320.0
2016-07-12,17660.0
2016-07-13,17960.0
2016-07-14,18070.0
2016-07-15,18290.0
2016-07-16,18400.0
2016-07-17,18400.0
2016-07-18,18400.0
2016-07-19,18510.0
2016-07-20,18390.0
2016-07-21,18840.0
2016-07-22,18350.0
2016-07-23,18240.0
2016-07-24,18240.0
2016-07-25,18240.0
2016-07-26,18130.0
2016-07-27,18350.0
2016-07-28,18310.0
2016-07-29,18400.0
2016-07-30,18150.0
2016-07-31,18150.0
2016-08-01,17900.0
2016-08-02,17770.0
2016-08-03,17400.0
2016-08-04,17400.0
2016-08-05,17560.0
2016-08-06,17610.0
2016-08-07,17610.0
2016-08-08,17660.0
2016-08-09,17880.0
2016-08-10,17950.0
2016-08-11,17950.0
2016-08-12,17950.0
2016-08-13,17775.0
2016-08-14,17775.0
2016-08-15,17775.0
2016-08-16,17600.0
2016-08-17,17610.0
2016-08-18,17320.0
2016-08-19,17450.0
2016-08-20,17480.0
2016-08-21,17480.0
2016-08-22,17510.0
2016-08-23,17455.0
2016-08-24,17400.0
2016-08-25,17400.0
2016-08-26,17400.0
2016-08-27,17500.0
2016-08-28,17500.0
2016-08-29,17600.0
2016-08-30,17690.0
2016-08-31,17680.0
2016-09-01,17830.0
2016-09-02,17730.0
2016-09-03,17765.0
2016-09-04,17765.0
2016-09-05,17765.0
2016-09-06,17800.0
2016-09-07,17450.0
2016-09-08,17560.0
2016-09-09,17360.0
2016-09-10,17360.0
2016-09-11,17360.0
2016-09-12,17160.0
2016-09-13,17360.0
2016-09-14,17580.0
2016-09-15,17200.0
2016-09-16,17300.0
2016-09-17,17350.0
2016-09-18,17350.0
2016-09-19,17350.0
2016-09-20,17350.0
2016-09-21,17350.0
2016-09-22,17350.0
2016-09-23,17400.0
2016-09-24,17350.0
2016-09-25,17350.0
2016-09-26,17300.0
2016-09-27,17190.0
2016-09-28,17010.0
2016-09-29,17460.0
2016-09-30,17130.0
2016-10-01,17245.0
2016-10-02,17245.0
2016-10-03,17360.0
2016-10-04,17450.0
2016-10-05,17460.0
2016-10-06,17770.0
2016-10-07,17700.0
2016-10-08,17660.0
2016-10-09,17660.0
2016-10-10,17660.0
2016-10-11,17660.0
2016-10-12,17620.0
2016-10-13,17530.0
2016-10-14,17500.0
2016-10-15,17500.0
2016-10-16,17500.0
2016-10-17,17500.0
2016-10-18,17470.0
2016-10-19,17565.0
2016-10-20,17660.0
2016-10-21,17880.0
2016-10-22,17755.0
2016-10-23,17755.0
2016-10-24,17630.0
2016-10-25,17640.0
2016-10-26,17650.0
2016-10-27,17780.0
2016-10-28,17860.0
2016-10-29,17830.0
2016-10-30,17830.0
2016-10-31,17800.0
2016-11-01,17800.0
2016-11-02,17520.0
2016-11-03,17420.0
2016-11-04,17320.0
2016-11-05,17505.0
2016-11-06,17505.0
2016-11-07,17690.0
2016-11-08,17830.0
2016-11-09,16700.0
2016-11-10,18360.0
2016-11-11,18710.0
2016-11-12,18855.0
2016-11-13,18855.0
2016-11-14,19000.0
2016-11-15,19030.0
2016-11-16,19240.0
2016-11-17,19240.0
2016-11-18,19500.0
2016-11-19,19530.0
2016-11-20,19530.0
2016-11-21,19560.0
2016-11-22,19650.0
2016-11-23,19835.0
2016-11-24,20020.0
2016-11-25,20180.0
2016-11-26,20100.0
2016-11-27,20100.0
2016-11-28,20020.0
2016-11-29,19910.0
2016-11-30,20030.0
2016-12-01,20300.0
2016-12-02,20410.0
2016-12-03,20345.0
2016-12-04,20345.0
2016-12-05,20280.0
2016-12-06,20390.0
2016-12-07,20540.0
2016-12-08,20690.0
2016-12-09,20890.0
2016-12-10,21065.0
2016-12-11,21065.0
2016-12-12,21240.0
2016-12-13,21250.0
2016-12-14,21270.0
2016-12-15,21690.0
2016-12-16,21780.0
2016-12-17,21715.0
2016-12-18,21715.0
2016-12-19,21650.0
2016-12-20,21770.0
2016-12-21,21730.0
2016-12-22,21700.0
2016-12-23,21645.0
2016-12-24,21645.0
2016-12-25,21645.0
2016-12-26,21590.0
2016-12-27,21690.0
2016-12-28,21700.0
2016-12-29,21410.0
2016-12-30,21460.0
2016-12-31,21630.0
2017-01-01,21630.0
2017-01-02,21630.0
2017-01-03,21630.0
2017-01-04,21800.0
2017-01-05,21540.0
2017-01-06,21420.0
2017-01-07,21315.0
2017-01-08,21315.0
2017-01-09,21315.0
2017-01-10,21210.0
2017-01-11,21310.0
2017-01-12,21200.0
2017-01-13,21130.0
2017-01-14,21085.0
2017-01-15,21085.0
2017-01-16,21040.0
2017-01-17,20880.0
2017-01-18,20850.0
2017-01-19,21100.0
2017-01-20,21070.0
2017-01-21,20905.0
2017-01-22,20905.0
2017-01-23,20740.0
2017-01-24,20770.0
2017-01-25,21040.0
2017-01-26,21190.0
2017-01-27,21320.0
2017-01-28,21305.0
2017-01-29,21305.0
2017-01-30,21290.0
2017-01-31,21000.0
2017-02-01,20910.0
2017-02-02,20750.0
2017-02-03,20840.0
2017-02-04,20905.0
2017-02-05,20905.0
2017-02-06,20970.0
2017-02-07,20860.0
2017-02-08,20840.0
2017-02-09,20840.0
2017-02-10,21200.0
2017-02-11,21340.0
2017-02-12,21340.0
2017-02-13,21480.0
2017-02-14,21470.0
2017-02-15,21820.0
2017-02-16,21920.0
2017-02-17,21580.0
2017-02-18,21590.0
2017-02-19,21590.0
2017-02-20,21600.0
2017-02-21,21610.0
2017-02-22,21750.0
2017-02-23,21580.0
2017-02-24,21630.0
2017-02-25,21570.0
2017-02-26,21570.0
2017-02-27,21510.0
2017-02-28,21620.0
2017-03-01,21850.0
2017-03-02,22230.0
2017-03-03,22090.0
2017-03-04,21985.0
2017-03-05,21985.0
2017-03-06,21880.0
2017-03-07,21980.0
2017-03-08,21780.0
2017-03-09,21960.0
2017-03-10,22200.0
2017-03-11,22125.0
2017-03-12,22125.0
2017-03-13,22050.0
2017-03-14,22140.0
2017-03-15,22000.0
2017-03-16,21880.0
2017-03-17,22040.0
2017-03-18,21935.0
2017-03-19,21935.0
2017-03-20,21935.0
2017-03-21,21830.0
2017-03-22,21110.0
2017-03-23,21240.0
2017-03-24,21420.0
2017-03-25,21135.0
2017-03-26,21135.0
2017-03-27,20850.0
2017-03-28,20910.0
2017-03-29,21115.0
2017-03-30,21115.0
2017-03-31,21320.0
2017-04-01,21225.0
2017-04-02,21225.0
2017-04-03,21130.0
2017-04-04,21100.0
2017-04-05,21420.0
2017-04-06,21225.0
2017-04-07,21030.0
2017-04-08,20995.0
2017-04-09,20995.0
2017-04-10,20995.0
2017-04-11,20960.0
2017-04-12,20830.0
2017-04-13,20790.0
2017-04-14,20670.0
2017-04-15,20490.0
2017-04-16,20490.0
2017-04-17,20310.0
2017-04-18,20355.0
2017-04-19,20400.0
2017-04-20,20550.0
2017-04-21,20800.0
2017-04-22,20880.0
2017-04-23,20880.0
2017-04-24,20960.0
2017-04-25,20960.0
2017-04-26,21500.0
2017-04-27,21570.0
2017-04-28,21300.0
2017-04-29,21345.0
2017-04-30,21345.0
2017-05-01,21390.0
2017-05-02,21400.0
2017-05-03,21550.0
2017-05-04,21550.0
2017-05-05,21550.0
2017-05-06,21550.0
2017-05-07,21550.0
2017-05-08,21700.0
2017-05-09,21730.0
2017-05-10,21800.0
2017-05-11,22050.0
2017-05-12,21900.0
2017-05-13,21870.0
2017-05-14,21870.0
2017-05-15,21840.0
2017-05-16,22020.0
2017-05-17,21530.0
2017-05-18,21120.0
2017-05-19,21280.0
2017-05-20,21285.0
2017-05-21,21285.0
2017-05-22,21290.0
2017-05-23,21500.0
2017-05-24,21370.0
2017-05-25,21530.0
2017-05-26,21490.0
2017-05-27,21480.0
2017-05-28,21480.0
2017-05-29,21470.0
2017-05-30,21470.0
2017-05-31,21405.0
2017-06-01,21340.0
2017-06-02,21460.0
2017-06-03,21430.0
2017-06-04,21430.0
2017-06-05,21400.0
2017-06-06,21290.0
2017-06-07,21190.0
2017-06-08,21210.0
2017-06-09,21320.0
2017-06-10,21355.0
2017-06-11,21355.0
2017-06-12,21390.0
2017-06-13,21330.0
2017-06-14,21380.0
2017-06-15,21430.0
2017-06-16,21660.0
2017-06-17,21680.0
2017-06-18,21680.0
2017-06-19,21700.0
2017-06-20,21910.0
2017-06-21,21780.0
2017-06-22,21920.0
2017-06-23,21815.0
2017-06-24,21815.0
2017-06-25,21815.0
2017-06-26,21710.0
2017-06-27,21840.0
2017-06-28,21840.0
2017-06-29,22000.0
2017-06-30,21750.0
2017-07-01,21835.0
2017-07-02,21835.0
2017-07-03,21920.0
2017-07-04,22180.0
2017-07-05,22230.0
2017-07-06,22080.0
2017-07-07,22090.0
2017-07-08,22240.0
2017-07-09,22240.0
2017-07-10,22390.0
2017-07-11,22280.0
2017-07-12,22250.0
2017-07-13,22170.0
2017-07-14,22240.0
2017-07-15,22260.0
2017-07-16,22260.0
2017-07-17,22260.0
2017-07-18,22280.0
2017-07-19,22200.0
2017-07-20,22120.0
2017-07-21,22040.0
2017-07-22,21985.0
2017-07-23,21985.0
2017-07-24,21930.0
2017-07-25,21800.0
2017-07-26,22010.0
2017-07-27,22010.0
2017-07-28,22055.0
2017-07-29,22055.0
2017-07-30,22055.0
2017-07-31,22100.0
2017-08-01,22100.0
2017-08-02,22100.0
2017-08-03,22100.0
2017-08-04,22130.0
2017-08-05,22130.0
2017-08-06,22130.0
2017-08-07,22130.0
2017-08-08,22130.0
2017-08-09,22090.0
2017-08-10,21880.0
2017-08-11,21935.0
2017-08-12,21935.0
2017-08-13,21935.0
2017-08-14,21990.0
2017-08-15,21810.0
2017-08-16,21900.0
2017-08-17,21800.0
2017-08-18,21570.0
2017-08-19,21640.0
2017-08-20,21640.0
2017-08-21,21710.0
2017-08-22,21710.0
2017-08-23,21710.0
2017-08-24,21710.0
2017-08-25,21800.0
2017-08-26,21810.0
2017-08-27,21810.0
2017-08-28,21820.0
2017-08-29,21855.0
2017-08-30,21855.0
2017-08-31,21890.0
2017-09-01,21815.0
2017-09-02,21815.0
2017-09-03,21815.0
2017-09-04,21815.0
2017-09-05,21740.0
2017-09-06,21500.0
2017-09-07,21790.0
2017-09-08,21200.0
2017-09-09,21550.0
2017-09-10,21550.0
2017-09-11,21550.0
2017-09-12,21900.0
2017-09-13,21840.0
2017-09-14,22000.0
2017-09-15,22100.0
2017-09-16,22300.0
2017-09-17,22300.0
2017-09-18,22300.0
2017-09-19,22500.0
2017-09-20,22450.0
2017-09-21,22660.0
2017-09-22,22570.0
2017-09-23,22575.0
2017-09-24,22575.0
2017-09-25,22580.0
2017-09-26,22450.0
2017-09-27,22530.0
2017-09-28,22690.0
2017-09-29,23070.0
2017-09-30,23125.0
2017-10-01,23125.0
2017-10-02,23125.0
2017-10-03,23125.0
2017-10-04,23180.0
2017-10-05,23100.0
2017-10-06,23100.0
2017-10-07,23100.0
2017-10-08,23100.0
2017-10-09,23100.0
2017-10-10,23020.0
2017-10-11,23010.0
2017-10-12,23170.0
2017-10-13,22950.0
2017-10-14,22960.0
2017-10-15,22960.0
2017-10-16,22970.0
2017-10-17,23220.0
2017-10-18,23200.0
2017-10-19,23550.0
2017-10-20,23560.0
2017-10-21,23700.0
2017-10-22,23700.0
2017-10-23,23840.0
2017-10-24,23710.0
2017-10-25,23850.0
2017-10-26,23710.0
2017-10-27,23740.0
2017-10-28,23740.0
2017-10-29,23740.0
2017-10-30,23770.0
2017-10-31,23880.0
2017-11-01,23990.0
2017-11-02,24035.0
2017-11-03,24035.0
2017-11-04,24035.0
2017-11-05,24035.0
2017-11-06,24080.0
2017-11-07,24040.0
2017-11-08,23990.0
2017-11-09,24000.0
2017-11-10,23840.0
2017-11-11,23840.0
2017-11-12,23840.0
2017-11-13,23840.0
2017-11-14,23910.0
2017-11-15,23680.0
2017-11-16,23730.0
2017-11-17,23780.0
2017-11-18,23690.0
2017-11-19,23690.0
2017-11-20,23600.0
2017-11-21,23600.0
2017-11-22,23800.0
2017-11-23,23775.0
2017-11-24,23750.0
2017-11-25,23795.0
2017-11-26,23795.0
2017-11-27,23795.0
2017-11-28,23795.0
2017-11-29,23840.0
2017-11-30,24100.0
2017-12-01,24500.0
2017-12-02,24580.0
2017-12-03,24580.0
2017-12-04,24660.0
2017-12-05,24830.0
2017-12-06,24500.0
2017-12-07,24270.0
2017-12-08,24585.0
2017-12-09,24585.0
2017-12-10,24585.0
2017-12-11,24900.0
2017-12-12,24900.0
2017-12-13,24980.0
2017-12-14,24980.0
2017-12-15,24660.0
2017-12-16,24745.0
2017-12-17,24745.0
2017-12-18,24830.0
2017-12-19,25020.0
2017-12-20,25490.0
2017-12-21,25570.0
2017-12-22,25340.0
2017-12-23,25405.0
2017-12-24,25405.0
2017-12-25,25470.0
2017-12-26,25255.0
2017-12-27,25040.0
2017-12-28,25060.0
2017-12-29,25010.0
2017-12-30,25055.0
2017-12-31,25055.0
2018-01-01,25055.0
2018-01-02,25055.0
2018-01-03,25055.0
2018-01-04,25100.0
2018-01-05,25740.0
2018-01-06,25780.0
2018-01-07,25780.0
2018-01-08,25780.0
2018-01-09,25820.0
2018-01-10,25730.0
2018-01-11,25740.0
2018-01-12,25910.0
2018-01-13,26020.0
2018-01-14,26020.0
2018-01-15,26130.0
2018-01-16,26150.0
2018-01-17,25660.0
2018-01-18,26440.0
2018-01-19,25710.0
2018-01-20,25730.0
2018-01-21,25730.0
2018-01-22,25750.0
2018-01-23,25870.0
2018-01-24,26220.0
2018-01-25,25900.0
2018-01-26,26280.0
2018-01-27,26285.0
2018-01-28,26285.0
2018-01-29,26290.0
2018-01-30,26200.0
2018-01-31,25880.0
2018-02-01,25830.0
2018-02-02,25820.0
2018-02-03,25515.0
2018-02-04,25515.0
2018-02-05,25210.0
2018-02-06,23260.0
2018-02-07,24020.0
2018-02-08,24300.0
2018-02-09,23700.0
2018-02-10,23845.0
2018-02-11,23845.0
2018-02-12,23845.0
2018-02-13,23990.0
2018-02-14,23500.0
2018-02-15,24120.0
2018-02-16,24300.0
2018-02-17,24450.0
2018-02-18,24450.0
2018-02-19,24600.0
2018-02-20,24400.0
2018-02-21,24340.0
2018-02-22,23610.0
2018-02-23,24310.0
2018-02-24,24230.0
2018-02-25,24230.0
2018-02-26,24150.0
2018-02-27,24700.0
2018-02-28,24550.0
2018-03-01,24150.0
2018-03-02,23500.0
2018-03-03,23310.0
2018-03-04,23310.0
2018-03-05,23120.0
2018-03-06,23400.0
2018-03-07,23370.0
2018-03-08,23440.0
2018-03-09,23640.0
2018-03-10,24085.0
2018-03-11,24085.0
2018-03-12,24530.0
2018-03-13,24210.0
2018-03-14,23805.0
2018-03-15,23400.0
2018-03-16,23940.0
2018-03-17,23820.0
2018-03-18,23820.0
2018-03-19,23700.0
2018-03-20,23770.0
2018-03-21,23195.0
2018-03-22,23195.0
2018-03-23,22620.0
2018-03-24,22560.0
2018-03-25,22560.0
2018-03-26,22500.0
2018-03-27,23020.0
2018-03-28,22830.0
2018-03-29,22800.0
2018-03-30,22880.0
2018-03-31,22880.0
2018-04-01,22880.0
2018-04-02,22960.0
2018-04-03,22710.0
2018-04-04,23080.0
2018-04-05,23110.0
2018-04-06,23540.0
2018-04-07,23480.0
2018-04-08,23480.0
2018-04-09,23420.0
2018-04-10,23530.0
2018-04-11,23285.0
2018-04-12,23040.0
2018-04-13,23285.0
2018-04-14,23285.0
2018-04-15,23285.0
2018-04-16,23285.0
2018-04-17,23530.0
2018-04-18,23620.0
2018-04-19,23850.0
2018-04-20,23570.0
2018-04-21,23705.0
2018-04-22,23705.0
2018-04-23,23840.0
2018-04-24,24000.0
2018-04-25,23940.0
2018-04-26,23880.0
2018-04-27,23540.0
2018-04-28,23500.0
2018-04-29,23500.0
2018-04-30,23500.0
2018-05-01,23460.0
2018-05-02,23440.0
2018-05-03,23495.0
2018-05-04,23495.0
2018-05-05,23495.0
2018-05-06,23495.0
2018-05-07,23495.0
2018-05-08,23550.0
2018-05-09,23520.0
2018-05-10,23910.0
2018-05-11,24120.0
2018-05-12,24155.0
2018-05-13,24155.0
2018-05-14,24190.0
2018-05-15,24220.0
2018-05-16,24350.0
2018-05-17,24480.0
2018-05-18,24350.0
2018-05-19,24475.0
2018-05-20,24475.0
2018-05-21,24600.0
2018-05-22,24600.0
2018-05-23,24500.0
2018-05-24,24250.0
2018-05-25,24185.0
2018-05-26,24185.0
2018-05-27,24185.0
2018-05-28,24120.0
2018-05-29,24350.0
2018-05-30,23610.0
2018-05-31,24140.0
2018-06-01,24300.0
2018-06-02,24300.0
2018-06-03,24300.0
2018-06-04,24460.0
2018-06-05,24320.0
2018-06-06,24180.0
2018-06-07,24590.0
2018-06-08,24650.0
2018-06-09,24715.0
2018-06-10,24715.0
2018-06-11,24780.0
2018-06-12,24900.0
2018-06-13,25100.0
2018-06-14,24990.0
2018-06-15,24810.0
2018-06-16,24775.0
2018-06-17,24775.0
2018-06-18,24740.0
2018-06-19,24700.0
2018-06-20,24660.0
2018-06-21,24640.0
2018-06-22,24300.0
2018-06-23,24345.0
2018-06-24,24345.0
2018-06-25,24390.0
2018-06-26,24220.0
2018-06-27,24050.0
2018-06-28,24080.0
2018-06-29,24060.0
2018-06-30,23860.0
2018-07-01,23860.0
2018-07-02,23660.0
2018-07-03,24100.0
2018-07-04,24300.0
2018-07-05,24290.0
2018-07-06,24140.0
2018-07-07,24170.0
2018-07-08,24170.0
2018-07-09,24200.0
2018-07-10,24470.0
2018-07-11,24300.0
2018-07-12,24800.0
2018-07-13,24710.0
2018-07-14,24925.0
2018-07-15,24925.0
2018-07-16,24925.0
2018-07-17,25140.0
2018-07-18,25200.0
2018-07-19,25200.0
2018-07-20,25200.0
2018-07-21,25120.0
2018-07-22,25120.0
2018-07-23,25040.0
2018-07-24,25000.0
2018-07-25,25225.0
2018-07-26,25450.0
2018-07-27,25170.0
2018-07-28,25085.0
2018-07-29,25085.0
2018-07-30,25000.0
2018-07-31,25130.0
2018-08-01,25370.0
2018-08-02,25110.0
2018-08-03,24980.0
2018-08-04,25015.0
2018-08-05,25015.0
2018-08-06,25050.0
2018-08-07,25190.0
2018-08-08,25170.0
2018-08-09,25330.0
2018-08-10,25030.0
2018-08-11,24765.0
2018-08-12,24765.0
2018-08-13,24500.0
2018-08-14,24790.0
2018-08-15,24800.0
2018-08-16,24770.0
2018-08-17,25130.0
2018-08-18,25095.0
2018-08-19,25095.0
2018-08-20,25060.0
2018-08-21,25030.0
2018-08-22,25000.0
2018-08-23,25170.0
2018-08-24,25230.0
2018-08-25,25320.0
2018-08-26,25320.0
2018-08-27,25410.0
2018-08-28,25650.0
2018-08-29,25920.0
2018-08-30,25700.0
2018-08-31,25440.0
2018-09-01,25480.0
2018-09-02,25480.0
2018-09-03,25480.0
2018-09-04,25520.0
2018-09-05,26000.0
2018-09-06,25930.0
2018-09-07,25340.0
2018-09-08,25380.0
2018-09-09,25380.0
2018-09-10,25380.0
2018-09-11,25420.0
2018-09-12,25475.0
2018-09-13,25530.0
2018-09-14,25780.0
2018-09-15,25780.0
2018-09-16,25780.0
2018-09-17,25780.0
2018-09-18,25780.0
2018-09-19,26000.0
2018-09-20,26240.0
2018-09-21,26700.0
2018-09-22,26565.0
2018-09-23,26565.0
2018-09-24,26565.0
2018-09-25,26430.0
2018-09-26,26410.0
2018-09-27,26720.0
2018-09-28,26480.0
2018-09-29,26600.0
2018-09-30,26600.0
2018-10-01,26720.0
2018-10-02,27000.0
2018-10-03,27000.0
2018-10-04,27060.0
2018-10-05,26980.0
2018-10-06,26980.0
2018-10-07,26980.0
2018-10-08,26980.0
2018-10-09,26900.0
2018-10-10,26170.0
2018-10-11,25440.0
2018-10-12,25630.0
2018-10-13,25510.0
2018-10-14,25510.0
2018-10-15,25390.0
2018-10-16,25390.0
2018-10-17,25760.0
2018-10-18,25930.0
2018-10-19,25730.0
2018-10-20,25710.0
2018-10-21,25710.0
2018-10-22,25690.0
2018-10-23,25280.0
2018-10-24,25480.0
2018-10-25,24790.0
2018-10-26,24530.0
2018-10-27,24630.0
2018-10-28,24630.0
2018-10-29,24730.0
2018-10-30,24700.0
2018-10-31,25120.0
2018-11-01,25530.0
2018-11-02,25580.0
2018-11-03,25540.0
2018-11-04,25540.0
2018-11-05,25500.0
2018-11-06,25480.0
2018-11-07,25810.0
2018-11-08,26240.0
2018-11-09,26270.0
2018-11-10,26115.0
2018-11-11,26115.0
2018-11-12,26115.0
2018-11-13,25960.0
2018-11-14,25850.0
2018-11-15,25080.0
2018-11-16,25390.0
2018-11-17,25460.0
2018-11-18,25460.0
2018-11-19,25530.0
2018-11-20,25300.0
2018-11-21,24890.0
2018-11-22,24930.0
2018-11-23,24815.0
2018-11-24,24815.0
2018-11-25,24815.0
2018-11-26,24700.0
2018-11-27,24870.0
2018-11-28,25245.0
2018-11-29,25620.0
2018-11-30,25620.0
2018-12-01,26010.0
2018-12-02,26010.0
2018-12-03,26400.0
2018-12-04,26010.0
2018-12-05,25490.0
2018-12-06,25300.0
2018-12-07,24910.0
2018-12-08,24910.0
2018-12-09,24910.0
2018-12-10,24520.0
2018-12-11,24530.0
2018-12-12,25010.0
2018-12-13,25340.0
2018-12-14,24700.0
2018-12-15,24605.0
2018-12-16,24605.0
2018-12-17,24510.0
2018-12-18,24240.0
2018-12-19,24200.0
2018-12-20,23500.0
2018-12-21,23000.0
2018-12-22,22215.0
2018-12-23,22215.0
2018-12-24,22215.0
2018-12-25,21430.0
2018-12-26,21340.0
2018-12-27,22710.0
2018-12-28,23350.0
2018-12-29,22800.0
2018-12-30,22800.0
2018-12-31,22800.0
2019-01-01,22800.0
2019-01-02,22800.0
2019-01-03,22800.0
2019-01-04,22250.0
2019-01-05,22750.0
2019-01-06,22750.0
2019-01-07,23250.0
2019-01-08,23170.0
2019-01-09,23320.0
2019-01-10,23390.0
2019-01-11,23400.0
2019-01-12,23425.0
2019-01-13,23425.0
2019-01-14,23425.0
2019-01-15,23450.0
2019-01-16,23480.0
2019-01-17,23630.0
2019-01-18,23950.0
2019-01-19,24020.0
2019-01-20,24020.0
2019-01-21,24090.0
2019-01-22,24330.0
2019-01-23,24140.0
2019-01-24,24150.0
2019-01-25,24090.0
2019-01-26,24090.0
2019-01-27,24090.0
2019-01-28,24030.0
2019-01-29,24030.0
2019-01-30,24030.0
2019-01-31,24450.0
2019-02-01,24570.0
2019-02-02,24770.0
2019-02-03,24770.0
2019-02-04,24970.0
2019-02-05,24810.0
2019-02-06,25020.0
2019-02-07,24950.0
2019-02-08,24975.0
2019-02-09,24975.0
2019-02-10,24975.0
2019-02-11,24975.0
2019-02-12,25000.0
2019-02-13,25340.0
2019-02-14,25400.0
2019-02-15,24950.0
2019-02-16,25325.0
2019-02-17,25325.0
2019-02-18,25700.0
2019-02-19,24700.0
2019-02-20,25800.0
2019-02-21,26000.0
2019-02-22,25860.0
2019-02-23,25860.0
2019-02-24,25860.0
2019-02-25,25860.0
2019-02-26,25900.0
2019-02-27,25805.0
2019-02-28,25710.0
2019-03-01,26010.0
2019-03-02,26105.0
2019-03-03,26105.0
2019-03-04,26200.0
2019-03-05,25740.0
2019-03-06,25695.0
2019-03-07,25650.0
2019-03-08,25470.0
2019-03-09,25405.0
2019-03-10,25405.0
2019-03-11,25340.0
2019-03-12,25820.0
2019-03-13,25470.0
2019-03-14,25670.0
2019-03-15,25670.0
2019-03-16,25670.0
2019-03-17,25670.0
2019-03-18,25870.0
2019-03-19,25800.0
2019-03-20,25800.0
2019-03-21,25800.0
2019-03-22,25730.0
2019-03-23,25445.0
2019-03-24,25445.0
2019-03-25,25160.0
2019-03-26,25450.0
2019-03-27,25400.0
2019-03-28,25390.0
2019-03-29,25550.0
2019-03-30,25615.0
2019-03-31,25615.0
2019-04-01,25680.0
2019-04-02,25910.0
2019-04-03,25910.0
2019-04-04,26160.0
2019-04-05,26430.0
2019-04-06,26365.0
2019-04-07,26365.0
2019-04-08,26300.0
2019-04-09,26220.0
2019-04-10,26140.0
2019-04-11,25710.0
2019-04-12,26000.0
2019-04-13,26000.0
2019-04-14,26000.0
2019-04-15,26290.0
2019-04-16,26640.0
2019-04-17,26530.0
2019-04-18,26635.0
2019-04-19,26635.0
2019-04-20,26635.0
2019-04-21,26635.0
2019-04-22,26740.0
2019-04-23,26730.0
2019-04-24,26740.0
2019-04-25,26750.0
2019-04-26,26600.0
2019-04-27,26380.0
2019-04-28,26380.0
2019-04-29,26380.0
2019-04-30,26380.0
2019-05-01,26380.0
2019-05-02,26380.0
2019-05-03,26380.0
2019-05-04,26380.0
2019-05-05,26380.0
2019-05-06,26380.0
2019-05-07,26160.0
2019-05-08,25610.0
2019-05-09,25610.0
2019-05-10,25430.0
2019-05-11,25415.0
2019-05-12,25415.0
2019-05-13,25400.0
2019-05-14,25100.0
2019-05-15,25060.0
2019-05-16,25250.0
2019-05-17,25490.0
2019-05-18,25495.0
2019-05-19,25495.0
2019-05-20,25500.0
2019-05-21,25540.0
2019-05-22,25580.0
2019-05-23,25450.0
2019-05-24,25320.0
2019-05-25,25285.0
2019-05-26,25285.0
2019-05-27,25250.0
2019-05-28,25310.0
2019-05-29,25050.0
2019-05-30,24640.0
2019-05-31,24600.0
2019-06-01,24315.0
2019-06-02,24315.0
2019-06-03,24030.0
2019-06-04,24220.0
2019-06-05,24550.0
2019-06-06,24755.0
2019-06-07,24960.0
2019-06-08,25125.0
2019-06-09,25125.0
2019-06-10,25290.0
2019-06-11,25520.0
2019-06-12,25270.0
2019-06-13,25290.0
2019-06-14,25325.0
2019-06-15,25325.0
2019-06-16,25325.0
2019-06-17,25325.0
2019-06-18,25360.0
2019-06-19,25700.0
2019-06-20,25690.0
2019-06-21,25560.0
2019-06-22,25655.0
2019-06-23,25655.0
2019-06-24,25750.0
2019-06-25,25510.0
2019-06-26,25580.0
2019-06-27,25570.0
2019-06-28,25785.0
2019-06-29,25785.0
2019-06-30,25785.0
2019-07-01,26000.0
2019-07-02,26055.0
2019-07-03,26110.0
2019-07-04,26130.0
2019-07-05,26180.0
2019-07-06,26370.0
2019-07-07,26370.0
2019-07-08,26370.0
2019-07-09,26370.0
2019-07-10,26370.0
2019-07-11,26370.0
2019-07-12,26560.0
2019-07-13,26635.0
2019-07-14,26635.0
2019-07-15,26635.0
2019-07-16,26710.0
2019-07-17,26370.0
2019-07-18,26330.0
2019-07-19,26330.0
2019-07-20,26325.0
2019-07-21,26325.0
2019-07-22,26320.0
2019-07-23,26350.0
2019-07-24,26500.0
2019-07-25,26435.0
2019-07-26,26370.0
2019-07-27,26220.0
2019-07-28,26220.0
2019-07-29,26220.0
2019-07-30,26220.0
2019-07-31,26220.0
2019-08-01,26070.0
2019-08-02,25400.0
2019-08-03,25385.0
2019-08-04,25385.0
2019-08-05,25370.0
2019-08-06,24610.0
2019-08-07,24700.0
2019-08-08,25000.0
2019-08-09,24825.0
2019-08-10,24825.0
2019-08-11,24825.0
2019-08-12,24825.0
2019-08-13,24650.0
2019-08-14,24920.0
2019-08-15,24250.0
2019-08-16,24570.0
2019-08-17,24680.0
2019-08-18,24680.0
2019-08-19,24790.0
2019-08-20,24790.0
2019-08-21,24790.0
2019-08-22,25040.0
2019-08-23,24990.0
2019-08-24,24600.0
2019-08-25,24600.0
2019-08-26,24210.0
2019-08-27,24600.0
2019-08-28,24585.0
2019-08-29,24570.0
2019-08-30,25100.0
2019-08-31,25100.0
2019-09-01,25100.0
2019-09-02,25100.0
2019-09-03,24910.0
2019-09-04,24960.0
2019-09-05,25410.0
2019-09-06,25600.0
2019-09-07,25695.0
2019-09-08,25695.0
2019-09-09,25695.0
2019-09-10,25790.0
2019-09-11,26000.0
2019-09-12,26330.0
2019-09-13,26330.0
2019-09-14,26320.0
2019-09-15,26320.0
2019-09-16,26320.0
2019-09-17,26310.0
2019-09-18,26190.0
2019-09-19,26250.0
2019-09-20,26150.0
2019-09-21,26145.0
2019-09-22,26145.0
2019-09-23,26145.0
2019-09-24,26140.0
2019-09-25,26030.0
2019-09-26,26090.0
2019-09-27,25810.0
2019-09-28,25955.0
2019-09-29,25955.0
2019-09-30,26100.0
2019-10-01,26000.0
2019-10-02,25750.0
2019-10-03,25100.0
2019-10-04,25150.0
2019-10-05,25275.0
2019-10-06,25275.0
2019-10-07,25400.0
2019-10-08,25470.0
2019-10-09,25250.0
2019-10-10,25465.0
2019-10-11,25680.0
2019-10-12,25855.0
2019-10-13,25855.0
2019-10-14,25855.0
2019-10-15,26030.0
2019-10-16,26250.0
2019-10-17,26190.0
2019-10-18,26230.0
2019-10-19,26195.0
2019-10-20,26195.0
2019-10-21,26160.0
2019-10-22,26025.0
2019-10-23,25890.0
2019-10-24,26210.0
2019-10-25,26220.0
2019-10-26,26220.0
2019-10-27,26220.0
2019-10-28,26230.0
2019-10-29,26370.0
2019-10-30,26335.0
2019-10-31,26335.0
2019-11-01,26300.0
2019-11-02,26500.0
2019-11-03,26500.0
2019-11-04,26500.0
2019-11-05,26700.0
2019-11-06,26850.0
2019-11-07,26830.0
2019-11-08,27100.0
2019-11-09,27050.0
2019-11-10,27050.0
2019-11-11,27000.0
2019-11-12,26975.0
2019-11-13,26975.0
2019-11-14,26950.0
2019-11-15,26920.0
2019-11-16,27110.0
2019-11-17,27110.0
2019-11-18,27300.0
2019-11-19,27200.0
2019-11-20,26990.0
2019-11-21,27050.0
2019-11-22,27110.0
2019-11-23,27110.0
2019-11-24,27110.0
2019-11-25,27170.0
2019-11-26,27470.0
2019-11-27,27550.0
2019-11-28,27485.0
2019-11-29,27420.0
2019-11-30,27525.0
2019-12-01,27525.0
2019-12-02,27630.0
2019-12-03,27290.0
2019-12-04,26800.0
2019-12-05,26990.0
2019-12-06,26990.0
2019-12-07,27065.0
2019-12-08,27065.0
2019-12-09,27140.0
2019-12-10,27115.0
2019-12-11,27090.0
2019-12-12,27100.0
2019-12-13,27700.0
2019-12-14,27680.0
2019-12-15,27680.0
2019-12-16,27660.0
2019-12-17,27750.0
2019-12-18,27630.0
2019-12-19,27700.0
2019-12-20,27720.0
2019-12-21,27770.0
2019-12-22,27770.0
2019-12-23,27820.0
2019-12-24,27990.0
2019-12-25,28010.0
2019-12-26,28030.0
2019-12-27,27970.0
2019-12-28,27920.0
2019-12-29,27920.0
2019-12-30,27870.0
2019-12-31,27685.0
2020-01-01,27685.0
2020-01-02,27685.0
2020-01-03,27685.0
2020-01-04,27685.0
2020-01-05,27685.0
2020-01-06,27500.0
2020-01-07,27770.0
2020-01-08,27660.0
2020-01-09,28090.0
2020-01-10,28600.0
2020-01-11,28595.0
2020-01-12,28595.0
2020-01-13,28595.0
2020-01-14,28590.0
2020-01-15,28300.0
2020-01-16,28640.0
2020-01-17,28850.0
2020-01-18,28950.0
2020-01-19,28950.0
2020-01-20,29050.0
2020-01-21,28800.0
2020-01-22,29020.0
2020-01-23,28420.0
2020-01-24,28460.0
2020-01-25,28300.0
2020-01-26,28300.0
2020-01-27,28140.0
2020-01-28,28030.0
2020-01-29,28290.0
2020-01-30,28010.0
2020-01-31,28340.0
2020-02-01,28010.0
2020-02-02,28010.0
2020-02-03,27680.0
2020-02-04,27800.0
2020-02-05,28250.0
2020-02-06,29080.0
2020-02-07,28770.0
2020-02-08,28620.0
2020-02-09,28620.0
2020-02-10,28470.0
2020-02-11,28615.0
2020-02-12,28760.0
2020-02-13,28890.0
2020-02-14,28830.0
2020-02-15,28945.0
2020-02-16,28945.0
2020-02-17,29060.0
2020-02-18,28760.0
2020-02-19,28760.0
2020-02-20,29200.0
2020-02-21,29090.0
2020-02-22,28680.0
2020-02-23,28680.0
2020-02-24,28680.0
2020-02-25,28270.0
2020-02-26,26890.0
2020-02-27,26310.0
2020-02-28,24750.0
2020-02-29,24827.5
2020-03-01,24905.0
2020-03-02,25060.0
2020-03-03,25650.0
2020-03-04,25540.0
2020-03-05,26030.0
2020-03-06,24550.0
2020-03-07,23605.0
2020-03-08,23605.0
2020-03-09,22660.0
2020-03-10,23330.0
2020-03-11,22370.0
2020-03-12,21180.0
2020-03-13,20470.0
2020-03-14,20720.0
2020-03-15,20720.0
2020-03-16,20970.0
2020-03-17,20250.0
2020-03-18,19320.0
2020-03-19,18950.0
2020-03-20,18550.0
2020-03-21,18550.0
2020-03-22,18550.0
2020-03-23,18150.0
2020-03-24,19120.0
2020-03-25,22690.0
2020-03-26,21480.0
2020-03-27,21570.0
2020-03-28,21385.0
2020-03-29,21385.0
2020-03-30,21200.0
2020-03-31,21470.0
2020-04-01,20510.0
2020-04-02,20360.0
2020-04-03,20430.0
2020-04-04,20885.0
2020-04-05,20885.0
2020-04-06,21340.0
2020-04-07,22260.0
2020-04-08,22400.0
2020-04-09,22880.0
2020-04-10,22970.0
2020-04-11,22765.0
2020-04-12,22765.0
2020-04-13,22560.0
2020-04-14,22960.0
2020-04-15,22830.0
2020-04-16,22730.0
2020-04-17,23430.0
2020-04-18,23305.0
2020-04-19,23305.0
2020-04-20,23180.0
2020-04-21,22650.0
2020-04-22,22360.0
2020-04-23,22600.0
2020-04-24,22400.0
2020-04-25,22695.0
2020-04-26,22695.0
2020-04-27,22990.0
2020-04-28,23230.0
2020-04-29,23470.0
2020-04-30,23710.0
2020-05-01,23050.0
2020-05-02,22840.0
2020-05-03,22840.0
2020-05-04,22840.0
2020-05-05,22840.0
2020-05-06,22840.0
2020-05-07,22630.0
2020-05-08,23030.0
2020-05-09,23245.0
2020-05-10,23245.0
2020-05-11,23460.0
2020-05-12,23160.0
2020-05-13,22790.0
2020-05-14,22200.0
2020-05-15,22660.0
2020-05-16,22770.0
2020-05-17,22770.0
2020-05-18,22880.0
2020-05-19,23530.0
2020-05-20,23500.0
2020-05-21,23480.0
2020-05-22,23280.0
2020-05-23,23470.0
2020-05-24,23470.0
2020-05-25,23660.0
2020-05-26,24130.0
2020-05-27,24200.0
2020-05-28,24850.0
2020-05-29,24390.0
2020-05-30,24410.0
2020-05-31,24410.0
2020-06-01,24430.0
2020-06-02,24490.0
2020-06-03,25050.0
2020-06-04,25570.0
2020-06-05,25860.0
2020-06-06,26180.0
2020-06-07,26180.0
2020-06-08,26500.0
2020-06-09,26460.0
2020-06-10,26350.0
2020-06-11,25300.0
2020-06-12,24550.0
2020-06-13,24075.0
2020-06-14,24075.0
2020-06-15,23600.0
2020-06-16,25140.0
2020-06-17,25090.0
2020-06-18,24720.0
2020-06-19,24790.0
2020-06-20,24690.0
2020-06-21,24690.0
2020-06-22,24590.0
2020-06-23,24880.0
2020-06-24,24880.0
2020-06-25,24350.0
2020-06-26,24570.0
2020-06-27,24255.0
2020-06-28,24255.0
2020-06-29,23940.0
2020-06-30,24540.0
2020-07-01,24620.0
2020-07-02,24650.0
2020-07-03,24790.0
2020-07-04,24965.0
2020-07-05,24965.0
2020-07-06,25140.0
2020-07-07,25100.0
2020-07-08,24830.0
2020-07-09,24950.0
2020-07-10,24300.0
2020-07-11,24665.0
2020-07-12,24665.0
2020-07-13,25030.0
2020-07-14,25030.0
2020-07-15,25680.0
2020-07-16,25560.0
2020-07-17,25490.0
2020-07-18,25420.0
2020-07-19,25420.0
2020-07-20,25350.0
2020-07-21,25770.0
2020-07-22,25690.0
2020-07-23,25355.0
2020-07-24,25355.0
2020-07-25,25355.0
2020-07-26,25355.0
2020-07-27,25020.0
2020-07-28,25080.0
2020-07-29,24710.0
2020-07-30,24810.0
2020-07-31,24470.0
2020-08-01,24680.0
2020-08-02,24680.0
2020-08-03,24890.0
2020-08-04,25220.0
2020-08-05,25280.0
2020-08-06,25560.0
2020-08-07,25680.0
2020-08-08,26010.0
2020-08-09,26010.0
2020-08-10,26010.0
2020-08-11,26340.0
2020-08-12,26380.0
2020-08-13,26620.0
2020-08-14,26650.0
2020-08-15,26600.0
2020-08-16,26600.0
2020-08-17,26550.0
2020-08-18,26230.0
2020-08-19,26190.0
2020-08-20,26050.0
2020-08-21,26220.0
2020-08-22,26355.0
2020-08-23,26355.0
2020-08-24,26490.0
2020-08-25,26950.0
2020-08-26,26810.0
2020-08-27,26770.0
2020-08-28,27200.0
2020-08-29,27160.0
2020-08-30,27160.0
2020-08-31,27120.0
2020-09-01,26950.0
2020-09-02,27280.0
2020-09-03,27670.0
2020-09-04,26960.0
2020-09-05,26840.0
2020-09-06,26840.0
2020-09-07,26720.0
2020-09-08,26950.0
2020-09-09,26180.0
2020-09-10,26600.0
2020-09-11,26350.0
2020-09-12,26400.0
2020-09-13,26400.0
2020-09-14,26450.0
2020-09-15,26480.0
2020-09-16,26470.0
2020-09-17,26170.0
2020-09-18,26160.0
2020-09-19,26000.0
2020-09-20,26000.0
2020-09-21,26000.0
2020-09-22,26000.0
2020-09-23,25840.0
2020-09-24,25240.0
2020-09-25,25360.0
2020-09-26,25560.0
2020-09-27,25560.0
2020-09-28,25760.0
2020-09-29,26140.0
2020-09-30,25690.0
2020-10-01,25665.0
2020-10-02,25640.0
2020-10-03,25975.0
2020-10-04,25975.0
2020-10-05,26310.0
2020-10-06,26590.0
2020-10-07,26360.0
2020-10-08,26820.0
2020-10-09,26990.0
2020-10-10,27035.0
2020-10-11,27035.0
2020-10-12,27080.0
2020-10-13,27160.0
2020-10-14,27080.0
2020-10-15,26820.0
2020-10-16,26770.0
2020-10-17,26880.0
2020-10-18,26880.0
2020-10-19,26990.0
2020-10-20,26690.0
2020-10-21,26445.0
2020-10-22,26200.0
2020-10-23,26510.0
2020-10-24,26410.0
2020-10-25,26410.0
2020-10-26,26310.0
2020-10-27,26010.0
2020-10-28,25430.0
2020-10-29,24960.0
2020-10-30,24320.0
2020-10-31,24585.0
2020-11-01,24585.0
2020-11-02,24850.0
2020-11-03,25320.0
2020-11-04,25790.0
2020-11-05,26090.0
2020-11-06,26070.0
2020-11-07,26255.0
2020-11-08,26255.0
2020-11-09,26440.0
2020-11-10,27080.0
2020-11-11,27600.0
2020-11-12,27390.0
2020-11-13,27170.0
2020-11-14,27440.0
2020-11-15,27440.0
2020-11-16,27710.0
2020-11-17,27810.0
2020-11-18,27500.0
2020-11-19,27250.0
2020-11-20,27080.0
2020-11-21,27405.0
2020-11-22,27405.0
2020-11-23,27405.0
2020-11-24,27730.0
2020-11-25,27990.0
2020-11-26,27800.0
2020-11-27,27650.0
2020-11-28,27575.0
2020-11-29,27575.0
2020-11-30,27500.0
2020-12-01,27830.0
2020-12-02,27610.0
2020-12-03,27500.0
2020-12-04,27500.0
2020-12-05,27575.0
2020-12-06,27575.0
2020-12-07,27650.0
2020-12-08,27560.0
2020-12-09,27750.0
2020-12-10,27660.0
2020-12-11,27470.0
2020-12-12,27580.0
2020-12-13,27580.0
2020-12-14,27690.0
2020-12-15,27440.0
2020-12-16,27520.0
2020-12-17,27490.0
2020-12-18,27550.0
2020-12-19,27565.0
2020-12-20,27565.0
2020-12-21,27580.0
2020-12-22,27360.0
2020-12-23,27290.0
2020-12-24,27520.0
2020-12-25,27470.0
2020-12-26,27555.0
2020-12-27,27555.0
2020-12-28,27640.0
2020-12-29,27920.0
2020-12-30,27660.0
2020-12-31,27710.0
2021-01-01,27710.0
2021-01-02,27710.0
2021-01-03,27710.0
2021-01-04,27760.0
2021-01-05,27360.0
2021-01-06,27440.0
2021-01-07,28110.0
2021-01-08,28510.0
2021-01-09,28505.0
2021-01-10,28505.0
2021-01-11,28505.0
2021-01-12,28500.0
2021-01-13,28460.0
2021-01-14,28490.0
2021-01-15,28150.0
2021-01-16,28120.0
2021-01-17,28120.0
2021-01-18,28090.0
2021-01-19,28330.0
2021-01-20,28240.0
2021-01-21,28450.0
2021-01-22,28360.0
2021-01-23,28405.0
2021-01-24,28405.0
2021-01-25,28450.0
2021-01-26,28100.0
2021-01-27,28270.0
2021-01-28,27870.0
2021-01-29,27850.0
2021-01-30,27815.0
2021-01-31,27815.0
2021-02-01,27780.0
2021-02-02,28050.0
2021-02-03,28390.0
2021-02-04,28340.0
2021-02-05,28980.0
2021-02-06,29015.0
2021-02-07,29015.0
2021-02-08,29050.0
2021-02-09,29000.0
2021-02-10,28990.0
2021-02-11,28995.0
2021-02-12,29000.0
2021-02-13,29125.0
2021-02-14,29125.0
2021-02-15,29250.0
2021-02-16,29450.0
2021-02-17,29390.0
2021-02-18,29520.0
2021-02-19,29200.0
2021-02-20,29225.0
2021-02-21,29225.0
2021-02-22,29250.0
2021-02-23,29255.0
2021-02-24,29260.0
2021-02-25,29940.0
2021-02-26,29200.0
2021-02-27,29225.0
2021-02-28,29225.0
2021-03-01,29250.0
2021-03-02,29620.0
2021-03-03,29630.0
2021-03-04,29370.0
2021-03-05,29350.0
2021-03-06,29725.0
2021-03-07,29725.0
2021-03-08,30100.0
2021-03-09,30800.0
2021-03-10,30550.0
2021-03-11,31100.0
2021-03-12,31200.0
2021-03-13,31400.0
2021-03-14,31400.0
2021-03-15,31600.0
2021-03-16,31600.0
2021-03-17,31550.0
2021-03-18,31750.0
2021-03-19,31550.0
2021-03-20,31375.0
2021-03-21,31375.0
2021-03-22,31200.0
2021-03-23,31250.0
2021-03-24,30950.0
2021-03-25,31100.0
2021-03-26,31500.0
2021-03-27,31600.0
2021-03-28,31600.0
2021-03-29,31700.0
2021-03-30,32200.0
2021-03-31,32250.0
2021-04-01,32250.0
2021-04-02,32250.0
2021-04-03,32350.0
2021-04-04,32350.0
2021-04-05,32450.0
2021-04-06,32400.0
2021-04-07,32300.0
2021-04-08,32450.0
2021-04-09,32300.0
2021-04-10,32400.0
2021-04-11,32400.0
2021-04-12,32500.0
2021-04-13,32650.0
2021-04-14,32350.0
2021-04-15,32450.0
2021-04-16,32550.0
2021-04-17,32575.0
2021-04-18,32575.0
2021-04-19,32600.0
2021-04-20,32550.0
2021-04-21,32150.0
2021-04-22,32350.0
2021-04-23,32100.0
2021-04-24,32200.0
2021-04-25,32200.0
2021-04-26,32300.0
2021-04-27,32450.0
2021-04-28,32550.0
2021-04-29,32525.0
2021-04-30,32500.0
2021-05-01,32725.0
2021-05-02,32725.0
2021-05-03,32725.0
2021-05-04,32725.0
2021-05-05,32725.0
2021-05-06,32950.0
2021-05-07,33150.0
2021-05-08,33300.0
2021-05-09,33300.0
2021-05-10,33450.0
2021-05-11,33250.0
2021-05-12,32700.0
2021-05-13,32350.0
2021-05-14,33000.0
2021-05-15,32975.0
2021-05-16,32975.0
2021-05-17,32950.0
2021-05-18,33100.0
2021-05-19,32550.0
2021-05-20,32600.0
2021-05-21,32650.0
2021-05-22,32750.0
2021-05-23,32750.0
2021-05-24,32850.0
2021-05-25,33050.0
2021-05-26,32950.0
2021-05-27,33000.0
2021-05-28,33450.0
2021-05-29,33450.0
2021-05-30,33450.0
2021-05-31,33450.0
2021-06-01,33350.0
2021-06-02,33350.0
2021-06-03,33450.0
2021-06-04,33500.0
2021-06-05,33475.0
2021-06-06,33475.0
2021-06-07,33450.0
2021-06-08,33300.0
2021-06-09,33300.0
2021-06-10,33250.0
2021-06-11,33200.0
2021-06-12,33275.0
2021-06-13,33275.0
2021-06-14,33350.0
2021-06-15,33400.0
2021-06-16,33250.0
2021-06-17,33050.0
2021-06-18,32750.0
2021-06-19,32375.0
2021-06-20,32375.0
2021-06-21,32000.0
2021-06-22,33050.0
2021-06-23,33150.0
2021-06-24,33100.0
2021-06-25,33500.0
2021-06-26,33525.0
2021-06-27,33525.0
2021-06-28,33550.0
2021-06-29,33350.0
2021-06-30,33350.0
2021-07-01,33750.0
2021-07-02,34050.0
2021-07-03,34025.0
2021-07-04,34025.0
2021-07-05,34000.0
2021-07-06,34000.0
2021-07-07,33650.0
2021-07-08,33500.0
2021-07-09,33350.0
2021-07-10,33575.0
2021-07-11,33575.0
2021-07-12,33800.0
2021-07-13,33950.0
2021-07-14,33850.0
2021-07-15,33750.0
2021-07-16,33800.0
2021-07-17,33575.0
2021-07-18,33575.0
2021-07-19,33350.0
2021-07-20,32850.0
2021-07-21,33350.0
2021-07-22,33600.0
2021-07-23,33600.0
2021-07-24,33600.0
2021-07-25,33600.0
2021-07-26,33850.0
2021-07-27,33950.0
2021-07-28,33750.0
2021-07-29,33700.0
2021-07-30,33600.0
2021-07-31,33700.0
2021-08-01,33700.0
2021-08-02,33800.0
2021-08-03,33450.0
2021-08-04,33600.0
2021-08-05,33600.0
2021-08-06,33750.0
2021-08-07,33875.0
2021-08-08,33875.0
2021-08-09,33875.0
2021-08-10,34000.0
2021-08-11,34250.0
2021-08-12,34350.0
2021-08-13,34400.0
2021-08-14,34225.0
2021-08-15,34225.0
2021-08-16,34050.0
2021-08-17,34050.0
2021-08-18,34050.0
2021-08-19,33700.0
2021-08-20,33550.0
2021-08-21,33775.0
2021-08-22,33775.0
2021-08-23,34000.0
2021-08-24,34200.0
2021-08-25,34050.0
2021-08-26,34100.0
2021-08-27,34150.0
2021-08-28,34200.0
2021-08-29,34200.0
2021-08-30,34250.0
2021-08-31,34250.0
2021-09-01,34350.0
2021-09-02,34150.0
2021-09-03,34300.0
2021-09-04,34250.0
2021-09-05,34250.0
2021-09-06,34200.0
2021-09-07,34175.0
2021-09-08,34150.0
2021-09-09,33750.0
2021-09-10,33900.0
2021-09-11,33775.0
2021-09-12,33775.0
2021-09-13,33650.0
2021-09-14,33850.0
2021-09-15,33350.0
2021-09-16,33450.0
2021-09-17,33550.0
2021-09-18,33250.0
2021-09-19,33250.0
2021-09-20,33250.0
2021-09-21,32950.0
2021-09-22,32800.0
2021-09-23,33300.0
2021-09-24,33800.0
2021-09-25,33900.0
2021-09-26,33900.0
2021-09-27,34000.0
2021-09-28,34150.0
2021-09-29,33850.0
2021-09-30,34050.0
2021-10-01,32950.0
2021-10-02,33175.0
2021-10-03,33175.0
2021-10-04,33400.0
2021-10-05,33250.0
2021-10-06,33600.0
2021-10-07,33800.0
2021-10-08,34200.0
2021-10-09,34300.0
2021-10-10,34300.0
2021-10-11,34400.0
2021-10-12,34250.0
2021-10-13,34250.0
2021-10-14,34450.0
2021-10-15,35100.0
2021-10-16,35275.0
2021-10-17,35275.0
2021-10-18,35450.0
2021-10-19,35400.0
2021-10-20,35700.0
2021-10-21,35550.0
2021-10-22,35600.0
2021-10-23,35600.0
2021-10-24,35600.0
2021-10-25,35600.0
2021-10-26,35750.0
2021-10-27,35850.0
2021-10-28,35450.0
2021-10-29,35600.0
2021-10-30,35800.0
2021-10-31,35800.0
2021-11-01,36000.0
2021-11-02,35750.0
2021-11-03,35975.0
2021-11-04,36200.0
2021-11-05,36050.0
2021-11-06,36125.0
2021-11-07,36125.0
2021-11-08,36200.0
2021-11-09,35950.0
2021-11-10,35850.0
2021-11-11,36050.0
2021-11-12,36050.0
2021-11-13,36075.0
2021-11-14,36075.0
2021-11-15,36100.0
2021-11-16,36150.0
2021-11-17,36400.0
2021-11-18,36100.0
2021-11-19,36200.0
2021-11-20,36025.0
2021-11-21,36025.0
2021-11-22,35850.0
2021-11-23,35975.0
2021-11-24,36100.0
2021-11-25,36450.0
2021-11-26,35600.0
2021-11-27,35265.0
2021-11-28,35265.0
2021-11-29,34930.0
2021-11-30,34500.0
2021-12-01,34580.0
2021-12-02,34080.0
2021-12-03,34040.0
2021-12-04,34075.0
2021-12-05,34075.0
2021-12-06,34110.0
2021-12-07,34870.0
2021-12-08,35130.0
2021-12-09,35070.0
2021-12-10,35070.0
2021-12-11,35220.0
2021-12-12,35220.0
2021-12-13,35370.0
2021-12-14,35060.0
2021-12-15,35030.0
2021-12-16,35530.0
2021-12-17,35190.0
2021-12-18,34785.0
2021-12-19,34785.0
2021-12-20,34380.0
2021-12-21,34630.0
2021-12-22,35000.0
2021-12-23,35300.0
2021-12-24,35340.0
2021-12-25,35460.0
2021-12-26,35460.0
2021-12-27,35580.0
2021-12-28,35970.0
2021-12-29,36150.0
2021-12-30,36200.0
2021-12-31,36440.0
2022-01-01,36440.0
2022-01-02,36440.0
2022-01-03,36440.0
2022-01-04,36680.0
2022-01-05,36710.0
2022-01-06,36260.0
2022-01-07,36370.0
2022-01-08,36130.0
2022-01-09,36130.0
2022-01-10,36130.0
2022-01-11,35890.0
2022-01-12,36160.0
2022-01-13,35860.0
2022-01-14,35540.0
2022-01-15,35510.0
2022-01-16,35510.0
2022-01-17,35480.0
2022-01-18,35520.0
2022-01-19,34720.0
2022-01-20,34730.0
2022-01-21,34200.0
2022-01-22,34065.0
2022-01-23,34065.0
2022-01-24,33930.0
2022-01-25,33400.0
2022-01-26,33910.0
2022-01-27,33510.0
2022-01-28,34200.0
2022-01-29,34610.0
2022-01-30,34610.0
2022-01-31,35020.0
2022-02-01,34940.0
2022-02-02,35040.0
2022-02-03,35200.0
2022-02-04,35000.0
2022-02-05,34955.0
2022-02-06,34955.0
2022-02-07,34910.0
2022-02-08,34930.0
2022-02-09,35430.0
2022-02-10,35690.0
2022-02-11,35195.0
2022-02-12,35195.0
2022-02-13,35195.0
2022-02-14,34700.0
2022-02-15,34330.0
2022-02-16,34860.0
2022-02-17,34800.0
2022-02-18,34680.0
2022-02-19,34475.0
2022-02-20,34475.0
2022-02-21,34270.0
2022-02-22,33370.0
2022-02-23,32710.0
2022-02-24,32050.0
2022-02-25,33240.0
2022-02-26,33410.0
2022-02-27,33410.0
2022-02-28,33580.0
2022-03-01,33780.0
2022-03-02,33360.0
2022-03-03,33910.0
2022-03-04,33630.0
2022-03-05,33460.0
2022-03-06,33460.0
2022-03-07,33290.0
2022-03-08,32770.0
2022-03-09,32710.0
2022-03-10,33380.0
2022-03-11,33540.0
2022-03-12,33670.0
2022-03-13,33670.0
2022-03-14,33800.0
2022-03-15,33610.0
2022-03-16,34500.0
2022-03-17,35190.0
2022-03-18,35370.0
2022-03-19,35580.0
2022-03-20,35580.0
2022-03-21,35580.0
2022-03-22,35790.0
2022-03-23,36420.0
2022-03-24,36250.0
2022-03-25,36570.0
2022-03-26,36780.0
2022-03-27,36780.0
2022-03-28,36990.0
2022-03-29,37310.0
2022-03-30,37200.0
2022-03-31,37080.0
2022-04-01,36820.0
2022-04-02,36850.0
2022-04-03,36850.0
2022-04-04,36880.0
2022-04-05,37080.0
2022-04-06,37030.0
2022-04-07,36770.0
2022-04-08,37090.0
2022-04-09,37220.0
2022-04-10,37220.0
2022-04-11,37350.0
2022-04-12,37140.0
2022-04-13,37490.0
2022-04-14,37540.0
2022-04-15,37440.0
2022-04-16,37550.0
2022-04-17,37550.0
2022-04-18,37660.0
2022-04-19,38220.0
2022-04-20,38820.0
2022-04-21,39110.0
2022-04-22,38680.0
2022-04-23,37995.0
2022-04-24,37995.0
2022-04-25,37310.0
2022-04-26,37780.0
2022-04-27,37120.0
2022-04-28,37970.0
2022-04-29,37695.0
2022-04-30,37695.0
