Date,usd_jpy
2012-07-04,79.84
2012-07-05,79.89
2012-07-06,79.67
2012-07-07,79.625
2012-07-08,79.625
2012-07-09,79.58
2012-07-10,79.44
2012-07-11,79.75
2012-07-12,79.3
2012-07-13,79.22
2012-07-14,79.03999999999999
2012-07-15,79.03999999999999
2012-07-16,78.86
2012-07-17,79.07
2012-07-18,78.81
2012-07-19,78.59
2012-07-20,78.49
2012-07-21,78.44
2012-07-22,78.44
2012-07-23,78.39
2012-07-24,78.19
2012-07-25,78.17
2012-07-26,78.22
2012-07-27,78.42
2012-07-28,78.30000000000001
2012-07-29,78.30000000000001
2012-07-30,78.18
2012-07-31,78.13
2012-08-01,78.44
2012-08-02,78.23
2012-08-03,78.48
2012-08-04,78.36500000000001
2012-08-05,78.36500000000001
2012-08-06,78.25
2012-08-07,78.61
2012-08-08,78.42
2012-08-09,78.56
2012-08-10,78.28
2012-08-11,78.3
2012-08-12,78.3
2012-08-13,78.32
2012-08-14,78.73
2012-08-15,79.0
2012-08-16,79.34
2012-08-17,79.56
2012-08-18,79.49000000000001
2012-08-19,79.49000000000001
2012-08-20,79.42
2012-08-21,79.28
2012-08-22,78.58
2012-08-23,78.48
2012-08-24,78.67
2012-08-25,78.71000000000001
2012-08-26,78.71000000000001
2012-08-27,78.75
2012-08-28,78.51
2012-08-29,78.7
2012-08-30,78.62
2012-08-31,78.39
2012-09-01,78.325
2012-09-02,78.325
2012-09-03,78.26
2012-09-04,78.42
2012-09-05,78.39
2012-09-06,78.86
2012-09-07,78.27
2012-09-08,78.275
2012-09-09,78.275
2012-09-10,78.28
2012-09-11,77.77
2012-09-12,77.85
2012-09-13,77.49
2012-09-14,78.39
2012-09-15,78.545
2012-09-16,78.545
2012-09-17,78.7
2012-09-18,78.82
2012-09-19,78.38
2012-09-20,78.25
2012-09-21,78.17
2012-09-22,78.015
2012-09-23,78.015
2012-09-24,77.86
2012-09-25,77.8
2012-09-26,77.75
2012-09-27,77.61
2012-09-28,77.92
2012-09-29,77.96000000000001
2012-09-30,77.96000000000001
2012-10-01,78.0
2012-10-02,78.16
2012-10-03,78.5
2012-10-04,78.48
2012-10-05,78.67
2012-10-06,78.5
2012-10-07,78.5
2012-10-08,78.33
2012-10-09,78.25
2012-10-10,78.19
2012-10-11,78.33
2012-10-12,78.44
2012-10-13,78.53999999999999
2012-10-14,78.53999999999999
2012-10-15,78.64
2012-10-16,78.89
2012-10-17,78.94
2012-10-18,79.28
2012-10-19,79.32
2012-10-20,79.63
2012-10-21,79.63
2012-10-22,79.94
2012-10-23,79.86
2012-10-24,79.81
2012-10-25,80.3
2012-10-26,79.65
2012-10-27,79.73
2012-10-28,79.73
2012-10-29,79.81
2012-10-30,79.64
2012-10-31,79.77
2012-11-01,80.14
2012-11-02,80.47
2012-11-03,80.38
2012-11-04,80.38
2012-11-05,80.29
2012-11-06,80.36
2012-11-07,80.0
2012-11-08,79.47
2012-11-09,79.5
2012-11-10,79.5
2012-11-11,79.5
2012-11-12,79.5
2012-11-13,79.39
2012-11-14,80.25
2012-11-15,81.16
2012-11-16,81.3
2012-11-17,81.36
2012-11-18,81.36
2012-11-19,81.42
2012-11-20,81.67
2012-11-21,82.53
2012-11-22,82.47
2012-11-23,82.42
2012-11-24,82.245
2012-11-25,82.245
2012-11-26,82.07
2012-11-27,82.14
2012-11-28,82.07
2012-11-29,82.12
2012-11-30,82.48
2012-12-01,82.36500000000001
2012-12-02,82.36500000000001
2012-12-03,82.25
2012-12-04,81.89
2012-12-05,82.47
2012-12-06,82.41
2012-12-07,82.48
2012-12-08,82.42
2012-12-09,82.42
2012-12-10,82.36
2012-12-11,82.52
2012-12-12,83.25
2012-12-13,83.64
2012-12-14,83.48
2012-12-15,83.685
2012-12-16,83.685
2012-12-17,83.89
2012-12-18,84.2
2012-12-19,84.41
2012-12-20,84.38
2012-12-21,84.23
2012-12-22,84.58500000000001
2012-12-23,84.58500000000001
2012-12-24,84.94
2012-12-25,84.75
2012-12-26,85.64
2012-12-27,86.1
2012-12-28,86.02
2012-12-29,86.38499999999999
2012-12-30,86.38499999999999
2012-12-31,86.75
2013-01-01,86.69
2013-01-02,87.34
2013-01-03,87.23
2013-01-04,88.15
2013-01-05,87.965
2013-01-06,87.965
2013-01-07,87.78
2013-01-08,87.05
2013-01-09,87.88
2013-01-10,88.78
2013-01-11,89.18
2013-01-12,89.325
2013-01-13,89.325
2013-01-14,89.47
2013-01-15,88.79
2013-01-16,88.39
2013-01-17,89.88
2013-01-18,90.08
2013-01-19,89.845
2013-01-20,89.845
2013-01-21,89.61
2013-01-22,88.71
2013-01-23,88.61
2013-01-24,90.33
2013-01-25,90.92
2013-01-26,90.88499999999999
2013-01-27,90.88499999999999
2013-01-28,90.85
2013-01-29,90.73
2013-01-30,91.08
2013-01-31,91.72
2013-02-01,92.72
2013-02-02,92.55
2013-02-03,92.55
2013-02-04,92.38
2013-02-05,93.63
2013-02-06,93.64
2013-02-07,93.63
2013-02-08,92.69
2013-02-09,93.50999999999999
2013-02-10,93.50999999999999
2013-02-11,94.33
2013-02-12,93.47
2013-02-13,93.39
2013-02-14,92.88
2013-02-15,93.52
2013-02-16,93.735
2013-02-17,93.735
2013-02-18,93.95
2013-02-19,93.58
2013-02-20,93.56
2013-02-21,93.11
2013-02-22,93.41
2013-02-23,92.61
2013-02-24,92.61
2013-02-25,91.81
2013-02-26,91.98
2013-02-27,92.23
2013-02-28,92.56
2013-03-01,93.59
2013-03-02,93.535
2013-03-03,93.535
2013-03-04,93.48
2013-03-05,93.29
2013-03-06,94.08
2013-03-07,94.83
2013-03-08,96.03
2013-03-09,96.155
2013-03-10,96.155
2013-03-11,96.28
2013-03-12,96.08
2013-03-13,96.11
2013-03-14,96.11
2013-03-15,95.28
2013-03-16,95.25
2013-03-17,95.25
2013-03-18,95.22
2013-03-19,95.16
2013-03-20,96.03
2013-03-21,94.89
2013-03-22,94.52
2013-03-23,94.345
2013-03-24,94.345
2013-03-25,94.17
2013-03-26,94.44
2013-03-27,94.44
2013-03-28,94.14
2013-03-29,94.22
2013-03-30,93.725
2013-03-31,93.725
2013-04-01,93.23
2013-04-02,93.44
2013-04-03,93.06
2013-04-04,96.34
2013-04-05,97.53
2013-04-06,98.445
2013-04-07,98.445
2013-04-08,99.36
2013-04-09,99.03
2013-04-10,99.78
2013-04-11,99.68
2013-04-12,98.4
2013-04-13,97.59
2013-04-14,97.59
2013-04-15,96.78
2013-04-16,97.54
2013-04-17,98.11
2013-04-18,98.17
2013-04-19,99.52
2013-04-20,99.37
2013-04-21,99.37
2013-04-22,99.22
2013-04-23,99.47
2013-04-24,99.48
2013-04-25,99.25
2013-04-26,98.05
2013-04-27,97.91
2013-04-28,97.91
2013-04-29,97.77
2013-04-30,97.42
2013-05-01,97.39
2013-05-02,97.97
2013-05-03,99.03
2013-05-04,99.185
2013-05-05,99.185
2013-05-06,99.34
2013-05-07,99.02
2013-05-08,99.0
2013-05-09,100.61
2013-05-10,101.61
2013-05-11,101.72
2013-05-12,101.72
2013-05-13,101.83
2013-05-14,102.36
2013-05-15,102.23
2013-05-16,102.25
2013-05-17,103.21
2013-05-18,102.74
2013-05-19,102.74
2013-05-20,102.27
2013-05-21,102.5
2013-05-22,103.16
2013-05-23,102.03
2013-05-24,101.29
2013-05-25,101.11500000000001
2013-05-26,101.11500000000001
2013-05-27,100.94
2013-05-28,102.38
2013-05-29,101.16
2013-05-30,100.73
2013-05-31,100.48
2013-06-01,100.005
2013-06-02,100.005
2013-06-03,99.53
2013-06-04,100.03
2013-06-05,99.06
2013-06-06,96.96
2013-06-07,97.55
2013-06-08,98.16
2013-06-09,98.16
2013-06-10,98.77
2013-06-11,96.03
2013-06-12,96.03
2013-06-13,95.38
2013-06-14,94.08
2013-06-15,94.295
2013-06-16,94.295
2013-06-17,94.51
2013-06-18,95.33
2013-06-19,96.47
2013-06-20,97.28
2013-06-21,97.9
2013-06-22,97.815
2013-06-23,97.815
2013-06-24,97.73
2013-06-25,97.81
2013-06-26,97.75
2013-06-27,98.36
2013-06-28,99.14
2013-06-29,99.405
2013-06-30,99.405
2013-07-01,99.67
2013-07-02,100.63
2013-07-03,99.92
2013-07-04,100.05
2013-07-05,101.2
2013-07-06,101.08500000000001
2013-07-07,101.08500000000001
2013-07-08,100.97
2013-07-09,101.16
2013-07-10,99.67
2013-07-11,98.96
2013-07-12,99.22
2013-07-13,99.53999999999999
2013-07-14,99.53999999999999
2013-07-15,99.86
2013-07-16,99.09
2013-07-17,99.58
2013-07-18,100.42
2013-07-19,100.65
2013-07-20,100.16
2013-07-21,100.16
2013-07-22,99.67
2013-07-23,99.43
2013-07-24,100.25
2013-07-25,99.3
2013-07-26,98.28
2013-07-27,98.11500000000001
2013-07-28,98.11500000000001
2013-07-29,97.95
2013-07-30,98.03
2013-07-31,97.88
2013-08-01,99.55
2013-08-02,98.97
2013-08-03,98.64
2013-08-04,98.64
2013-08-05,98.31
2013-08-06,97.75
2013-08-07,96.33
2013-08-08,96.73
2013-08-09,96.22
2013-08-10,96.565
2013-08-11,96.565
2013-08-12,96.91
2013-08-13,98.2
2013-08-14,98.14
2013-08-15,97.37
2013-08-16,97.53
2013-08-17,97.545
2013-08-18,97.545
2013-08-19,97.56
2013-08-20,97.28
2013-08-21,97.67
2013-08-22,98.73
2013-08-23,98.75
2013-08-24,98.63
2013-08-25,98.63
2013-08-26,98.51
2013-08-27,97.03
2013-08-28,97.64
2013-08-29,98.35
2013-08-30,98.17
2013-08-31,98.75
2013-09-01,98.75
2013-09-02,99.33
2013-09-03,99.58
2013-09-04,99.76
2013-09-05,100.12
2013-09-06,99.11
2013-09-07,99.345
2013-09-08,99.345
2013-09-09,99.58
2013-09-10,100.41
2013-09-11,99.88
2013-09-12,99.55
2013-09-13,99.36
2013-09-14,99.22
2013-09-15,99.22
2013-09-16,99.08
2013-09-17,99.12
2013-09-18,97.94
2013-09-19,99.45
2013-09-20,99.31
2013-09-21,99.075
2013-09-22,99.075
2013-09-23,98.84
2013-09-24,98.73
2013-09-25,98.44
2013-09-26,98.99
2013-09-27,98.26
2013-09-28,98.245
2013-09-29,98.245
2013-09-30,98.23
2013-10-01,98.0
2013-10-02,97.36
2013-10-03,97.27
2013-10-04,97.47
2013-10-05,97.09
2013-10-06,97.09
2013-10-07,96.71
2013-10-08,96.88
2013-10-09,97.34
2013-10-10,98.16
2013-10-11,98.58
2013-10-12,98.58
2013-10-13,98.58
2013-10-14,98.58
2013-10-15,98.17
2013-10-16,98.77
2013-10-17,97.91
2013-10-18,97.73
2013-10-19,97.96000000000001
2013-10-20,97.96000000000001
2013-10-21,98.19
2013-10-22,98.14
2013-10-23,97.38
2013-10-24,97.28
2013-10-25,97.42
2013-10-26,97.55000000000001
2013-10-27,97.55000000000001
2013-10-28,97.68
2013-10-29,98.19
2013-10-30,98.51
2013-10-31,98.36
2013-11-01,98.69
2013-11-02,98.65
2013-11-03,98.65
2013-11-04,98.61
2013-11-05,98.5
2013-11-06,98.66
2013-11-07,98.09
2013-11-08,99.08
2013-11-09,99.12
2013-11-10,99.12
2013-11-11,99.16
2013-11-12,99.64
2013-11-13,99.25
2013-11-14,100.02
2013-11-15,100.19
2013-11-16,100.095
2013-11-17,100.095
2013-11-18,100.0
2013-11-19,100.15
2013-11-20,100.03
2013-11-21,101.16
2013-11-22,101.28
2013-11-23,101.48
2013-11-24,101.48
2013-11-25,101.68
2013-11-26,101.3
2013-11-27,102.17
2013-11-28,102.32
2013-11-29,102.44
2013-11-30,102.695
2013-12-01,102.695
2013-12-02,102.95
2013-12-03,102.52
2013-12-04,102.36
2013-12-05,101.78
2013-12-06,102.91
2013-12-07,103.095
2013-12-08,103.095
2013-12-09,103.28
2013-12-10,102.84
2013-12-11,102.44
2013-12-12,103.38
2013-12-13,103.22
2013-12-14,103.125
2013-12-15,103.125
2013-12-16,103.03
2013-12-17,102.67
2013-12-18,104.28
2013-12-19,104.25
2013-12-20,104.08
2013-12-21,104.095
2013-12-22,104.095
2013-12-23,104.11
2013-12-24,104.36
2013-12-25,104.38
2013-12-26,104.81
2013-12-27,105.17
2013-12-28,105.16499999999999
2013-12-29,105.16499999999999
2013-12-30,105.16
2013-12-31,105.31
2014-01-01,105.25
2014-01-02,104.77
2014-01-03,104.86
2014-01-04,104.53999999999999
2014-01-05,104.53999999999999
2014-01-06,104.22
2014-01-07,104.62
2014-01-08,104.86
2014-01-09,104.83
2014-01-10,104.15
2014-01-11,103.575
2014-01-12,103.575
2014-01-13,103.0
2014-01-14,104.22
2014-01-15,104.56
2014-01-16,104.36
2014-01-17,104.31
2014-01-18,104.245
2014-01-19,104.245
2014-01-20,104.18
2014-01-21,104.32
2014-01-22,104.52
2014-01-23,103.27
2014-01-24,102.3
2014-01-25,102.425
2014-01-26,102.425
2014-01-27,102.55
2014-01-28,102.97
2014-01-29,102.3
2014-01-30,102.72
2014-01-31,102.03
2014-02-01,101.50999999999999
2014-02-02,101.50999999999999
2014-02-03,100.99
2014-02-04,101.65
2014-02-05,101.44
2014-02-06,102.11
2014-02-07,102.34
2014-02-08,102.295
2014-02-09,102.295
2014-02-10,102.25
2014-02-11,102.64
2014-02-12,102.53
2014-02-13,102.17
2014-02-14,101.8
2014-02-15,101.87
2014-02-16,101.87
2014-02-17,101.94
2014-02-18,102.37
2014-02-19,102.33
2014-02-20,102.27
2014-02-21,102.53
2014-02-22,102.515
2014-02-23,102.515
2014-02-24,102.5
2014-02-25,102.23
2014-02-26,102.38
2014-02-27,102.13
2014-02-28,101.81
2014-03-01,101.63
2014-03-02,101.63
2014-03-03,101.45
2014-03-04,102.21
2014-03-05,102.31
2014-03-06,103.07
2014-03-07,103.28
2014-03-08,103.275
2014-03-09,103.275
2014-03-10,103.27
2014-03-11,103.02
2014-03-12,102.77
2014-03-13,101.84
2014-03-14,101.36
2014-03-15,101.565
2014-03-16,101.565
2014-03-17,101.77
2014-03-18,101.44
2014-03-19,102.34
2014-03-20,102.4
2014-03-21,102.27
2014-03-22,102.25999999999999
2014-03-23,102.25999999999999
2014-03-24,102.25
2014-03-25,102.27
2014-03-26,102.05
2014-03-27,102.17
2014-03-28,102.81
2014-03-29,103.015
2014-03-30,103.015
2014-03-31,103.22
2014-04-01,103.64
2014-04-02,103.88
2014-04-03,103.92
2014-04-04,103.28
2014-04-05,103.195
2014-04-06,103.195
2014-04-07,103.11
2014-04-08,101.81
2014-04-09,101.98
2014-04-10,101.53
2014-04-11,101.61
2014-04-12,101.725
2014-04-13,101.725
2014-04-14,101.84
2014-04-15,101.93
2014-04-16,102.23
2014-04-17,102.39
2014-04-18,102.42
2014-04-19,102.52000000000001
2014-04-20,102.52000000000001
2014-04-21,102.62
2014-04-22,102.62
2014-04-23,102.54
2014-04-24,102.32
2014-04-25,102.17
2014-04-26,102.33500000000001
2014-04-27,102.33500000000001
2014-04-28,102.5
2014-04-29,102.64
2014-04-30,102.26
2014-05-01,102.34
2014-05-02,102.19
2014-05-03,102.16499999999999
2014-05-04,102.16499999999999
2014-05-05,102.14
2014-05-06,101.69
2014-05-07,101.92
2014-05-08,101.66
2014-05-09,101.86
2014-05-10,101.99000000000001
2014-05-11,101.99000000000001
2014-05-12,102.12
2014-05-13,102.26
2014-05-14,101.89
2014-05-15,101.58
2014-05-16,101.52
2014-05-17,101.515
2014-05-18,101.515
2014-05-19,101.51
2014-05-20,101.33
2014-05-21,101.38
2014-05-22,101.73
2014-05-23,101.97
2014-05-24,101.96000000000001
2014-05-25,101.96000000000001
2014-05-26,101.95
2014-05-27,101.99
2014-05-28,101.84
2014-05-29,101.8
2014-05-30,101.78
2014-05-31,102.08500000000001
2014-06-01,102.08500000000001
2014-06-02,102.39
2014-06-03,102.5
2014-06-04,102.75
2014-06-05,102.39
2014-06-06,102.48
2014-06-07,102.505
2014-06-08,102.505
2014-06-09,102.53
2014-06-10,102.36
2014-06-11,102.08
2014-06-12,101.72
2014-06-13,102.07
2014-06-14,101.955
2014-06-15,101.955
2014-06-16,101.84
2014-06-17,102.14
2014-06-18,101.92
2014-06-19,101.94
2014-06-20,102.08
2014-06-21,102.015
2014-06-22,102.015
2014-06-23,101.95
2014-06-24,101.97
2014-06-25,101.88
2014-06-26,101.73
2014-06-27,101.38
2014-06-28,101.35499999999999
2014-06-29,101.35499999999999
2014-06-30,101.33
2014-07-01,101.53
2014-07-02,101.79
2014-07-03,102.19
2014-07-04,102.12
2014-07-05,101.98
2014-07-06,101.98
2014-07-07,101.84
2014-07-08,101.58
2014-07-09,101.64
2014-07-10,101.33
2014-07-11,101.38
2014-07-12,101.465
2014-07-13,101.465
2014-07-14,101.55
2014-07-15,101.69
2014-07-16,101.68
2014-07-17,101.17
2014-07-18,101.33
2014-07-19,101.36500000000001
2014-07-20,101.36500000000001
2014-07-21,101.4
2014-07-22,101.47
2014-07-23,101.48
2014-07-24,101.81
2014-07-25,101.84
2014-07-26,101.85
2014-07-27,101.85
2014-07-28,101.86
2014-07-29,102.13
2014-07-30,102.8
2014-07-31,102.8
2014-08-01,102.63
2014-08-02,102.61
2014-08-03,102.61
2014-08-04,102.59
2014-08-05,102.59
2014-08-06,102.11
2014-08-07,102.11
2014-08-08,102.06
2014-08-09,102.125
2014-08-10,102.125
2014-08-11,102.19
2014-08-12,102.26
2014-08-13,102.43
2014-08-14,102.44
2014-08-15,102.36
2014-08-16,102.465
2014-08-17,102.465
2014-08-18,102.57
2014-08-19,102.91
2014-08-20,103.75
2014-08-21,103.83
2014-08-22,103.94
2014-08-23,104.0
2014-08-24,104.0
2014-08-25,104.06
2014-08-26,104.07
2014-08-27,103.86
2014-08-28,103.72
2014-08-29,104.08
2014-08-30,104.22
2014-08-31,104.22
2014-09-01,104.36
2014-09-02,105.08
2014-09-03,104.81
2014-09-04,105.27
2014-09-05,105.1
2014-09-06,105.565
2014-09-07,105.565
2014-09-08,106.03
2014-09-09,106.19
2014-09-10,106.84
2014-09-11,107.11
2014-09-12,107.33
2014-09-13,107.25
2014-09-14,107.25
2014-09-15,107.17
2014-09-16,107.12
2014-09-17,108.39
2014-09-18,108.71
2014-09-19,109.05
2014-09-20,108.945
2014-09-21,108.945
2014-09-22,108.84
2014-09-23,108.89
2014-09-24,109.03
2014-09-25,108.75
2014-09-26,109.28
2014-09-27,109.38
2014-09-28,109.38
2014-09-29,109.48
2014-09-30,109.66
2014-10-01,108.89
2014-10-02,108.42
2014-10-03,109.77
2014-10-04,109.285
2014-10-05,109.285
2014-10-06,108.8
2014-10-07,108.03
2014-10-08,108.08
2014-10-09,107.84
2014-10-10,107.67
2014-10-11,107.265
2014-10-12,107.265
2014-10-13,106.86
2014-10-14,107.06
2014-10-15,105.92
2014-10-16,106.33
2014-10-17,106.88
2014-10-18,106.91499999999999
2014-10-19,106.91499999999999
2014-10-20,106.95
2014-10-21,107.0
2014-10-22,107.14
2014-10-23,108.27
2014-10-24,108.16
2014-10-25,107.985
2014-10-26,107.985
2014-10-27,107.81
2014-10-28,108.16
2014-10-29,108.89
2014-10-30,109.21
2014-10-31,112.33
2014-11-01,113.19
2014-11-02,113.19
2014-11-03,114.05
2014-11-04,113.6
2014-11-05,114.64
2014-11-06,115.21
2014-11-07,114.54
2014-11-08,114.7
2014-11-09,114.7
2014-11-10,114.86
2014-11-11,115.78
2014-11-12,115.48
2014-11-13,115.75
2014-11-14,116.28
2014-11-15,116.465
2014-11-16,116.465
2014-11-17,116.65
2014-11-18,116.87
2014-11-19,117.98
2014-11-20,118.22
2014-11-21,117.81
2014-11-22,118.045
2014-11-23,118.045
2014-11-24,118.28
2014-11-25,117.97
2014-11-26,117.73
2014-11-27,117.7
2014-11-28,118.64
2014-11-29,118.515
2014-11-30,118.515
2014-12-01,118.39
2014-12-02,119.22
2014-12-03,119.8
2014-12-04,119.78
2014-12-05,121.42
2014-12-06,121.055
2014-12-07,121.055
2014-12-08,120.69
2014-12-09,119.69
2014-12-10,117.81
2014-12-11,118.67
2014-12-12,118.8
2014-12-13,118.315
2014-12-14,118.315
2014-12-15,117.83
2014-12-16,116.41
2014-12-17,118.66
2014-12-18,118.83
2014-12-19,119.5
2014-12-20,119.78
2014-12-21,119.78
2014-12-22,120.06
2014-12-23,120.69
2014-12-24,120.5
2014-12-25,120.1
2014-12-26,120.41
2014-12-27,120.53999999999999
2014-12-28,120.53999999999999
2014-12-29,120.67
2014-12-30,119.48
2014-12-31,119.69
2015-01-01,119.79
2015-01-02,120.5
2015-01-03,120.07
2015-01-04,120.07
2015-01-05,119.64
2015-01-06,118.41
2015-01-07,119.25
2015-01-08,119.66
2015-01-09,118.53
2015-01-10,118.44
2015-01-11,118.44
2015-01-12,118.35
2015-01-13,117.93
2015-01-14,117.33
2015-01-15,116.17
2015-01-16,117.64
2015-01-17,117.60499999999999
2015-01-18,117.60499999999999
2015-01-19,117.57
2015-01-20,118.81
2015-01-21,117.95
2015-01-22,118.49
2015-01-23,117.78
2015-01-24,118.12
2015-01-25,118.12
2015-01-26,118.46
2015-01-27,117.87
2015-01-28,117.55
2015-01-29,118.29
2015-01-30,117.45
2015-01-31,117.52000000000001
2015-02-01,117.52000000000001
2015-02-02,117.59
2015-02-03,117.57
2015-02-04,117.28
2015-02-05,117.53
2015-02-06,118.98
2015-02-07,118.81
2015-02-08,118.81
2015-02-09,118.64
2015-02-10,119.43
2015-02-11,120.47
2015-02-12,119.11
2015-02-13,118.75
2015-02-14,118.61500000000001
2015-02-15,118.61500000000001
2015-02-16,118.48
2015-02-17,119.25
2015-02-18,118.79
2015-02-19,118.94
2015-02-20,119.03
2015-02-21,118.92
2015-02-22,118.92
2015-02-23,118.81
2015-02-24,118.98
2015-02-25,118.86
2015-02-26,119.42
2015-02-27,119.54
2015-02-28,119.83500000000001
2015-03-01,119.83500000000001
2015-03-02,120.13
2015-03-03,119.73
2015-03-04,119.68
2015-03-05,120.15
2015-03-06,120.84
2015-03-07,121.0
2015-03-08,121.0
2015-03-09,121.16
2015-03-10,121.14
2015-03-11,121.45
2015-03-12,121.3
2015-03-13,121.39
2015-03-14,121.36
2015-03-15,121.36
2015-03-16,121.33
2015-03-17,121.36
2015-03-18,120.11
2015-03-19,120.8
2015-03-20,120.03
2015-03-21,119.88
2015-03-22,119.88
2015-03-23,119.73
2015-03-24,119.75
2015-03-25,119.5
2015-03-26,119.2
2015-03-27,119.14
2015-03-28,119.61
2015-03-29,119.61
2015-03-30,120.08
2015-03-31,120.14
2015-04-01,119.77
2015-04-02,119.72
2015-04-03,118.97
2015-04-04,119.25
2015-04-05,119.25
2015-04-06,119.53
2015-04-07,120.28
2015-04-08,120.14
2015-04-09,120.59
2015-04-10,120.22
2015-04-11,120.18
2015-04-12,120.18
2015-04-13,120.14
2015-04-14,119.39
2015-04-15,119.15
2015-04-16,119.01
2015-04-17,118.92
2015-04-18,119.06
2015-04-19,119.06
2015-04-20,119.2
2015-04-21,119.67
2015-04-22,119.92
2015-04-23,119.58
2015-04-24,118.98
2015-04-25,119.01
2015-04-26,119.01
2015-04-27,119.04
2015-04-28,118.86
2015-04-29,119.04
2015-04-30,119.36
2015-05-01,120.17
2015-05-02,120.155
2015-05-03,120.155
2015-05-04,120.14
2015-05-05,119.85
2015-05-06,119.47
2015-05-07,119.73
2015-05-08,119.81
2015-05-09,119.945
2015-05-10,119.945
2015-05-11,120.08
2015-05-12,119.86
2015-05-13,119.16
2015-05-14,119.17
2015-05-15,119.29
2015-05-16,119.64
2015-05-17,119.64
2015-05-18,119.99
2015-05-19,120.69
2015-05-20,121.36
2015-05-21,121.04
2015-05-22,121.55
2015-05-23,121.555
2015-05-24,121.555
2015-05-25,121.56
2015-05-26,123.11
2015-05-27,123.67
2015-05-28,123.95
2015-05-29,124.14
2015-05-30,124.46000000000001
2015-05-31,124.46000000000001
2015-06-01,124.78
2015-06-02,124.11
2015-06-03,124.25
2015-06-04,124.38
2015-06-05,125.62
2015-06-06,125.05000000000001
2015-06-07,125.05000000000001
2015-06-08,124.48
2015-06-09,124.34
2015-06-10,122.67
2015-06-11,123.42
2015-06-12,123.39
2015-06-13,123.405
2015-06-14,123.405
2015-06-15,123.42
2015-06-16,123.36
2015-06-17,123.44
2015-06-18,122.97
2015-06-19,122.67
2015-06-20,123.025
2015-06-21,123.025
2015-06-22,123.38
2015-06-23,123.95
2015-06-24,123.85
2015-06-25,123.62
2015-06-26,123.86
2015-06-27,123.2
2015-06-28,123.2
2015-06-29,122.54
2015-06-30,122.5
2015-07-01,123.17
2015-07-02,123.06
2015-07-03,122.81
2015-07-04,122.695
2015-07-05,122.695
2015-07-06,122.58
2015-07-07,122.55
2015-07-08,120.7
2015-07-09,121.34
2015-07-10,122.75
2015-07-11,123.095
2015-07-12,123.095
2015-07-13,123.44
2015-07-14,123.38
2015-07-15,123.78
2015-07-16,124.16
2015-07-17,124.08
2015-07-18,124.175
2015-07-19,124.175
2015-07-20,124.27
2015-07-21,123.89
2015-07-22,123.97
2015-07-23,123.92
2015-07-24,123.82
2015-07-25,123.535
2015-07-26,123.535
2015-07-27,123.25
2015-07-28,123.56
2015-07-29,123.94
2015-07-30,124.14
2015-07-31,123.94
2015-08-01,123.985
2015-08-02,123.985
2015-08-03,124.03
2015-08-04,124.39
2015-08-05,124.9
2015-08-06,124.74
2015-08-07,124.22
2015-08-08,124.425
2015-08-09,124.425
2015-08-10,124.63
2015-08-11,125.13
2015-08-12,124.21
2015-08-13,124.42
2015-08-14,124.31
2015-08-15,124.35
2015-08-16,124.35
2015-08-17,124.39
2015-08-18,124.41
2015-08-19,123.81
2015-08-20,123.41
2015-08-21,122.03
2015-08-22,120.225
2015-08-23,120.225
2015-08-24,118.42
2015-08-25,118.88
2015-08-26,119.92
2015-08-27,121.03
2015-08-28,121.72
2015-08-29,121.47
2015-08-30,121.47
2015-08-31,121.22
2015-09-01,119.38
2015-09-02,120.33
2015-09-03,120.08
2015-09-04,119.0
2015-09-05,119.14
2015-09-06,119.14
2015-09-07,119.28
2015-09-08,119.81
2015-09-09,120.51
2015-09-10,120.61
2015-09-11,120.58
2015-09-12,120.405
2015-09-13,120.405
2015-09-14,120.23
2015-09-15,120.44
2015-09-16,120.56
2015-09-17,120.0
2015-09-18,120.0
2015-09-19,120.275
2015-09-20,120.275
2015-09-21,120.55
2015-09-22,120.15
2015-09-23,120.3
2015-09-24,120.08
2015-09-25,120.58
2015-09-26,120.25
2015-09-27,120.25
2015-09-28,119.92
2015-09-29,119.73
2015-09-30,119.86
2015-10-01,119.94
2015-10-02,119.91
2015-10-03,120.185
2015-10-04,120.185
2015-10-05,120.46
2015-10-06,120.25
2015-10-07,120.02
2015-10-08,119.94
2015-10-09,120.28
2015-10-10,120.155
2015-10-11,120.155
2015-10-12,120.03
2015-10-13,119.75
2015-10-14,118.83
2015-10-15,118.89
2015-10-16,119.44
2015-10-17,119.47
2015-10-18,119.47
2015-10-19,119.5
2015-10-20,119.84
2015-10-21,119.95
2015-10-22,120.69
2015-10-23,121.47
2015-10-24,121.28
2015-10-25,121.28
2015-10-26,121.09
2015-10-27,120.46
2015-10-28,121.09
2015-10-29,121.13
2015-10-30,120.62
2015-10-31,120.685
2015-11-01,120.685
2015-11-02,120.75
2015-11-03,121.06
2015-11-04,121.56
2015-11-05,121.75
2015-11-06,123.16
2015-11-07,123.175
2015-11-08,123.175
2015-11-09,123.19
2015-11-10,123.14
2015-11-11,122.84
2015-11-12,122.61
2015-11-13,122.64
2015-11-14,122.905
2015-11-15,122.905
2015-11-16,123.17
2015-11-17,123.45
2015-11-18,123.64
2015-11-19,122.86
2015-11-20,122.91
2015-11-21,122.875
2015-11-22,122.875
2015-11-23,122.84
2015-11-24,122.53
2015-11-25,122.72
2015-11-26,122.62
2015-11-27,122.84
2015-11-28,122.97
2015-11-29,122.97
2015-11-30,123.1
2015-12-01,122.87
2015-12-02,123.25
2015-12-03,122.61
2015-12-04,123.17
2015-12-05,123.275
2015-12-06,123.275
2015-12-07,123.38
2015-12-08,122.92
2015-12-09,121.44
2015-12-10,121.6
2015-12-11,120.86
2015-12-12,120.945
2015-12-13,120.945
2015-12-14,121.03
2015-12-15,121.68
2015-12-16,122.22
2015-12-17,122.56
2015-12-18,121.22
2015-12-19,121.205
2015-12-20,121.205
2015-12-21,121.19
2015-12-22,121.08
2015-12-23,120.93
2015-12-24,120.44
2015-12-25,120.42
2015-12-26,120.41499999999999
2015-12-27,120.41499999999999
2015-12-28,120.41
2015-12-29,120.47
2015-12-30,120.52
2015-12-31,120.32
2016-01-01,120.33
2016-01-02,119.88499999999999
2016-01-03,119.88499999999999
2016-01-04,119.44
2016-01-05,119.06
2016-01-06,118.47
2016-01-07,117.68
2016-01-08,117.45
2016-01-09,117.61
2016-01-10,117.61
2016-01-11,117.77
2016-01-12,117.64
2016-01-13,117.69
2016-01-14,118.05
2016-01-15,117.06
2016-01-16,117.2
2016-01-17,117.2
2016-01-18,117.34
2016-01-19,117.64
2016-01-20,116.94
2016-01-21,117.7
2016-01-22,118.78
2016-01-23,118.53999999999999
2016-01-24,118.53999999999999
2016-01-25,118.3
2016-01-26,118.42
2016-01-27,118.67
2016-01-28,118.83
2016-01-29,121.06
2016-01-30,121.02000000000001
2016-01-31,121.02000000000001
2016-02-01,120.98
2016-02-02,119.97
2016-02-03,117.92
2016-02-04,116.77
2016-02-05,116.9
2016-02-06,116.37
2016-02-07,116.37
2016-02-08,115.84
2016-02-09,115.11
2016-02-10,113.34
2016-02-11,112.42
2016-02-12,113.22
2016-02-13,113.9
2016-02-14,113.9
2016-02-15,114.58
2016-02-16,114.08
2016-02-17,114.11
2016-02-18,113.25
2016-02-19,112.57
2016-02-20,112.745
2016-02-21,112.745
2016-02-22,112.92
2016-02-23,112.11
2016-02-24,112.19
2016-02-25,113.0
2016-02-26,114.0
2016-02-27,113.345
2016-02-28,113.345
2016-02-29,112.69
2016-03-01,114.01
2016-03-02,113.48
2016-03-03,113.69
2016-03-04,113.76
2016-03-05,113.61500000000001
2016-03-06,113.61500000000001
2016-03-07,113.47
2016-03-08,112.61
2016-03-09,113.34
2016-03-10,113.19
2016-03-11,113.81
2016-03-12,113.82
2016-03-13,113.82
2016-03-14,113.83
2016-03-15,113.19
2016-03-16,112.59
2016-03-17,111.39
2016-03-18,111.57
2016-03-19,111.755
2016-03-20,111.755
2016-03-21,111.94
2016-03-22,112.38
2016-03-23,112.38
2016-03-24,112.91
2016-03-25,113.07
2016-03-26,113.25999999999999
2016-03-27,113.25999999999999
2016-03-28,113.45
2016-03-29,112.69
2016-03-30,112.42
2016-03-31,112.58
2016-04-01,111.67
2016-04-02,111.5
2016-04-03,111.5
2016-04-04,111.33
2016-04-05,110.33
2016-04-06,109.8
2016-04-07,108.22
2016-04-08,108.06
2016-04-09,108.0
2016-04-10,108.0
2016-04-11,107.94
2016-04-12,108.55
2016-04-13,109.34
2016-04-14,109.4
2016-04-15,108.77
2016-04-16,108.8
2016-04-17,108.8
2016-04-18,108.83
2016-04-19,109.2
2016-04-20,109.84
2016-04-21,109.45
2016-04-22,111.79
2016-04-23,111.495
2016-04-24,111.495
2016-04-25,111.2
2016-04-26,111.31
2016-04-27,111.47
2016-04-28,108.11
2016-04-29,106.36
2016-04-30,106.39
2016-05-01,106.39
2016-05-02,106.42
2016-05-03,106.61
2016-05-04,107.02
2016-05-05,107.25
2016-05-06,107.12
2016-05-07,107.725
2016-05-08,107.725
2016-05-09,108.33
2016-05-10,109.27
2016-05-11,108.42
2016-05-12,109.03
2016-05-13,108.61
2016-05-14,108.82
2016-05-15,108.82
2016-05-16,109.03
2016-05-17,109.14
2016-05-18,110.19
2016-05-19,109.97
2016-05-20,110.15
2016-05-21,109.69
2016-05-22,109.69
2016-05-23,109.23
2016-05-24,109.99
2016-05-25,110.19
2016-05-26,109.77
2016-05-27,110.23
2016-05-28,110.68
2016-05-29,110.68
2016-05-30,111.13
2016-05-31,110.71
2016-06-01,109.53
2016-06-02,108.86
2016-06-03,106.53
2016-06-04,107.045
2016-06-05,107.045
2016-06-06,107.56
2016-06-07,107.36
2016-06-08,106.98
2016-06-09,107.09
2016-06-10,106.98
2016-06-11,106.61500000000001
2016-06-12,106.61500000000001
2016-06-13,106.25
2016-06-14,106.11
2016-06-15,106.02
2016-06-16,104.25
2016-06-17,104.12
2016-06-18,104.03
2016-06-19,104.03
2016-06-20,103.94
2016-06-21,104.75
2016-06-22,104.41
2016-06-23,106.16
2016-06-24,102.23
2016-06-25,102.11500000000001
2016-06-26,102.11500000000001
2016-06-27,102.0
2016-06-28,102.76
2016-06-29,102.83
2016-06-30,103.29
2016-07-01,102.53
2016-07-02,102.545
2016-07-03,102.545
2016-07-04,102.56
2016-07-05,101.72
2016-07-06,101.33
2016-07-07,100.78
2016-07-08,100.55
2016-07-09,101.68
2016-07-10,101.68
2016-07-11,102.81
2016-07-12,104.69
2016-07-13,104.5
2016-07-14,105.34
2016-07-15,104.84
2016-07-16,105.5
2016-07-17,105.5
2016-07-18,106.16
2016-07-19,106.12
2016-07-20,106.84
2016-07-21,105.81
2016-07-22,106.08
2016-07-23,105.93
2016-07-24,105.93
2016-07-25,105.78
2016-07-26,104.66
2016-07-27,105.4
2016-07-28,105.27
2016-07-29,102.06
2016-07-30,102.225
2016-07-31,102.225
2016-08-01,102.39
2016-08-02,100.89
2016-08-03,101.23
2016-08-04,101.22
2016-08-05,101.81
2016-08-06,102.125
2016-08-07,102.125
2016-08-08,102.44
2016-08-09,101.89
2016-08-10,101.28
2016-08-11,101.95
2016-08-12,101.31
2016-08-13,101.28
2016-08-14,101.28
2016-08-15,101.25
2016-08-16,100.31
2016-08-17,100.27
2016-08-18,99.89
2016-08-19,100.22
2016-08-20,100.275
2016-08-21,100.275
2016-08-22,100.33
2016-08-23,100.25
2016-08-24,100.44
2016-08-25,100.53
2016-08-26,101.83
2016-08-27,101.875
2016-08-28,101.875
2016-08-29,101.92
2016-08-30,102.97
2016-08-31,103.42
2016-09-01,103.25
2016-09-02,103.99
2016-09-03,103.715
2016-09-04,103.715
2016-09-05,103.44
2016-09-06,102.02
2016-09-07,101.73
2016-09-08,102.5
2016-09-09,102.69
2016-09-10,102.275
2016-09-11,102.275
2016-09-12,101.86
2016-09-13,102.56
2016-09-14,102.42
2016-09-15,102.09
2016-09-16,102.3
2016-09-17,102.12
2016-09-18,102.12
2016-09-19,101.94
2016-09-20,101.71
2016-09-21,100.31
2016-09-22,100.75
2016-09-23,101.0
2016-09-24,100.66499999999999
2016-09-25,100.66499999999999
2016-09-26,100.33
2016-09-27,100.44
2016-09-28,100.67
2016-09-29,101.03
2016-09-30,101.34
2016-10-01,101.49000000000001
2016-10-02,101.49000000000001
2016-10-03,101.64
2016-10-04,102.89
2016-10-05,103.5
2016-10-06,103.94
2016-10-07,102.92
2016-10-08,103.265
2016-10-09,103.265
2016-10-10,103.61
2016-10-11,103.52
2016-10-12,104.2
2016-10-13,103.69
2016-10-14,104.19
2016-10-15,104.03999999999999
2016-10-16,104.03999999999999
2016-10-17,103.89
2016-10-18,103.86
2016-10-19,103.44
2016-10-20,103.95
2016-10-21,103.83
2016-10-22,104.00999999999999
2016-10-23,104.00999999999999
2016-10-24,104.19
2016-10-25,104.23
2016-10-26,104.47
2016-10-27,105.29
2016-10-28,104.7
2016-10-29,104.75999999999999
2016-10-30,104.75999999999999
2016-10-31,104.82
2016-11-01,104.16
2016-11-02,103.31
2016-11-03,102.98
2016-11-04,103.14
2016-11-05,103.805
2016-11-06,103.805
2016-11-07,104.47
2016-11-08,105.16
2016-11-09,105.67
2016-11-10,106.83
2016-11-11,106.68
2016-11-12,107.55000000000001
2016-11-13,107.55000000000001
2016-11-14,108.42
2016-11-15,109.17
2016-11-16,109.08
2016-11-17,110.11
2016-11-18,110.95
2016-11-19,110.89
2016-11-20,110.89
2016-11-21,110.83
2016-11-22,111.12
2016-11-23,112.52
2016-11-24,113.34
2016-11-25,113.08
2016-11-26,112.50999999999999
2016-11-27,112.50999999999999
2016-11-28,111.94
2016-11-29,112.39
2016-11-30,114.47
2016-12-01,114.09
2016-12-02,113.58
2016-12-03,113.71000000000001
2016-12-04,113.71000000000001
2016-12-05,113.84
2016-12-06,114.02
2016-12-07,113.77
2016-12-08,114.03
2016-12-09,115.4
2016-12-10,115.215
2016-12-11,115.215
2016-12-12,115.03
2016-12-13,115.19
2016-12-14,117.05
2016-12-15,118.17
2016-12-16,117.99
2016-12-17,117.535
2016-12-18,117.535
2016-12-19,117.08
2016-12-20,117.88
2016-12-21,117.55
2016-12-22,117.54
2016-12-23,117.35
2016-12-24,117.22
2016-12-25,117.22
2016-12-26,117.09
2016-12-27,117.42
2016-12-28,117.25
2016-12-29,116.55
2016-12-30,116.89
2016-12-31,117.21000000000001
2017-01-01,117.21000000000001
2017-01-02,117.53
2017-01-03,117.75
2017-01-04,117.27
2017-01-05,115.36
2017-01-06,116.92
2017-01-07,116.475
2017-01-08,116.475
2017-01-09,116.03
2017-01-10,115.77
2017-01-11,115.41
2017-01-12,114.72
2017-01-13,114.53
2017-01-14,114.36500000000001
2017-01-15,114.36500000000001
2017-01-16,114.2
2017-01-17,112.64
2017-01-18,114.67
2017-01-19,114.87
2017-01-20,114.62
2017-01-21,113.66
2017-01-22,113.66
2017-01-23,112.7
2017-01-24,113.8
2017-01-25,113.28
2017-01-26,114.53
2017-01-27,115.08
2017-01-28,114.43
2017-01-29,114.43
2017-01-30,113.78
2017-01-31,112.8
2017-02-01,113.25
2017-02-02,112.81
2017-02-03,112.7
2017-02-04,112.225
2017-02-05,112.225
2017-02-06,111.75
2017-02-07,112.39
2017-02-08,111.94
2017-02-09,113.25
2017-02-10,113.22
2017-02-11,113.485
2017-02-12,113.485
2017-02-13,113.75
2017-02-14,114.26
2017-02-15,114.17
2017-02-16,113.23
2017-02-17,112.88
2017-02-18,112.99
2017-02-19,112.99
2017-02-20,113.1
2017-02-21,113.69
2017-02-22,113.3
2017-02-23,112.59
2017-02-24,112.19
2017-02-25,112.445
2017-02-26,112.445
2017-02-27,112.7
2017-02-28,112.78
2017-03-01,113.73
2017-03-02,114.41
2017-03-03,114.02
2017-03-04,113.955
2017-03-05,113.955
2017-03-06,113.89
2017-03-07,113.98
2017-03-08,114.35
2017-03-09,114.94
2017-03-10,114.75
2017-03-11,114.815
2017-03-12,114.815
2017-03-13,114.88
2017-03-14,114.75
2017-03-15,113.38
2017-03-16,113.31
2017-03-17,112.72
2017-03-18,112.64
2017-03-19,112.64
2017-03-20,112.56
2017-03-21,111.72
2017-03-22,111.16
2017-03-23,110.94
2017-03-24,111.34
2017-03-25,111.0
2017-03-26,111.0
2017-03-27,110.66
2017-03-28,111.16
2017-03-29,111.05
2017-03-30,111.92
2017-03-31,111.39
2017-04-01,111.14
2017-04-02,111.14
2017-04-03,110.89
2017-04-04,110.75
2017-04-05,110.7
2017-04-06,110.81
2017-04-07,111.07
2017-04-08,111.005
2017-04-09,111.005
2017-04-10,110.94
2017-04-11,109.62
2017-04-12,109.03
2017-04-13,109.09
2017-04-14,108.64
2017-04-15,108.775
2017-04-16,108.775
2017-04-17,108.91
2017-04-18,108.42
2017-04-19,108.86
2017-04-20,109.32
2017-04-21,109.08
2017-04-22,109.425
2017-04-23,109.425
2017-04-24,109.77
2017-04-25,111.09
2017-04-26,111.06
2017-04-27,111.27
2017-04-28,111.55
2017-04-29,111.695
2017-04-30,111.695
2017-05-01,111.84
2017-05-02,111.98
2017-05-03,112.75
2017-05-04,112.46
2017-05-05,112.72
2017-05-06,112.985
2017-05-07,112.985
2017-05-08,113.25
2017-05-09,113.98
2017-05-10,114.28
2017-05-11,113.86
2017-05-12,113.34
2017-05-13,113.56
2017-05-14,113.56
2017-05-15,113.78
2017-05-16,113.12
2017-05-17,110.82
2017-05-18,111.5
2017-05-19,111.28
2017-05-20,111.28999999999999
2017-05-21,111.28999999999999
2017-05-22,111.3
2017-05-23,111.78
2017-05-24,111.5
2017-05-25,111.83
2017-05-26,111.34
2017-05-27,111.30000000000001
2017-05-28,111.30000000000001
2017-05-29,111.26
2017-05-30,110.85
2017-05-31,110.78
2017-06-01,111.36
2017-06-02,110.42
2017-06-03,110.445
2017-06-04,110.445
2017-06-05,110.47
2017-06-06,109.41
2017-06-07,109.81
2017-06-08,110.0
2017-06-09,110.34
2017-06-10,110.14
2017-06-11,110.14
2017-06-12,109.94
2017-06-13,110.07
2017-06-14,109.58
2017-06-15,110.94
2017-06-16,110.86
2017-06-17,111.195
2017-06-18,111.195
2017-06-19,111.53
2017-06-20,111.44
2017-06-21,111.38
2017-06-22,111.33
2017-06-23,111.29
2017-06-24,111.565
2017-06-25,111.565
2017-06-26,111.84
2017-06-27,112.36
2017-06-28,112.3
2017-06-29,112.18
2017-06-30,112.38
2017-07-01,112.88499999999999
2017-07-02,112.88499999999999
2017-07-03,113.39
2017-07-04,113.28
2017-07-05,113.27
2017-07-06,113.22
2017-07-07,113.89
2017-07-08,113.965
2017-07-09,113.965
2017-07-10,114.04
2017-07-11,113.94
2017-07-12,113.16
2017-07-13,113.28
2017-07-14,112.53
2017-07-15,112.58500000000001
2017-07-16,112.58500000000001
2017-07-17,112.64
2017-07-18,112.08
2017-07-19,111.97
2017-07-20,111.91
2017-07-21,111.12
2017-07-22,111.11500000000001
2017-07-23,111.11500000000001
2017-07-24,111.11
2017-07-25,111.89
2017-07-26,111.17
2017-07-27,111.25
2017-07-28,110.67
2017-07-29,110.46000000000001
2017-07-30,110.46000000000001
2017-07-31,110.25
2017-08-01,110.36
2017-08-02,110.73
2017-08-03,110.05
2017-08-04,110.69
2017-08-05,110.72
2017-08-06,110.72
2017-08-07,110.75
2017-08-08,110.31
2017-08-09,110.08
2017-08-10,109.22
2017-08-11,109.19
2017-08-12,109.41499999999999
2017-08-13,109.41499999999999
2017-08-14,109.64
2017-08-15,110.67
2017-08-16,110.19
2017-08-17,109.57
2017-08-18,109.19
2017-08-19,109.08500000000001
2017-08-20,109.08500000000001
2017-08-21,108.98
2017-08-22,109.57
2017-08-23,109.03
2017-08-24,109.56
2017-08-25,109.36
2017-08-26,109.305
2017-08-27,109.305
2017-08-28,109.25
2017-08-29,109.75
2017-08-30,110.23
2017-08-31,109.97
2017-09-01,110.27
2017-09-02,110.005
2017-09-03,110.005
2017-09-04,109.74
2017-09-05,108.81
2017-09-06,109.23
2017-09-07,108.45
2017-09-08,107.84
2017-09-09,108.625
2017-09-10,108.625
2017-09-11,109.41
2017-09-12,110.17
2017-09-13,110.48
2017-09-14,110.23
2017-09-15,110.84
2017-09-16,111.205
2017-09-17,111.205
2017-09-18,111.57
2017-09-19,111.59
2017-09-20,112.22
2017-09-21,112.47
2017-09-22,111.98
2017-09-23,111.855
2017-09-24,111.855
2017-09-25,111.73
2017-09-26,112.23
2017-09-27,112.83
2017-09-28,112.34
2017-09-29,112.49
2017-09-30,112.63
2017-10-01,112.63
2017-10-02,112.77
2017-10-03,112.86
2017-10-04,112.75
2017-10-05,112.82
2017-10-06,112.64
2017-10-07,112.655
2017-10-08,112.655
2017-10-09,112.67
2017-10-10,112.45
2017-10-11,112.5
2017-10-12,112.28
2017-10-13,111.86
2017-10-14,112.025
2017-10-15,112.025
2017-10-16,112.19
2017-10-17,112.2
2017-10-18,112.94
2017-10-19,112.55
2017-10-20,113.52
2017-10-21,113.47999999999999
2017-10-22,113.47999999999999
2017-10-23,113.44
2017-10-24,113.9
2017-10-25,113.75
2017-10-26,113.98
2017-10-27,113.69
2017-10-28,113.44
2017-10-29,113.44
2017-10-30,113.19
2017-10-31,113.64
2017-11-01,114.17
2017-11-02,114.09
2017-11-03,114.08
2017-11-04,113.89
2017-11-05,113.89
2017-11-06,113.7
2017-11-07,114.02
2017-11-08,113.88
2017-11-09,113.47
2017-11-10,113.53
2017-11-11,113.575
2017-11-12,113.575
2017-11-13,113.62
2017-11-14,113.45
2017-11-15,112.88
2017-11-16,113.06
2017-11-17,112.08
2017-11-18,112.35
2017-11-19,112.35
2017-11-20,112.62
2017-11-21,112.44
2017-11-22,111.22
2017-11-23,111.22
2017-11-24,111.55
2017-11-25,111.32
2017-11-26,111.32
2017-11-27,111.09
2017-11-28,111.48
2017-11-29,111.93
2017-11-30,112.53
2017-12-01,112.11
2017-12-02,112.265
2017-12-03,112.265
2017-12-04,112.42
2017-12-05,112.59
2017-12-06,112.3
2017-12-07,113.08
2017-12-08,113.48
2017-12-09,113.52000000000001
2017-12-10,113.52000000000001
2017-12-11,113.56
2017-12-12,113.55
2017-12-13,112.55
2017-12-14,112.39
2017-12-15,112.58
2017-12-16,112.565
2017-12-17,112.565
2017-12-18,112.55
2017-12-19,112.89
2017-12-20,113.39
2017-12-21,113.33
2017-12-22,113.27
2017-12-23,113.275
2017-12-24,113.275
2017-12-25,113.28
2017-12-26,113.23
2017-12-27,113.36
2017-12-28,112.89
2017-12-29,112.69
2017-12-30,112.675
2017-12-31,112.675
2018-01-01,112.66
2018-01-02,112.3
2018-01-03,112.5
2018-01-04,112.75
2018-01-05,113.08
2018-01-06,113.08500000000001
2018-01-07,113.08500000000001
2018-01-08,113.09
2018-01-09,112.66
2018-01-10,111.44
2018-01-11,111.25
2018-01-12,111.04
2018-01-13,110.79
2018-01-14,110.79
2018-01-15,110.54
2018-01-16,110.45
2018-01-17,111.28
2018-01-18,111.11
2018-01-19,110.78
2018-01-20,110.85
2018-01-21,110.85
2018-01-22,110.92
2018-01-23,110.31
2018-01-24,109.22
2018-01-25,109.41
2018-01-26,108.72
2018-01-27,108.83500000000001
2018-01-28,108.83500000000001
2018-01-29,108.95
2018-01-30,108.78
2018-01-31,109.19
2018-02-01,109.41
2018-02-02,110.11
2018-02-03,109.61
2018-02-04,109.61
2018-02-05,109.11
2018-02-06,109.56
2018-02-07,109.33
2018-02-08,108.75
2018-02-09,108.8
2018-02-10,108.72999999999999
2018-02-11,108.72999999999999
2018-02-12,108.66
2018-02-13,107.83
2018-02-14,107.02
2018-02-15,106.12
2018-02-16,106.31
2018-02-17,106.455
2018-02-18,106.455
2018-02-19,106.6
2018-02-20,107.33
2018-02-21,107.78
2018-02-22,106.75
2018-02-23,106.89
2018-02-24,106.91499999999999
2018-02-25,106.91499999999999
2018-02-26,106.94
2018-02-27,107.33
2018-02-28,106.67
2018-03-01,106.24
2018-03-02,105.75
2018-03-03,105.975
2018-03-04,105.975
2018-03-05,106.2
2018-03-06,106.12
2018-03-07,106.08
2018-03-08,106.2
2018-03-09,106.8
2018-03-10,106.61
2018-03-11,106.61
2018-03-12,106.42
2018-03-13,106.58
2018-03-14,106.33
2018-03-15,106.34
2018-03-16,106.02
2018-03-17,106.055
2018-03-18,106.055
2018-03-19,106.09
2018-03-20,106.53
2018-03-21,106.06
2018-03-22,105.28
2018-03-23,104.74
2018-03-24,105.07499999999999
2018-03-25,105.07499999999999
2018-03-26,105.41
2018-03-27,105.34
2018-03-28,106.86
2018-03-29,106.43
2018-03-30,106.28
2018-03-31,106.08500000000001
2018-04-01,106.08500000000001
2018-04-02,105.89
2018-04-03,106.61
2018-04-04,106.78
2018-04-05,107.38
2018-04-06,106.93
2018-04-07,106.85
2018-04-08,106.85
2018-04-09,106.77
2018-04-10,107.2
2018-04-11,106.8
2018-04-12,107.33
2018-04-13,107.34
2018-04-14,107.225
2018-04-15,107.225
2018-04-16,107.11
2018-04-17,107.0
2018-04-18,107.23
2018-04-19,107.38
2018-04-20,107.67
2018-04-21,108.19
2018-04-22,108.19
2018-04-23,108.71
2018-04-24,108.82
2018-04-25,109.42
2018-04-26,109.31
2018-04-27,109.05
2018-04-28,109.19
2018-04-29,109.19
2018-04-30,109.33
2018-05-01,109.86
2018-05-02,109.84
2018-05-03,109.19
2018-05-04,109.12
2018-05-05,109.105
2018-05-06,109.105
2018-05-07,109.09
2018-05-08,109.12
2018-05-09,109.75
2018-05-10,109.39
2018-05-11,109.39
2018-05-12,109.525
2018-05-13,109.525
2018-05-14,109.66
2018-05-15,110.35
2018-05-16,110.39
2018-05-17,110.77
2018-05-18,110.75
2018-05-19,110.905
2018-05-20,110.905
2018-05-21,111.06
2018-05-22,110.89
2018-05-23,110.08
2018-05-24,109.25
2018-05-25,109.39
2018-05-26,109.405
2018-05-27,109.405
2018-05-28,109.42
2018-05-29,108.77
2018-05-30,108.91
2018-05-31,108.82
2018-06-01,109.55
2018-06-02,109.68
2018-06-03,109.68
2018-06-04,109.81
2018-06-05,109.8
2018-06-06,110.17
2018-06-07,109.7
2018-06-08,109.55
2018-06-09,109.78999999999999
2018-06-10,109.78999999999999
2018-06-11,110.03
2018-06-12,110.38
2018-06-13,110.34
2018-06-14,110.63
2018-06-15,110.67
2018-06-16,110.61
2018-06-17,110.61
2018-06-18,110.55
2018-06-19,110.06
2018-06-20,110.36
2018-06-21,110.0
2018-06-22,109.97
2018-06-23,109.875
2018-06-24,109.875
2018-06-25,109.78
2018-06-26,110.06
2018-06-27,110.26
2018-06-28,110.5
2018-06-29,110.68
2018-06-30,110.785
2018-07-01,110.785
2018-07-02,110.89
2018-07-03,110.59
2018-07-04,110.47
2018-07-05,110.62
2018-07-06,110.46
2018-07-07,110.655
2018-07-08,110.655
2018-07-09,110.85
2018-07-10,111.0
2018-07-11,112.02
2018-07-12,112.56
2018-07-13,112.38
2018-07-14,112.34
2018-07-15,112.34
2018-07-16,112.3
2018-07-17,112.87
2018-07-18,112.86
2018-07-19,112.47
2018-07-20,111.41
2018-07-21,111.375
2018-07-22,111.375
2018-07-23,111.34
2018-07-24,111.2
2018-07-25,110.97
2018-07-26,111.22
2018-07-27,111.05
2018-07-28,111.06
2018-07-29,111.06
2018-07-30,111.07
2018-07-31,111.88
2018-08-01,111.72
2018-08-02,111.66
2018-08-03,111.27
2018-08-04,111.34
2018-08-05,111.34
2018-08-06,111.41
2018-08-07,111.39
2018-08-08,110.98
2018-08-09,111.08
2018-08-10,110.94
2018-08-11,110.83500000000001
2018-08-12,110.83500000000001
2018-08-13,110.73
2018-08-14,111.16
2018-08-15,110.75
2018-08-16,110.89
2018-08-17,110.5
2018-08-18,110.285
2018-08-19,110.285
2018-08-20,110.07
2018-08-21,110.31
2018-08-22,110.56
2018-08-23,111.3
2018-08-24,111.23
2018-08-25,111.155
2018-08-26,111.155
2018-08-27,111.08
2018-08-28,111.19
2018-08-29,111.67
2018-08-30,110.98
2018-08-31,111.04
2018-09-01,111.06
2018-09-02,111.06
2018-09-03,111.08
2018-09-04,111.45
2018-09-05,111.53
2018-09-06,110.75
2018-09-07,111.08
2018-09-08,111.1
2018-09-09,111.1
2018-09-10,111.12
2018-09-11,111.64
2018-09-12,111.27
2018-09-13,111.92
2018-09-14,112.06
2018-09-15,111.95
2018-09-16,111.95
2018-09-17,111.84
2018-09-18,112.36
2018-09-19,112.28
2018-09-20,112.5
2018-09-21,112.58
2018-09-22,112.695
2018-09-23,112.695
2018-09-24,112.81
2018-09-25,112.97
2018-09-26,112.73
2018-09-27,113.38
2018-09-28,113.69
2018-09-29,113.805
2018-09-30,113.805
2018-10-01,113.92
2018-10-02,113.67
2018-10-03,114.53
2018-10-04,113.92
2018-10-05,113.72
2018-10-06,113.475
2018-10-07,113.475
2018-10-08,113.23
2018-10-09,112.95
2018-10-10,112.28
2018-10-11,112.17
2018-10-12,112.2
2018-10-13,111.99000000000001
2018-10-14,111.99000000000001
2018-10-15,111.78
2018-10-16,112.25
2018-10-17,112.65
2018-10-18,112.19
2018-10-19,112.55
2018-10-20,112.69
2018-10-21,112.69
2018-10-22,112.83
2018-10-23,112.44
2018-10-24,112.26
2018-10-25,112.42
2018-10-26,111.91
2018-10-27,112.145
2018-10-28,112.145
2018-10-29,112.38
2018-10-30,113.09
2018-10-31,112.94
2018-11-01,112.72
2018-11-02,113.2
2018-11-03,113.195
2018-11-04,113.195
2018-11-05,113.19
2018-11-06,113.44
2018-11-07,113.53
2018-11-08,114.06
2018-11-09,113.83
2018-11-10,113.83
2018-11-11,113.83
2018-11-12,113.83
2018-11-13,113.81
2018-11-14,113.62
2018-11-15,113.64
2018-11-16,112.83
2018-11-17,112.695
2018-11-18,112.695
2018-11-19,112.56
2018-11-20,112.77
2018-11-21,113.06
2018-11-22,112.94
2018-11-23,112.95
2018-11-24,113.27000000000001
2018-11-25,113.27000000000001
2018-11-26,113.59
2018-11-27,113.78
2018-11-28,113.69
2018-11-29,113.48
2018-11-30,113.47
2018-12-01,113.57
2018-12-02,113.57
2018-12-03,113.67
2018-12-04,112.78
2018-12-05,113.19
2018-12-06,112.67
2018-12-07,112.73
2018-12-08,113.035
2018-12-09,113.035
2018-12-10,113.34
2018-12-11,113.39
2018-12-12,113.28
2018-12-13,113.64
2018-12-14,113.39
2018-12-15,113.11
2018-12-16,113.11
2018-12-17,112.83
2018-12-18,112.53
2018-12-19,112.48
2018-12-20,111.28
2018-12-21,111.22
2018-12-22,110.83500000000001
2018-12-23,110.83500000000001
2018-12-24,110.45
2018-12-25,110.28
2018-12-26,111.36
2018-12-27,111.0
2018-12-28,110.28
2018-12-29,109.93
2018-12-30,109.93
2018-12-31,109.58
2019-01-01,109.72
2019-01-02,108.88
2019-01-03,107.67
2019-01-04,108.53
2019-01-05,108.625
2019-01-06,108.625
2019-01-07,108.72
2019-01-08,108.75
2019-01-09,108.17
2019-01-10,108.42
2019-01-11,108.55
2019-01-12,108.36
2019-01-13,108.36
2019-01-14,108.17
2019-01-15,108.67
2019-01-16,109.09
2019-01-17,109.24
2019-01-18,109.78
2019-01-19,109.725
2019-01-20,109.725
2019-01-21,109.67
2019-01-22,109.38
2019-01-23,109.6
2019-01-24,109.64
2019-01-25,109.55
2019-01-26,109.455
2019-01-27,109.455
2019-01-28,109.36
2019-01-29,109.39
2019-01-30,109.03
2019-01-31,108.88
2019-02-01,109.5
2019-02-02,109.695
2019-02-03,109.695
2019-02-04,109.89
2019-02-05,109.97
2019-02-06,109.97
2019-02-07,109.81
2019-02-08,109.73
2019-02-09,110.055
2019-02-10,110.055
2019-02-11,110.38
2019-02-12,110.48
2019-02-13,111.0
2019-02-14,110.48
2019-02-15,110.5
2019-02-16,110.56
2019-02-17,110.56
2019-02-18,110.62
2019-02-19,110.62
2019-02-20,110.86
2019-02-21,110.7
2019-02-22,110.69
2019-02-23,110.875
2019-02-24,110.875
2019-02-25,111.06
2019-02-26,110.58
2019-02-27,111.0
2019-02-28,111.39
2019-03-01,111.92
2019-03-02,111.83500000000001
2019-03-03,111.83500000000001
2019-03-04,111.75
2019-03-05,111.89
2019-03-06,111.77
2019-03-07,111.59
2019-03-08,111.17
2019-03-09,111.185
2019-03-10,111.185
2019-03-11,111.2
2019-03-12,111.36
2019-03-13,111.17
2019-03-14,111.72
2019-03-15,111.47
2019-03-16,111.445
2019-03-17,111.445
2019-03-18,111.42
2019-03-19,111.39
2019-03-20,110.69
2019-03-21,110.81
2019-03-22,109.92
2019-03-23,109.945
2019-03-24,109.945
2019-03-25,109.97
2019-03-26,110.64
2019-03-27,110.52
2019-03-28,110.64
2019-03-29,110.84
2019-03-30,111.09
2019-03-31,111.09
2019-04-01,111.34
2019-04-02,111.31
2019-04-03,111.47
2019-04-04,111.65
2019-04-05,111.73
2019-04-06,111.6
2019-04-07,111.6
2019-04-08,111.47
2019-04-09,111.12
2019-04-10,111.0
2019-04-11,111.65
2019-04-12,112.02
2019-04-13,112.025
2019-04-14,112.025
2019-04-15,112.03
2019-04-16,111.99
2019-04-17,112.05
2019-04-18,111.96
2019-04-19,111.91
2019-04-20,111.92
2019-04-21,111.92
2019-04-22,111.93
2019-04-23,111.86
2019-04-24,112.17
2019-04-25,111.62
2019-04-26,111.58
2019-04-27,111.60499999999999
2019-04-28,111.60499999999999
2019-04-29,111.63
2019-04-30,111.41
2019-05-01,111.37
2019-05-02,111.5
2019-05-03,111.09
2019-05-04,110.92500000000001
2019-05-05,110.92500000000001
2019-05-06,110.76
2019-05-07,110.24
2019-05-08,110.1
2019-05-09,109.75
2019-05-10,109.94
2019-05-11,109.62
2019-05-12,109.62
2019-05-13,109.3
2019-05-14,109.59
2019-05-15,109.58
2019-05-16,109.84
2019-05-17,110.07
2019-05-18,110.06
2019-05-19,110.06
2019-05-20,110.05
2019-05-21,110.49
2019-05-22,110.34
2019-05-23,109.59
2019-05-24,109.29
2019-05-25,109.39500000000001
2019-05-26,109.39500000000001
2019-05-27,109.5
2019-05-28,109.36
2019-05-29,109.58
2019-05-30,109.6
2019-05-31,108.26
2019-06-01,108.16
2019-06-02,108.16
2019-06-03,108.06
2019-06-04,108.14
2019-06-05,108.45
2019-06-06,108.4
2019-06-07,108.18
2019-06-08,108.305
2019-06-09,108.305
2019-06-10,108.43
2019-06-11,108.5
2019-06-12,108.49
2019-06-13,108.37
2019-06-14,108.55
2019-06-15,108.55
2019-06-16,108.55
2019-06-17,108.55
2019-06-18,108.44
2019-06-19,108.09
2019-06-20,107.29
2019-06-21,107.3
2019-06-22,107.28999999999999
2019-06-23,107.28999999999999
2019-06-24,107.28
2019-06-25,107.17
2019-06-26,107.77
2019-06-27,107.78
2019-06-28,107.88
2019-06-29,108.155
2019-06-30,108.155
2019-07-01,108.43
2019-07-02,107.88
2019-07-03,107.82
2019-07-04,107.79
2019-07-05,108.45
2019-07-06,108.58
2019-07-07,108.58
2019-07-08,108.71
2019-07-09,108.84
2019-07-10,108.46
2019-07-11,108.48
2019-07-12,107.89
2019-07-13,107.89500000000001
2019-07-14,107.89500000000001
2019-07-15,107.9
2019-07-16,108.22
2019-07-17,107.94
2019-07-18,107.29
2019-07-19,107.7
2019-07-20,107.78
2019-07-21,107.78
2019-07-22,107.86
2019-07-23,108.21
2019-07-24,108.17
2019-07-25,108.62
2019-07-26,108.66
2019-07-27,108.715
2019-07-28,108.715
2019-07-29,108.77
2019-07-30,108.59
2019-07-31,108.74
2019-08-01,107.33
2019-08-02,106.58
2019-08-03,106.25999999999999
2019-08-04,106.25999999999999
2019-08-05,105.94
2019-08-06,106.47
2019-08-07,106.26
2019-08-08,106.06
2019-08-09,105.66
2019-08-10,105.475
2019-08-11,105.475
2019-08-12,105.29
2019-08-13,106.73
2019-08-14,105.89
2019-08-15,106.11
2019-08-16,106.36
2019-08-17,106.49000000000001
2019-08-18,106.49000000000001
2019-08-19,106.62
2019-08-20,106.22
2019-08-21,106.61
2019-08-22,106.42
2019-08-23,105.39
2019-08-24,105.755
2019-08-25,105.755
2019-08-26,106.12
2019-08-27,105.72
2019-08-28,106.11
2019-08-29,106.5
2019-08-30,106.29
2019-08-31,106.25
2019-09-01,106.25
2019-09-02,106.21
2019-09-03,105.92
2019-09-04,106.38
2019-09-05,106.92
2019-09-06,106.9
2019-09-07,107.065
2019-09-08,107.065
2019-09-09,107.23
2019-09-10,107.53
2019-09-11,107.81
2019-09-12,108.09
2019-09-13,108.07
2019-09-14,108.095
2019-09-15,108.095
2019-09-16,108.12
2019-09-17,108.12
2019-09-18,108.44
2019-09-19,108.0
2019-09-20,107.55
2019-09-21,107.545
2019-09-22,107.545
2019-09-23,107.54
2019-09-24,107.05
2019-09-25,107.76
2019-09-26,107.82
2019-09-27,107.92
2019-09-28,107.99000000000001
2019-09-29,107.99000000000001
2019-09-30,108.06
2019-10-01,107.74
2019-10-02,107.17
2019-10-03,106.9
2019-10-04,106.93
2019-10-05,107.105
2019-10-06,107.105
2019-10-07,107.28
2019-10-08,107.07
2019-10-09,107.46
2019-10-10,107.96
2019-10-11,108.4
2019-10-12,108.39
2019-10-13,108.39
2019-10-14,108.38
2019-10-15,108.84
2019-10-16,108.75
2019-10-17,108.65
2019-10-18,108.42
2019-10-19,108.505
2019-10-20,108.505
2019-10-21,108.59
2019-10-22,108.47
2019-10-23,108.68
2019-10-24,108.61
2019-10-25,108.64
2019-10-26,108.78999999999999
2019-10-27,108.78999999999999
2019-10-28,108.94
2019-10-29,108.87
2019-10-30,108.83
2019-10-31,108.02
2019-11-01,108.17
2019-11-02,108.36500000000001
2019-11-03,108.36500000000001
2019-11-04,108.56
2019-11-05,109.15
2019-11-06,108.96
2019-11-07,109.27
2019-11-08,109.27
2019-11-09,109.155
2019-11-10,109.155
2019-11-11,109.04
2019-11-12,109.0
2019-11-13,108.81
2019-11-14,108.39
2019-11-15,108.73
2019-11-16,108.695
2019-11-17,108.695
2019-11-18,108.66
2019-11-19,108.53
2019-11-20,108.6
2019-11-21,108.63
2019-11-22,108.64
2019-11-23,108.77000000000001
2019-11-24,108.77000000000001
2019-11-25,108.9
2019-11-26,109.03
2019-11-27,109.55
2019-11-28,109.5
2019-11-29,109.51
2019-11-30,109.245
2019-12-01,109.245
2019-12-02,108.98
2019-12-03,108.62
2019-12-04,108.85
2019-12-05,108.75
2019-12-06,108.59
2019-12-07,108.57
2019-12-08,108.57
2019-12-09,108.55
2019-12-10,108.7
2019-12-11,108.54
2019-12-12,109.29
2019-12-13,109.36
2019-12-14,109.425
2019-12-15,109.425
2019-12-16,109.49
2019-12-17,109.47
2019-12-18,109.53
2019-12-19,109.37
2019-12-20,109.44
2019-12-21,109.41499999999999
2019-12-22,109.41499999999999
2019-12-23,109.39
2019-12-24,109.39
2019-12-25,109.35
2019-12-26,109.63
2019-12-27,109.41
2019-12-28,109.13499999999999
2019-12-29,109.13499999999999
2019-12-30,108.86
2019-12-31,108.61
2020-01-01,108.7
2020-01-02,108.57
2020-01-03,108.08
2020-01-04,108.22
2020-01-05,108.22
2020-01-06,108.36
2020-01-07,108.42
2020-01-08,109.12
2020-01-09,109.51
2020-01-10,109.46
2020-01-11,109.695
2020-01-12,109.695
2020-01-13,109.93
2020-01-14,109.97
2020-01-15,109.88
2020-01-16,110.14
2020-01-17,110.14
2020-01-18,110.16
2020-01-19,110.16
2020-01-20,110.18
2020-01-21,109.86
2020-01-22,109.83
2020-01-23,109.48
2020-01-24,109.27
2020-01-25,109.08
2020-01-26,109.08
2020-01-27,108.89
2020-01-28,109.13
2020-01-29,108.99
2020-01-30,108.95
2020-01-31,108.38
2020-02-01,108.525
2020-02-02,108.525
2020-02-03,108.67
2020-02-04,109.51
2020-02-05,109.8
2020-02-06,109.99
2020-02-07,109.72
2020-02-08,109.72999999999999
2020-02-09,109.72999999999999
2020-02-10,109.74
2020-02-11,109.77
2020-02-12,110.08
2020-02-13,109.81
2020-02-14,109.74
2020-02-15,109.81
2020-02-16,109.81
2020-02-17,109.88
2020-02-18,109.86
2020-02-19,111.35
2020-02-20,112.11
2020-02-21,111.57
2020-02-22,111.13999999999999
2020-02-23,111.13999999999999
2020-02-24,110.71
2020-02-25,110.18
2020-02-26,110.42
2020-02-27,109.58
2020-02-28,108.07
2020-02-29,108.1275
2020-03-01,108.185
2020-03-02,108.3
2020-03-03,107.12
2020-03-04,107.52
2020-03-05,106.16
2020-03-06,105.3
2020-03-07,103.82
2020-03-08,103.82
2020-03-09,102.34
2020-03-10,105.63
2020-03-11,104.53
2020-03-12,104.63
2020-03-13,107.91
2020-03-14,106.88
2020-03-15,106.88
2020-03-16,105.85
2020-03-17,107.67
2020-03-18,108.06
2020-03-19,110.69
2020-03-20,110.8
2020-03-21,111.0
2020-03-22,111.0
2020-03-23,111.2
2020-03-24,111.21
2020-03-25,111.19
2020-03-26,109.58
2020-03-27,107.89
2020-03-28,107.85
2020-03-29,107.85
2020-03-30,107.81
2020-03-31,107.53
2020-04-01,107.15
2020-04-02,107.9
2020-04-03,108.45
2020-04-04,108.825
2020-04-05,108.825
2020-04-06,109.2
2020-04-07,108.7
2020-04-08,108.81
2020-04-09,108.46
2020-04-10,108.46
2020-04-11,108.11
2020-04-12,108.11
2020-04-13,107.76
2020-04-14,107.2
2020-04-15,107.47
2020-04-16,107.94
2020-04-17,107.51
2020-04-18,107.56
2020-04-19,107.56
2020-04-20,107.61
2020-04-21,107.76
2020-04-22,107.72
2020-04-23,107.58
2020-04-24,107.5
2020-04-25,107.36
2020-04-26,107.36
2020-04-27,107.22
2020-04-28,106.86
2020-04-29,106.7
2020-04-30,107.17
2020-05-01,106.93
2020-05-02,106.83000000000001
2020-05-03,106.83000000000001
2020-05-04,106.73
2020-05-05,106.58
2020-05-06,106.14
2020-05-07,106.27
2020-05-08,106.65
2020-05-09,107.155
2020-05-10,107.155
2020-05-11,107.66
2020-05-12,107.13
2020-05-13,107.02
2020-05-14,107.24
2020-05-15,107.02
2020-05-16,107.175
2020-05-17,107.175
2020-05-18,107.33
2020-05-19,107.68
2020-05-20,107.51
2020-05-21,107.61
2020-05-22,107.61
2020-05-23,107.65
2020-05-24,107.65
2020-05-25,107.69
2020-05-26,107.52
2020-05-27,107.71
2020-05-28,107.63
2020-05-29,107.77
2020-05-30,107.675
2020-05-31,107.675
2020-06-01,107.58
2020-06-02,108.66
2020-06-03,108.89
2020-06-04,109.13
2020-06-05,109.58
2020-06-06,109.0
2020-06-07,109.0
2020-06-08,108.42
2020-06-09,107.72
2020-06-10,107.09
2020-06-11,106.85
2020-06-12,107.34
2020-06-13,107.325
2020-06-14,107.325
2020-06-15,107.31
2020-06-16,107.32
2020-06-17,107.0
2020-06-18,106.96
2020-06-19,106.87
2020-06-20,106.87
2020-06-21,106.87
2020-06-22,106.87
2020-06-23,106.51
2020-06-24,107.02
2020-06-25,107.19
2020-06-26,107.21
2020-06-27,107.38499999999999
2020-06-28,107.38499999999999
2020-06-29,107.56
2020-06-30,107.92
2020-07-01,107.46
2020-07-02,107.48
2020-07-03,107.5
2020-07-04,107.425
2020-07-05,107.425
2020-07-06,107.35
2020-07-07,107.51
2020-07-08,107.25
2020-07-09,107.19
2020-07-10,106.89
2020-07-11,107.075
2020-07-12,107.075
2020-07-13,107.26
2020-07-14,107.23
2020-07-15,106.92
2020-07-16,107.26
2020-07-17,106.99
2020-07-18,107.115
2020-07-19,107.115
2020-07-20,107.24
2020-07-21,106.76
2020-07-22,107.14
2020-07-23,106.85
2020-07-24,106.12
2020-07-25,105.745
2020-07-26,105.745
2020-07-27,105.37
2020-07-28,105.08
2020-07-29,104.91
2020-07-30,104.72
2020-07-31,105.88
2020-08-01,105.91
2020-08-02,105.91
2020-08-03,105.94
2020-08-04,105.7
2020-08-05,105.57
2020-08-06,105.54
2020-08-07,105.91
2020-08-08,105.93
2020-08-09,105.93
2020-08-10,105.95
2020-08-11,106.48
2020-08-12,106.89
2020-08-13,106.92
2020-08-14,106.59
2020-08-15,106.28999999999999
2020-08-16,106.28999999999999
2020-08-17,105.99
2020-08-18,105.42
2020-08-19,106.1
2020-08-20,105.79
2020-08-21,105.78
2020-08-22,105.875
2020-08-23,105.875
2020-08-24,105.97
2020-08-25,106.36
2020-08-26,105.98
2020-08-27,106.55
2020-08-28,105.34
2020-08-29,105.61500000000001
2020-08-30,105.61500000000001
2020-08-31,105.89
2020-09-01,105.95
2020-09-02,106.18
2020-09-03,106.17
2020-09-04,106.23
2020-09-05,106.24000000000001
2020-09-06,106.24000000000001
2020-09-07,106.25
2020-09-08,106.01
2020-09-09,106.17
2020-09-10,106.13
2020-09-11,106.14
2020-09-12,105.93
2020-09-13,105.93
2020-09-14,105.72
2020-09-15,105.43
2020-09-16,104.94
2020-09-17,104.73
2020-09-18,104.55
2020-09-19,104.595
2020-09-20,104.595
2020-09-21,104.64
2020-09-22,104.91
2020-09-23,105.37
2020-09-24,105.4
2020-09-25,105.6
2020-09-26,105.54499999999999
2020-09-27,105.54499999999999
2020-09-28,105.49
2020-09-29,105.64
2020-09-30,105.45
2020-10-01,105.5
2020-10-02,105.33
2020-10-03,105.525
2020-10-04,105.525
2020-10-05,105.72
2020-10-06,105.62
2020-10-07,105.96
2020-10-08,106.01
2020-10-09,105.59
2020-10-10,105.445
2020-10-11,105.445
2020-10-12,105.3
2020-10-13,105.47
2020-10-14,105.15
2020-10-15,105.44
2020-10-16,105.4
2020-10-17,105.41
2020-10-18,105.41
2020-10-19,105.42
2020-10-20,105.49
2020-10-21,104.56
2020-10-22,104.82
2020-10-23,104.69
2020-10-24,104.755
2020-10-25,104.755
2020-10-26,104.82
2020-10-27,104.4
2020-10-28,104.29
2020-10-29,104.61
2020-10-30,104.64
2020-10-31,104.675
2020-11-01,104.675
2020-11-02,104.71
2020-11-03,104.46
2020-11-04,104.48
2020-11-05,103.47
2020-11-06,103.33
2020-11-07,104.345
2020-11-08,104.345
2020-11-09,105.36
2020-11-10,105.28
2020-11-11,105.42
2020-11-12,105.12
2020-11-13,104.62
2020-11-14,104.59
2020-11-15,104.59
2020-11-16,104.56
2020-11-17,104.17
2020-11-18,103.83
2020-11-19,103.72
2020-11-20,103.85
2020-11-21,104.195
2020-11-22,104.195
2020-11-23,104.54
2020-11-24,104.43
2020-11-25,104.45
2020-11-26,104.25
2020-11-27,104.1
2020-11-28,104.185
2020-11-29,104.185
2020-11-30,104.27
2020-12-01,104.3
2020-12-02,104.4
2020-12-03,103.83
2020-12-04,104.14
2020-12-05,104.1
2020-12-06,104.1
2020-12-07,104.06
2020-12-08,104.15
2020-12-09,104.21
2020-12-10,104.2
2020-12-11,104.01
2020-12-12,104.02000000000001
2020-12-13,104.02000000000001
2020-12-14,104.03
2020-12-15,103.66
2020-12-16,103.48
2020-12-17,103.1
2020-12-18,103.31
2020-12-19,103.305
2020-12-20,103.305
2020-12-21,103.3
2020-12-22,103.63
2020-12-23,103.55
2020-12-24,103.63
2020-12-25,103.48
2020-12-26,103.63
2020-12-27,103.63
2020-12-28,103.78
2020-12-29,103.56
2020-12-30,103.17
2020-12-31,103.24
2021-01-01,103.2
2021-01-02,103.15
2021-01-03,103.15
2021-01-04,103.1
2021-01-05,102.72
2021-01-06,103.04
2021-01-07,103.8
2021-01-08,103.93
2021-01-09,104.08500000000001
2021-01-10,104.08500000000001
2021-01-11,104.24
2021-01-12,103.75
2021-01-13,103.85
2021-01-14,103.79
2021-01-15,103.87
2021-01-16,103.78
2021-01-17,103.78
2021-01-18,103.69
2021-01-19,103.89
2021-01-20,103.52
2021-01-21,103.48
2021-01-22,103.77
2021-01-23,103.75
2021-01-24,103.75
2021-01-25,103.73
2021-01-26,103.6
2021-01-27,104.09
2021-01-28,104.21
2021-01-29,104.68
2021-01-30,104.795
2021-01-31,104.795
2021-02-01,104.91
2021-02-02,104.97
2021-02-03,105.01
2021-02-04,105.54
2021-02-05,105.36
2021-02-06,105.28999999999999
2021-02-07,105.28999999999999
2021-02-08,105.22
2021-02-09,104.57
2021-02-10,104.57
2021-02-11,104.72
2021-02-12,104.93
2021-02-13,105.14500000000001
2021-02-14,105.14500000000001
2021-02-15,105.36
2021-02-16,106.04
2021-02-17,105.85
2021-02-18,105.66
2021-02-19,105.43
2021-02-20,105.245
2021-02-21,105.245
2021-02-22,105.06
2021-02-23,105.24
2021-02-24,105.86
2021-02-25,106.21
2021-02-26,106.58
2021-02-27,106.66499999999999
2021-02-28,106.66499999999999
2021-03-01,106.75
2021-03-02,106.67
2021-03-03,106.99
2021-03-04,107.97
2021-03-05,108.34
2021-03-06,108.6
2021-03-07,108.6
2021-03-08,108.86
2021-03-09,108.46
2021-03-10,108.38
2021-03-11,108.49
2021-03-12,109.0
2021-03-13,109.06
2021-03-14,109.06
2021-03-15,109.12
2021-03-16,108.98
2021-03-17,108.83
2021-03-18,108.88
2021-03-19,108.87
2021-03-20,108.85
2021-03-21,108.85
2021-03-22,108.83
2021-03-23,108.56
2021-03-24,108.72
2021-03-25,109.17
2021-03-26,109.64
2021-03-27,109.71000000000001
2021-03-28,109.71000000000001
2021-03-29,109.78
2021-03-30,110.34
2021-03-31,110.7
2021-04-01,110.6
2021-04-02,110.71
2021-04-03,110.44
2021-04-04,110.44
2021-04-05,110.17
2021-04-06,109.74
2021-04-07,109.84
2021-04-08,109.24
2021-04-09,109.65
2021-04-10,109.51
2021-04-11,109.51
2021-04-12,109.37
2021-04-13,109.05
2021-04-14,108.91
2021-04-15,108.74
2021-04-16,108.77
2021-04-17,108.46000000000001
2021-04-18,108.46000000000001
2021-04-19,108.15
2021-04-20,108.08
2021-04-21,108.05
2021-04-22,107.96
2021-04-23,107.91
2021-04-24,107.995
2021-04-25,107.995
2021-04-26,108.08
2021-04-27,108.68
2021-04-28,108.59
2021-04-29,108.91
2021-04-30,109.27
2021-05-01,109.16499999999999
2021-05-02,109.16499999999999
2021-05-03,109.06
2021-05-04,109.33
2021-05-05,109.18
2021-05-06,109.08
2021-05-07,108.6
2021-05-08,108.69
2021-05-09,108.69
2021-05-10,108.78
2021-05-11,108.61
2021-05-12,109.65
2021-05-13,109.45
2021-05-14,109.34
2021-05-15,109.265
2021-05-16,109.265
2021-05-17,109.19
2021-05-18,108.88
2021-05-19,109.21
2021-05-20,108.75
2021-05-21,108.94
2021-05-22,108.84
2021-05-23,108.84
2021-05-24,108.74
2021-05-25,108.76
2021-05-26,109.14
2021-05-27,109.8
2021-05-28,109.81
2021-05-29,109.67500000000001
2021-05-30,109.67500000000001
2021-05-31,109.54
2021-06-01,109.45
2021-06-02,109.54
2021-06-03,110.28
2021-06-04,109.49
2021-06-05,109.365
2021-06-06,109.365
2021-06-07,109.24
2021-06-08,109.49
2021-06-09,109.61
2021-06-10,109.31
2021-06-11,109.65
2021-06-12,109.855
2021-06-13,109.855
2021-06-14,110.06
2021-06-15,110.07
2021-06-16,110.69
2021-06-17,110.2
2021-06-18,110.19
2021-06-19,110.245
2021-06-20,110.245
2021-06-21,110.3
2021-06-22,110.64
2021-06-23,110.94
2021-06-24,110.86
2021-06-25,110.77
2021-06-26,110.695
2021-06-27,110.695
2021-06-28,110.62
2021-06-29,110.5
2021-06-30,111.1
2021-07-01,111.5
2021-07-02,111.04
2021-07-03,111.0
2021-07-04,111.0
2021-07-05,110.96
2021-07-06,110.6
2021-07-07,110.65
2021-07-08,109.79
2021-07-09,110.14
2021-07-10,110.245
2021-07-11,110.245
2021-07-12,110.35
2021-07-13,110.61
2021-07-14,109.99
2021-07-15,109.86
2021-07-16,110.08
2021-07-17,109.75999999999999
2021-07-18,109.75999999999999
2021-07-19,109.44
2021-07-20,109.84
2021-07-21,110.27
2021-07-22,110.14
2021-07-23,110.54
2021-07-24,110.44
2021-07-25,110.44
2021-07-26,110.34
2021-07-27,109.76
2021-07-28,109.9
2021-07-29,109.46
2021-07-30,109.7
2021-07-31,109.49000000000001
2021-08-01,109.49000000000001
2021-08-02,109.28
2021-08-03,109.04
2021-08-04,109.47
2021-08-05,109.74
2021-08-06,110.25
2021-08-07,110.265
2021-08-08,110.265
2021-08-09,110.28
2021-08-10,110.56
2021-08-11,110.4
2021-08-12,110.38
2021-08-13,109.57
2021-08-14,109.4
2021-08-15,109.4
2021-08-16,109.23
2021-08-17,109.57
2021-08-18,109.74
2021-08-19,109.72
2021-08-20,109.8
2021-08-21,109.74000000000001
2021-08-22,109.74000000000001
2021-08-23,109.68
2021-08-24,109.62
2021-08-25,109.99
2021-08-26,110.07
2021-08-27,109.82
2021-08-28,109.87
2021-08-29,109.87
2021-08-30,109.92
2021-08-31,110.02
2021-09-01,109.99
2021-09-02,109.92
2021-09-03,109.73
2021-09-04,109.78
2021-09-05,109.78
2021-09-06,109.83
2021-09-07,110.27
2021-09-08,110.23
2021-09-09,109.7
2021-09-10,109.93
2021-09-11,109.95500000000001
2021-09-12,109.95500000000001
2021-09-13,109.98
2021-09-14,109.67
2021-09-15,109.36
2021-09-16,109.7
2021-09-17,109.96
2021-09-18,109.675
2021-09-19,109.675
2021-09-20,109.39
2021-09-21,109.21
2021-09-22,109.78
2021-09-23,110.3
2021-09-24,110.72
2021-09-25,110.86
2021-09-26,110.86
2021-09-27,111.0
2021-09-28,111.5
2021-09-29,111.96
2021-09-30,111.27
2021-10-01,111.05
2021-10-02,110.96000000000001
2021-10-03,110.96000000000001
2021-10-04,110.87
2021-10-05,111.45
2021-10-06,111.41
2021-10-07,111.59
2021-10-08,112.22
2021-10-09,112.75999999999999
2021-10-10,112.75999999999999
2021-10-11,113.3
2021-10-12,113.6
2021-10-13,113.23
2021-10-14,113.66
2021-10-15,114.2
2021-10-16,114.255
2021-10-17,114.255
2021-10-18,114.31
2021-10-19,114.36
2021-10-20,114.26
2021-10-21,113.97
2021-10-22,113.46
2021-10-23,113.58
2021-10-24,113.58
2021-10-25,113.7
2021-10-26,114.14
2021-10-27,113.81
2021-10-28,113.56
2021-10-29,114.0
2021-10-30,113.99000000000001
2021-10-31,113.99000000000001
2021-11-01,113.98
2021-11-02,113.95
2021-11-03,113.98
2021-11-04,113.75
2021-11-05,113.4
2021-11-06,113.31
2021-11-07,113.31
2021-11-08,113.22
2021-11-09,112.85
2021-11-10,113.9
2021-11-11,114.05
2021-11-12,113.85
2021-11-13,113.985
2021-11-14,113.985
2021-11-15,114.12
2021-11-16,114.82
2021-11-17,114.07
2021-11-18,114.24
2021-11-19,113.98
2021-11-20,114.42
2021-11-21,114.42
2021-11-22,114.86
2021-11-23,115.12
2021-11-24,115.41
2021-11-25,115.35
2021-11-26,113.31
2021-11-27,113.41499999999999
2021-11-28,113.41499999999999
2021-11-29,113.52
2021-11-30,113.13
2021-12-01,112.75
2021-12-02,113.15
2021-12-03,112.8
2021-12-04,113.13
2021-12-05,113.13
2021-12-06,113.46
2021-12-07,113.57
2021-12-08,113.66
2021-12-09,113.44
2021-12-10,113.38
2021-12-11,113.47
2021-12-12,113.47
2021-12-13,113.56
2021-12-14,113.71
2021-12-15,114.02
2021-12-16,113.7
2021-12-17,113.67
2021-12-18,113.625
2021-12-19,113.625
2021-12-20,113.58
2021-12-21,114.08
2021-12-22,114.11
2021-12-23,114.37
2021-12-24,114.41
2021-12-25,114.62
2021-12-26,114.62
2021-12-27,114.83
2021-12-28,114.81
2021-12-29,114.94
2021-12-30,115.06
2021-12-31,115.08
2022-01-01,115.19999999999999
2022-01-02,115.19999999999999
2022-01-03,115.32
2022-01-04,116.14
2022-01-05,116.1
2022-01-06,115.82
2022-01-07,115.55
2022-01-08,115.375
2022-01-09,115.375
2022-01-10,115.2
2022-01-11,115.28
2022-01-12,114.63
2022-01-13,114.17
2022-01-14,114.2
2022-01-15,114.4
2022-01-16,114.4
2022-01-17,114.6
2022-01-18,114.61
2022-01-19,114.32
2022-01-20,114.09
2022-01-21,113.68
2022-01-22,113.80000000000001
2022-01-23,113.80000000000001
2022-01-24,113.92
2022-01-25,113.86
2022-01-26,114.63
2022-01-27,115.34
2022-01-28,115.24
2022-01-29,115.16999999999999
2022-01-30,115.16999999999999
2022-01-31,115.1
2022-02-01,114.71
2022-02-02,114.44
2022-02-03,114.95
2022-02-04,115.2
2022-02-05,115.16
2022-02-06,115.16
2022-02-07,115.12
2022-02-08,115.54
2022-02-09,115.49
2022-02-10,116.0
2022-02-11,115.41
2022-02-12,115.47
2022-02-13,115.47
2022-02-14,115.53
2022-02-15,115.62
2022-02-16,115.46
2022-02-17,114.93
2022-02-18,115.0
2022-02-19,114.87
2022-02-20,114.87
2022-02-21,114.74
2022-02-22,115.08
2022-02-23,114.97
2022-02-24,115.52
2022-02-25,115.56
2022-02-26,115.275
2022-02-27,115.275
2022-02-28,114.99
2022-03-01,114.89
2022-03-02,115.5
2022-03-03,115.46
2022-03-04,114.78
2022-03-05,115.035
2022-03-06,115.035
2022-03-07,115.29
2022-03-08,115.66
2022-03-09,115.82
2022-03-10,116.13
2022-03-11,117.28
2022-03-12,117.73
2022-03-13,117.73
2022-03-14,118.18
2022-03-15,118.28
2022-03-16,118.72
2022-03-17,118.59
2022-03-18,119.17
2022-03-19,119.32
2022-03-20,119.32
2022-03-21,119.47
2022-03-22,120.8
2022-03-23,121.15
2022-03-24,122.33
2022-03-25,122.06
2022-03-26,122.985
2022-03-27,122.985
2022-03-28,123.91
2022-03-29,122.84
2022-03-30,121.8
2022-03-31,121.66
2022-04-01,122.49
2022-04-02,122.63499999999999
2022-04-03,122.63499999999999
2022-04-04,122.78
2022-04-05,123.6
2022-04-06,123.79
2022-04-07,123.92
2022-04-08,124.32
2022-04-09,124.835
2022-04-10,124.835
2022-04-11,125.35
2022-04-12,125.35
2022-04-13,125.66
2022-04-14,125.86
2022-04-15,126.35
2022-04-16,126.66
2022-04-17,126.66
2022-04-18,126.97
2022-04-19,128.9
2022-04-20,127.88
2022-04-21,128.39
2022-04-22,128.56
2022-04-23,128.17000000000002
2022-04-24,128.17000000000002
2022-04-25,127.78
2022-04-26,127.22
2022-04-27,128.42
2022-04-28,130.79
2022-04-29,129.83
2022-04-30,129.985
